sample,total_seconds,phase,phase_seconds,weapon_pos,right_hand,left_hand,right_ik,left_ik,right_target_error,left_target_error,dominant_error,support_error,right_guidance,left_guidance,right_ik_active,left_ik_active
1,0.0000,0,0.0000,"(-0.12591 0.76687 0.12620)","(-0.09673 0.90537 0.19229)","(0.10223 0.86523 -0.14452)","(-0.10375 0.85963 0.19992)","(0.21271 0.85458 -0.04148)",0.046906,0.151448,0.168874,0.699928,true,false,false,false
2,0.0000,1,0.0000,"(-0.12591 0.76687 0.12620)","(0.01591 0.92662 0.25038)","(0.11042 0.86111 -0.13463)","(0.02302 0.87224 0.27067)","(0.21271 0.85458 -0.04148)",0.058478,0.138505,0.221362,0.688451,true,false,false,false
3,0.0167,1,0.0167,"(-0.12591 0.76687 0.12620)","(-0.09925 0.90513 0.19123)","(0.10485 0.86390 -0.14147)","(-0.10651 0.85945 0.19868)","(0.21271 0.85458 -0.04148)",0.046854,0.147374,0.169600,0.696366,true,false,false,false
4,0.0333,1,0.0333,"(-0.12591 0.76687 0.12620)","(-0.09516 0.90547 0.19270)","(0.10310 0.86482 -0.14366)","(-0.10202 0.85967 0.20042)","(0.21271 0.85458 -0.04148)",0.046950,0.150199,0.168282,0.698904,true,false,false,false
5,0.0500,1,0.0500,"(-0.12591 0.76687 0.12620)","(-0.09303 0.90574 0.19379)","(0.10236 0.86522 -0.14459)","(-0.09968 0.85989 0.20168)","(0.21271 0.85458 -0.04148)",0.046997,0.151391,0.167898,0.699986,true,false,false,false
6,0.0667,1,0.0667,"(-0.12591 0.76687 0.12620)","(-0.09681 0.90524 0.19178)","(0.10231 0.86525 -0.14466)","(-0.10384 0.85947 0.19936)","(0.21271 0.85458 -0.04148)",0.046921,0.151484,0.168546,0.700072,true,false,false,false
7,0.0833,1,0.0833,"(-0.12591 0.76687 0.12620)","(-0.10369 0.90436 0.18810)","(0.10228 0.86526 -0.14469)","(-0.11142 0.85870 0.19510)","(0.21271 0.85458 -0.04148)",0.046828,0.151523,0.170004,0.700109,true,false,false,false
8,0.1000,1,0.1000,"(-0.12591 0.76687 0.12620)","(-0.10382 0.90433 0.18798)","(0.10228 0.86527 -0.14469)","(-0.11156 0.85867 0.19497)","(0.21271 0.85458 -0.04148)",0.046829,0.151527,0.169992,0.700112,true,false,false,false
9,0.1167,1,0.1167,"(-0.12591 0.76687 0.12620)","(-0.10437 0.90427 0.18773)","(0.10228 0.86527 -0.14469)","(-0.11217 0.85863 0.19468)","(0.21271 0.85458 -0.04148)",0.046823,0.151527,0.170169,0.700113,true,false,false,false
10,0.1333,1,0.1333,"(-0.12591 0.76687 0.12620)","(-0.10402 0.90430 0.18787)","(0.10228 0.86527 -0.14469)","(-0.11178 0.85865 0.19484)","(0.21271 0.85458 -0.04148)",0.046827,0.151527,0.170041,0.700113,true,false,false,false
11,0.1500,1,0.1500,"(-0.12591 0.76687 0.12620)","(-0.10341 0.90439 0.18825)","(0.10228 0.86527 -0.14469)","(-0.11110 0.85874 0.19528)","(0.21271 0.85458 -0.04148)",0.046831,0.151527,0.169935,0.700113,true,false,false,false
12,0.1667,1,0.1667,"(-0.12591 0.76687 0.12620)","(-0.10330 0.90441 0.18831)","(0.10228 0.86527 -0.14469)","(-0.11099 0.85875 0.19534)","(0.21271 0.85458 -0.04148)",0.046832,0.151527,0.169910,0.700113,true,false,false,false
13,0.1833,1,0.1833,"(-0.12591 0.76687 0.12620)","(-0.10352 0.90438 0.18819)","(0.10228 0.86527 -0.14469)","(-0.11123 0.85872 0.19520)","(0.21271 0.85458 -0.04148)",0.046830,0.151527,0.169963,0.700113,true,false,false,false
14,0.2000,1,0.2000,"(-0.12591 0.76687 0.12620)","(-0.10368 0.90436 0.18810)","(0.10228 0.86527 -0.14469)","(-0.11141 0.85870 0.19511)","(0.21271 0.85458 -0.04148)",0.046828,0.151527,0.170001,0.700113,true,false,false,false
15,0.2167,1,0.2167,"(-0.12591 0.76687 0.12620)","(-0.10324 0.90440 0.18829)","(0.10228 0.86527 -0.14469)","(-0.11092 0.85874 0.19532)","(0.21271 0.85458 -0.04148)",0.046834,0.151527,0.169853,0.700113,true,false,false,false
16,0.2333,1,0.2333,"(-0.12591 0.76687 0.12620)","(-0.10325 0.90441 0.18833)","(0.10228 0.86527 -0.14469)","(-0.11093 0.85875 0.19537)","(0.21271 0.85458 -0.04148)",0.046833,0.151527,0.169897,0.700113,true,false,false,false
17,0.2500,1,0.2500,"(-0.12591 0.76687 0.12620)","(-0.10325 0.90441 0.18833)","(0.10228 0.86527 -0.14469)","(-0.11093 0.85875 0.19537)","(0.21271 0.85458 -0.04148)",0.046833,0.151527,0.169898,0.700113,true,false,false,false
18,0.2667,1,0.2667,"(-0.12591 0.76687 0.12620)","(-0.10325 0.90441 0.18833)","(0.10228 0.86527 -0.14469)","(-0.11093 0.85875 0.19537)","(0.21271 0.85458 -0.04148)",0.046833,0.151527,0.169898,0.700113,true,false,false,false
19,0.2833,1,0.2833,"(-0.12591 0.76687 0.12620)","(-0.10325 0.90441 0.18833)","(0.10228 0.86527 -0.14469)","(-0.11093 0.85875 0.19537)","(0.21271 0.85458 -0.04148)",0.046833,0.151527,0.169898,0.700113,true,false,false,false
20,0.3000,1,0.3000,"(-0.12591 0.76687 0.12620)","(-0.10325 0.90441 0.18833)","(0.10228 0.86527 -0.14469)","(-0.11093 0.85875 0.19537)","(0.21271 0.85458 -0.04148)",0.046833,0.151527,0.169898,0.700113,true,false,false,false
21,0.3167,1,0.3167,"(-0.12591 0.76687 0.12620)","(-0.10325 0.90441 0.18833)","(0.10228 0.86527 -0.14469)","(-0.11093 0.85875 0.19537)","(0.21271 0.85458 -0.04148)",0.046833,0.151527,0.169898,0.700113,true,false,false,false
22,0.3333,1,0.3333,"(-0.12591 0.76687 0.12620)","(-0.10325 0.90441 0.18833)","(0.10228 0.86527 -0.14469)","(-0.11093 0.85875 0.19537)","(0.21271 0.85458 -0.04148)",0.046833,0.151527,0.169898,0.700113,true,false,false,false
23,0.3500,1,0.3500,"(-0.12591 0.76687 0.12620)","(-0.10325 0.90441 0.18833)","(0.10228 0.86527 -0.14469)","(-0.11093 0.85875 0.19537)","(0.21271 0.85458 -0.04148)",0.046833,0.151527,0.169898,0.700113,true,false,false,false
24,0.3667,1,0.3667,"(-0.12591 0.76687 0.12620)","(-0.10325 0.90441 0.18833)","(0.10228 0.86527 -0.14469)","(-0.11093 0.85875 0.19537)","(0.21271 0.85458 -0.04148)",0.046833,0.151527,0.169898,0.700113,true,false,false,false
25,0.3833,1,0.3833,"(-0.12591 0.76687 0.12620)","(-0.10325 0.90441 0.18833)","(0.10228 0.86527 -0.14469)","(-0.11093 0.85875 0.19537)","(0.21271 0.85458 -0.04148)",0.046833,0.151527,0.169898,0.700113,true,false,false,false
26,0.4000,1,0.4000,"(-0.12591 0.76687 0.12620)","(-0.10325 0.90441 0.18833)","(0.10228 0.86527 -0.14469)","(-0.11093 0.85875 0.19537)","(0.21271 0.85458 -0.04148)",0.046833,0.151527,0.169898,0.700113,true,false,false,false
27,0.4167,1,0.4167,"(-0.12591 0.76687 0.12620)","(-0.10325 0.90441 0.18833)","(0.10228 0.86527 -0.14469)","(-0.11093 0.85875 0.19537)","(0.21271 0.85458 -0.04148)",0.046833,0.151527,0.169898,0.700113,true,false,false,false
28,0.4333,1,0.4333,"(-0.12591 0.76687 0.12620)","(-0.10325 0.90441 0.18833)","(0.10228 0.86527 -0.14469)","(-0.11093 0.85875 0.19537)","(0.21271 0.85458 -0.04148)",0.046833,0.151527,0.169898,0.700113,true,false,false,false
29,0.4500,1,0.4500,"(-0.12591 0.76687 0.12620)","(-0.10325 0.90441 0.18833)","(0.10228 0.86527 -0.14469)","(-0.11093 0.85875 0.19537)","(0.21271 0.85458 -0.04148)",0.046833,0.151527,0.169898,0.700113,true,false,false,false
30,0.4667,1,0.4667,"(-0.12591 0.76687 0.12620)","(-0.10325 0.90441 0.18833)","(0.10228 0.86527 -0.14469)","(-0.11093 0.85875 0.19537)","(0.21271 0.85458 -0.04148)",0.046833,0.151527,0.169898,0.700113,true,false,false,false
31,0.4833,1,0.4833,"(-0.12591 0.76687 0.12620)","(-0.10325 0.90441 0.18833)","(0.10228 0.86527 -0.14469)","(-0.11093 0.85875 0.19537)","(0.21271 0.85458 -0.04148)",0.046833,0.151527,0.169898,0.700113,true,false,false,false
32,0.5000,1,0.5000,"(-0.12591 0.76687 0.12620)","(-0.10325 0.90441 0.18833)","(0.10228 0.86527 -0.14469)","(-0.11093 0.85875 0.19537)","(0.21271 0.85458 -0.04148)",0.046833,0.151527,0.169898,0.700113,true,false,false,false
33,0.5167,1,0.5167,"(-0.12591 0.76687 0.12620)","(-0.10325 0.90441 0.18833)","(0.10228 0.86527 -0.14469)","(-0.11093 0.85875 0.19537)","(0.21271 0.85458 -0.04148)",0.046833,0.151527,0.169898,0.700113,true,false,false,false
34,0.5333,1,0.5333,"(-0.12591 0.76687 0.12620)","(-0.10325 0.90441 0.18833)","(0.10228 0.86527 -0.14469)","(-0.11093 0.85875 0.19537)","(0.21271 0.85458 -0.04148)",0.046833,0.151527,0.169898,0.700113,true,false,false,false
35,0.5500,1,0.5500,"(-0.12591 0.76687 0.12620)","(-0.10325 0.90441 0.18833)","(0.10228 0.86527 -0.14469)","(-0.11093 0.85875 0.19537)","(0.21271 0.85458 -0.04148)",0.046833,0.151527,0.169898,0.700113,true,false,false,false
36,0.5667,1,0.5667,"(-0.12591 0.76687 0.12620)","(-0.10325 0.90441 0.18833)","(0.10228 0.86527 -0.14469)","(-0.11093 0.85875 0.19537)","(0.21271 0.85458 -0.04148)",0.046833,0.151527,0.169898,0.700113,true,false,false,false
37,0.5833,1,0.5833,"(-0.12591 0.76687 0.12620)","(-0.10325 0.90441 0.18833)","(0.10228 0.86527 -0.14469)","(-0.11093 0.85875 0.19537)","(0.21271 0.85458 -0.04148)",0.046833,0.151527,0.169898,0.700113,true,false,false,false
38,0.6000,1,0.6000,"(-0.12591 0.76687 0.12620)","(-0.10325 0.90441 0.18833)","(0.10228 0.86527 -0.14469)","(-0.11093 0.85875 0.19537)","(0.21271 0.85458 -0.04148)",0.046833,0.151527,0.169898,0.700113,true,false,false,false
39,0.6167,1,0.6167,"(-0.12591 0.76687 0.12620)","(-0.10325 0.90441 0.18833)","(0.10228 0.86527 -0.14469)","(-0.11093 0.85875 0.19537)","(0.21271 0.85458 -0.04148)",0.046833,0.151527,0.169898,0.700113,true,false,false,false
40,0.6333,1,0.6333,"(-0.12591 0.76687 0.12620)","(-0.10325 0.90441 0.18833)","(0.10228 0.86527 -0.14469)","(-0.11093 0.85875 0.19537)","(0.21271 0.85458 -0.04148)",0.046833,0.151527,0.169898,0.700113,true,false,false,false
41,0.6500,1,0.6500,"(-0.12591 0.76687 0.12620)","(-0.10325 0.90441 0.18833)","(0.10228 0.86527 -0.14469)","(-0.11093 0.85875 0.19537)","(0.21271 0.85458 -0.04148)",0.046833,0.151527,0.169898,0.700113,true,false,false,false
42,0.6667,1,0.6667,"(-0.12591 0.76687 0.12620)","(-0.10325 0.90441 0.18833)","(0.10228 0.86527 -0.14469)","(-0.11093 0.85875 0.19537)","(0.21271 0.85458 -0.04148)",0.046833,0.151527,0.169898,0.700113,true,false,false,false
43,0.6833,1,0.6833,"(-0.12591 0.76687 0.12620)","(-0.10302 0.90444 0.18846)","(0.10228 0.86527 -0.14469)","(-0.11068 0.85878 0.19551)","(0.21271 0.85458 -0.04148)",0.046835,0.151527,0.169846,0.700113,true,false,false,false
44,0.7000,1,0.7000,"(-0.12591 0.76687 0.12620)","(-0.09659 0.90527 0.19190)","(0.10228 0.86527 -0.14469)","(-0.10359 0.85949 0.19949)","(0.21271 0.85458 -0.04148)",0.046925,0.151527,0.168497,0.700113,true,false,false,false
45,0.7167,1,0.7167,"(-0.12591 0.76687 0.12620)","(-0.09588 0.90536 0.19228)","(0.10228 0.86527 -0.14469)","(-0.10282 0.85957 0.19993)","(0.21271 0.85458 -0.04148)",0.046938,0.151527,0.168374,0.700113,true,false,false,false
46,0.7333,1,0.7333,"(-0.12591 0.76687 0.12620)","(-0.09448 0.90555 0.19303)","(0.10228 0.86527 -0.14469)","(-0.10127 0.85973 0.20079)","(0.21271 0.85458 -0.04148)",0.046965,0.151527,0.168135,0.700113,true,false,false,false
47,0.7500,1,0.7500,"(-0.12591 0.76687 0.12620)","(-0.09528 0.90544 0.19260)","(0.10228 0.86527 -0.14469)","(-0.10216 0.85964 0.20030)","(0.21271 0.85458 -0.04148)",0.046949,0.151527,0.168272,0.700113,true,false,false,false
48,0.7667,1,0.7667,"(-0.12591 0.76687 0.12620)","(-0.09634 0.90530 0.19203)","(0.10228 0.86527 -0.14469)","(-0.10332 0.85952 0.19965)","(0.21271 0.85458 -0.04148)",0.046929,0.151527,0.168459,0.700113,true,false,false,false
49,0.7833,1,0.7833,"(-0.12591 0.76687 0.12620)","(-0.09922 0.90493 0.19050)","(0.10228 0.86527 -0.14469)","(-0.10649 0.85920 0.19787)","(0.21271 0.85458 -0.04148)",0.046882,0.151527,0.169013,0.700113,true,false,false,false
50,0.8000,1,0.8000,"(-0.12591 0.76687 0.12620)","(-0.10053 0.90476 0.18979)","(0.10228 0.86527 -0.14469)","(-0.10793 0.85906 0.19706)","(0.21271 0.85458 -0.04148)",0.046864,0.151527,0.169285,0.700113,true,false,false,false
51,0.8167,1,0.8167,"(-0.12591 0.76687 0.12620)","(-0.10053 0.90476 0.18979)","(0.10228 0.86527 -0.14469)","(-0.10793 0.85906 0.19706)","(0.21271 0.85458 -0.04148)",0.046864,0.151527,0.169284,0.700113,true,false,false,false
52,0.8333,1,0.8333,"(-0.12591 0.76687 0.12620)","(-0.10053 0.90476 0.18979)","(0.10228 0.86527 -0.14469)","(-0.10793 0.85906 0.19706)","(0.21271 0.85458 -0.04148)",0.046864,0.151527,0.169284,0.700113,true,false,false,false
53,0.8500,1,0.8500,"(-0.12591 0.76687 0.12620)","(-0.10053 0.90476 0.18979)","(0.10228 0.86527 -0.14469)","(-0.10793 0.85906 0.19706)","(0.21271 0.85458 -0.04148)",0.046864,0.151527,0.169284,0.700113,true,false,false,false
54,0.8667,1,0.8667,"(-0.12591 0.76687 0.12620)","(-0.09803 0.90508 0.19113)","(0.10228 0.86527 -0.14469)","(-0.10518 0.85933 0.19860)","(0.21271 0.85458 -0.04148)",0.046900,0.151527,0.168771,0.700113,true,false,false,false
55,0.8833,1,0.8833,"(-0.12591 0.76687 0.12620)","(-0.10046 0.90477 0.18983)","(0.10228 0.86527 -0.14469)","(-0.10786 0.85906 0.19710)","(0.21271 0.85458 -0.04148)",0.046864,0.151527,0.169272,0.700113,true,false,false,false
56,0.9000,1,0.9000,"(-0.12591 0.76687 0.12620)","(-0.10053 0.90476 0.18979)","(0.10228 0.86527 -0.14469)","(-0.10793 0.85906 0.19706)","(0.21271 0.85458 -0.04148)",0.046864,0.151527,0.169284,0.700113,true,false,false,false
57,0.9167,1,0.9167,"(-0.12591 0.76687 0.12620)","(-0.10053 0.90476 0.18979)","(0.10228 0.86527 -0.14469)","(-0.10793 0.85906 0.19706)","(0.21271 0.85458 -0.04148)",0.046864,0.151527,0.169284,0.700113,true,false,false,false
58,0.9333,1,0.9333,"(-0.12591 0.76687 0.12620)","(-0.10053 0.90476 0.18979)","(0.10228 0.86527 -0.14469)","(-0.10793 0.85906 0.19706)","(0.21271 0.85458 -0.04148)",0.046864,0.151527,0.169284,0.700113,true,false,false,false
59,0.9500,1,0.9500,"(-0.12591 0.76687 0.12620)","(-0.10053 0.90476 0.18979)","(0.10228 0.86527 -0.14469)","(-0.10793 0.85906 0.19706)","(0.21271 0.85458 -0.04148)",0.046864,0.151527,0.169284,0.700113,true,false,false,false
60,0.9667,1,0.9667,"(-0.12591 0.76687 0.12620)","(-0.10053 0.90476 0.18979)","(0.10228 0.86527 -0.14469)","(-0.10793 0.85906 0.19706)","(0.21271 0.85458 -0.04148)",0.046864,0.151527,0.169284,0.700113,true,false,false,false
61,0.9833,1,0.9833,"(-0.12591 0.76687 0.12620)","(-0.10053 0.90476 0.18979)","(0.10228 0.86527 -0.14469)","(-0.10793 0.85906 0.19706)","(0.21271 0.85458 -0.04148)",0.046864,0.151527,0.169284,0.700113,true,false,false,false
62,1.0000,1,1.0000,"(-0.12591 0.76687 0.12620)","(-0.09803 0.90508 0.19113)","(0.10228 0.86527 -0.14469)","(-0.10518 0.85933 0.19860)","(0.21271 0.85458 -0.04148)",0.046900,0.151527,0.168771,0.700113,true,false,false,false
63,1.0167,1,1.0167,"(-0.12591 0.76687 0.12620)","(-0.09599 0.90535 0.19222)","(0.10228 0.86527 -0.14469)","(-0.10293 0.85956 0.19986)","(0.21271 0.85458 -0.04148)",0.046936,0.151527,0.168392,0.700113,true,false,false,false
64,1.0333,1,1.0333,"(-0.12591 0.76687 0.12620)","(-0.09803 0.90508 0.19113)","(0.10228 0.86527 -0.14469)","(-0.10518 0.85933 0.19860)","(0.21271 0.85458 -0.04148)",0.046900,0.151527,0.168775,0.700113,true,false,false,false
65,1.0500,1,1.0500,"(-0.12591 0.76687 0.12620)","(-0.09803 0.90508 0.19113)","(0.10228 0.86527 -0.14469)","(-0.10518 0.85933 0.19860)","(0.21271 0.85458 -0.04148)",0.046900,0.151527,0.168774,0.700113,true,false,false,false
66,1.0667,1,1.0667,"(-0.12591 0.76687 0.12620)","(-0.09803 0.90508 0.19113)","(0.10228 0.86527 -0.14469)","(-0.10518 0.85933 0.19860)","(0.21271 0.85458 -0.04148)",0.046900,0.151527,0.168774,0.700113,true,false,false,false
67,1.0833,1,1.0833,"(-0.12591 0.76687 0.12620)","(-0.09803 0.90508 0.19113)","(0.10228 0.86527 -0.14469)","(-0.10518 0.85933 0.19860)","(0.21271 0.85458 -0.04148)",0.046900,0.151527,0.168774,0.700113,true,false,false,false
68,1.1000,1,1.1000,"(-0.12591 0.76687 0.12620)","(-0.09803 0.90508 0.19113)","(0.10228 0.86527 -0.14469)","(-0.10518 0.85933 0.19860)","(0.21271 0.85458 -0.04148)",0.046900,0.151527,0.168774,0.700113,true,false,false,false
69,1.1167,1,1.1167,"(-0.12591 0.76687 0.12620)","(-0.09803 0.90508 0.19113)","(0.10228 0.86527 -0.14469)","(-0.10518 0.85933 0.19860)","(0.21271 0.85458 -0.04148)",0.046900,0.151527,0.168774,0.700113,true,false,false,false
70,1.1333,1,1.1333,"(-0.12591 0.76687 0.12620)","(-0.09803 0.90508 0.19113)","(0.10228 0.86527 -0.14469)","(-0.10518 0.85933 0.19860)","(0.21271 0.85458 -0.04148)",0.046900,0.151527,0.168774,0.700113,true,false,false,false
71,1.1500,1,1.1500,"(-0.12591 0.76687 0.12620)","(-0.09803 0.90508 0.19113)","(0.10228 0.86527 -0.14469)","(-0.10518 0.85933 0.19860)","(0.21271 0.85458 -0.04148)",0.046900,0.151527,0.168774,0.700113,true,false,false,false
72,1.1667,1,1.1667,"(-0.12591 0.76687 0.12620)","(-0.10020 0.90480 0.18997)","(0.10228 0.86527 -0.14469)","(-0.10757 0.85909 0.19726)","(0.21271 0.85458 -0.04148)",0.046868,0.151527,0.169216,0.700113,true,false,false,false
73,1.1833,1,1.1833,"(-0.12591 0.76687 0.12620)","(-0.10053 0.90476 0.18979)","(0.10228 0.86527 -0.14469)","(-0.10793 0.85906 0.19706)","(0.21271 0.85458 -0.04148)",0.046864,0.151527,0.169284,0.700113,true,false,false,false
74,1.2000,1,1.2000,"(-0.12591 0.76687 0.12620)","(-0.10053 0.90476 0.18979)","(0.10228 0.86527 -0.14469)","(-0.10793 0.85906 0.19706)","(0.21271 0.85458 -0.04148)",0.046864,0.151527,0.169284,0.700113,true,false,false,false
75,1.2167,1,1.2167,"(-0.12591 0.76687 0.12620)","(-0.10053 0.90476 0.18979)","(0.10228 0.86527 -0.14469)","(-0.10793 0.85906 0.19706)","(0.21271 0.85458 -0.04148)",0.046864,0.151527,0.169284,0.700113,true,false,false,false
76,1.2333,1,1.2333,"(-0.12591 0.76687 0.12620)","(-0.10053 0.90476 0.18979)","(0.10228 0.86527 -0.14469)","(-0.10793 0.85906 0.19706)","(0.21271 0.85458 -0.04148)",0.046864,0.151527,0.169284,0.700113,true,false,false,false
77,1.2500,1,1.2500,"(-0.12591 0.76687 0.12620)","(-0.10053 0.90476 0.18979)","(0.10228 0.86527 -0.14469)","(-0.10793 0.85906 0.19706)","(0.21271 0.85458 -0.04148)",0.046864,0.151527,0.169284,0.700113,true,false,false,false
78,1.2667,1,1.2667,"(-0.12591 0.76687 0.12620)","(-0.10053 0.90476 0.18979)","(0.10228 0.86527 -0.14469)","(-0.10793 0.85906 0.19706)","(0.21271 0.85458 -0.04148)",0.046864,0.151527,0.169284,0.700113,true,false,false,false
79,1.2833,1,1.2833,"(-0.12591 0.76687 0.12620)","(-0.10053 0.90476 0.18979)","(0.10228 0.86527 -0.14469)","(-0.10793 0.85906 0.19706)","(0.21271 0.85458 -0.04148)",0.046864,0.151527,0.169284,0.700113,true,false,false,false
80,1.3000,1,1.3000,"(-0.12591 0.76687 0.12620)","(-0.10397 0.90432 0.18795)","(0.10228 0.86527 -0.14469)","(-0.11172 0.85867 0.19493)","(0.21271 0.85458 -0.04148)",0.046826,0.151527,0.170071,0.700113,true,false,false,false
81,1.3167,1,1.3167,"(-0.12591 0.76687 0.12620)","(-0.10392 0.90431 0.18792)","(0.10228 0.86527 -0.14469)","(-0.11167 0.85866 0.19490)","(0.21271 0.85458 -0.04148)",0.046828,0.151527,0.170018,0.700113,true,false,false,false
82,1.3333,1,1.3333,"(-0.12591 0.76687 0.12620)","(-0.10385 0.90434 0.18801)","(0.10228 0.86527 -0.14469)","(-0.11159 0.85869 0.19500)","(0.21271 0.85458 -0.04148)",0.046827,0.151527,0.170041,0.700113,true,false,false,false
83,1.3500,1,1.3500,"(-0.12591 0.76687 0.12620)","(-0.10412 0.90429 0.18781)","(0.10228 0.86527 -0.14469)","(-0.11189 0.85864 0.19478)","(0.21271 0.85458 -0.04148)",0.046826,0.151527,0.170066,0.700113,true,false,false,false
84,1.3667,1,1.3667,"(-0.12591 0.76687 0.12620)","(-0.10302 0.90444 0.18845)","(0.10228 0.86527 -0.14469)","(-0.11068 0.85878 0.19551)","(0.21271 0.85458 -0.04148)",0.046835,0.151527,0.169844,0.700113,true,false,false,false
85,1.3833,1,1.3833,"(-0.12591 0.76687 0.12620)","(-0.10302 0.90444 0.18845)","(0.10228 0.86527 -0.14469)","(-0.11068 0.85878 0.19551)","(0.21271 0.85458 -0.04148)",0.046835,0.151527,0.169844,0.700113,true,false,false,false
86,1.4000,1,1.4000,"(-0.12591 0.76687 0.12620)","(-0.10052 0.90476 0.18979)","(0.10228 0.86527 -0.14469)","(-0.10793 0.85906 0.19706)","(0.21271 0.85458 -0.04148)",0.046864,0.151527,0.169282,0.700113,true,false,false,false
87,1.4167,1,1.4167,"(-0.12591 0.76687 0.12620)","(-0.10053 0.90476 0.18979)","(0.10228 0.86527 -0.14469)","(-0.10793 0.85906 0.19706)","(0.21271 0.85458 -0.04148)",0.046864,0.151527,0.169284,0.700113,true,false,false,false
88,1.4333,1,1.4333,"(-0.12591 0.76687 0.12620)","(-0.09844 0.90503 0.19091)","(0.10228 0.86527 -0.14469)","(-0.10563 0.85929 0.19835)","(0.21271 0.85458 -0.04148)",0.046894,0.151527,0.168852,0.700113,true,false,false,false
89,1.4500,1,1.4500,"(-0.12591 0.76687 0.12620)","(-0.09474 0.90551 0.19289)","(0.10228 0.86527 -0.14469)","(-0.10155 0.85970 0.20063)","(0.21271 0.85458 -0.04148)",0.046961,0.151527,0.168175,0.700113,true,false,false,false
90,1.4667,1,1.4667,"(-0.12591 0.76687 0.12620)","(-0.09674 0.90525 0.19182)","(0.10228 0.86527 -0.14469)","(-0.10376 0.85948 0.19940)","(0.21271 0.85458 -0.04148)",0.046922,0.151527,0.168532,0.700113,true,false,false,false
91,1.4833,1,1.4833,"(-0.12591 0.76687 0.12620)","(-0.09499 0.90548 0.19276)","(0.10228 0.86527 -0.14469)","(-0.10183 0.85967 0.20048)","(0.21271 0.85458 -0.04148)",0.046955,0.151527,0.168219,0.700113,true,false,false,false
92,1.5000,1,1.5000,"(-0.12591 0.76687 0.12620)","(-0.09707 0.90521 0.19164)","(0.10228 0.86527 -0.14469)","(-0.10413 0.85944 0.19919)","(0.21271 0.85458 -0.04148)",0.046916,0.151527,0.168593,0.700113,true,false,false,false
93,1.5167,1,1.5167,"(-0.12591 0.76687 0.12620)","(-0.09803 0.90508 0.19113)","(0.10228 0.86527 -0.14469)","(-0.10518 0.85933 0.19860)","(0.21271 0.85458 -0.04148)",0.046900,0.151527,0.168775,0.700113,true,false,false,false
94,1.5333,1,1.5333,"(-0.12591 0.76687 0.12620)","(-0.09803 0.90508 0.19113)","(0.10228 0.86527 -0.14469)","(-0.10518 0.85933 0.19860)","(0.21271 0.85458 -0.04148)",0.046900,0.151527,0.168774,0.700113,true,false,false,false
95,1.5500,1,1.5500,"(-0.12591 0.76687 0.12620)","(-0.09803 0.90508 0.19113)","(0.10228 0.86527 -0.14469)","(-0.10518 0.85933 0.19860)","(0.21271 0.85458 -0.04148)",0.046900,0.151527,0.168774,0.700113,true,false,false,false
96,1.5667,1,1.5667,"(-0.12591 0.76687 0.12620)","(-0.09803 0.90508 0.19113)","(0.10228 0.86527 -0.14469)","(-0.10518 0.85933 0.19860)","(0.21271 0.85458 -0.04148)",0.046900,0.151527,0.168774,0.700113,true,false,false,false
97,1.5833,1,1.5833,"(-0.12591 0.76687 0.12620)","(-0.10053 0.90476 0.18979)","(0.10228 0.86527 -0.14469)","(-0.10793 0.85906 0.19706)","(0.21271 0.85458 -0.04148)",0.046863,0.151527,0.169286,0.700113,true,false,false,false
98,1.6000,1,1.6000,"(-0.12591 0.76687 0.12620)","(-0.10053 0.90476 0.18979)","(0.10228 0.86527 -0.14469)","(-0.10793 0.85906 0.19706)","(0.21271 0.85458 -0.04148)",0.046864,0.151527,0.169284,0.700113,true,false,false,false
99,1.6167,1,1.6167,"(-0.12591 0.76687 0.12620)","(-0.10053 0.90476 0.18979)","(0.10228 0.86527 -0.14469)","(-0.10793 0.85906 0.19706)","(0.21271 0.85458 -0.04148)",0.046864,0.151527,0.169284,0.700113,true,false,false,false
100,1.6333,1,1.6333,"(-0.12591 0.76687 0.12620)","(-0.10053 0.90476 0.18979)","(0.10228 0.86527 -0.14469)","(-0.10793 0.85906 0.19706)","(0.21271 0.85458 -0.04148)",0.046864,0.151527,0.169284,0.700113,true,false,false,false
101,1.6500,1,1.6500,"(-0.12591 0.76687 0.12620)","(-0.10053 0.90476 0.18979)","(0.10228 0.86527 -0.14469)","(-0.10793 0.85906 0.19706)","(0.21271 0.85458 -0.04148)",0.046864,0.151527,0.169284,0.700113,true,false,false,false
102,1.6667,1,1.6667,"(-0.12591 0.76687 0.12620)","(-0.10053 0.90476 0.18979)","(0.10228 0.86527 -0.14469)","(-0.10793 0.85906 0.19706)","(0.21271 0.85458 -0.04148)",0.046864,0.151527,0.169284,0.700113,true,false,false,false
103,1.6833,1,1.6833,"(-0.12591 0.76687 0.12620)","(-0.10393 0.90433 0.18797)","(0.10228 0.86527 -0.14469)","(-0.11168 0.85868 0.19496)","(0.21271 0.85458 -0.04148)",0.046826,0.151527,0.170061,0.700113,true,false,false,false
104,1.7000,1,1.7000,"(-0.12591 0.76687 0.12620)","(-0.10366 0.90435 0.18806)","(0.10228 0.86527 -0.14469)","(-0.11138 0.85869 0.19506)","(0.21271 0.85458 -0.04148)",0.046830,0.151527,0.169954,0.700113,true,false,false,false
105,1.7167,1,1.7167,"(-0.12591 0.76687 0.12620)","(-0.10435 0.90427 0.18775)","(0.10228 0.86527 -0.14469)","(-0.11214 0.85863 0.19470)","(0.21271 0.85458 -0.04148)",0.046823,0.151527,0.170162,0.700113,true,false,false,false
106,1.7333,1,1.7333,"(-0.12591 0.76687 0.12620)","(-0.10300 0.90443 0.18842)","(0.10228 0.86527 -0.14469)","(-0.11065 0.85876 0.19547)","(0.21271 0.85458 -0.04148)",0.046837,0.151527,0.169796,0.700113,true,false,false,false
107,1.7500,1,1.7500,"(-0.12591 0.76687 0.12620)","(-0.10302 0.90444 0.18845)","(0.10228 0.86527 -0.14469)","(-0.11068 0.85878 0.19551)","(0.21271 0.85458 -0.04148)",0.046835,0.151527,0.169844,0.700113,true,false,false,false
108,1.7667,1,1.7667,"(-0.12591 0.76687 0.12620)","(-0.10302 0.90444 0.18846)","(0.10228 0.86527 -0.14469)","(-0.11068 0.85878 0.19551)","(0.21271 0.85458 -0.04148)",0.046835,0.151527,0.169844,0.700113,true,false,false,false
109,1.7833,1,1.7833,"(-0.12591 0.76687 0.12620)","(-0.10302 0.90444 0.18845)","(0.10228 0.86527 -0.14469)","(-0.11068 0.85878 0.19551)","(0.21271 0.85458 -0.04148)",0.046835,0.151527,0.169844,0.700113,true,false,false,false
110,1.8000,1,1.8000,"(-0.12591 0.76687 0.12620)","(-0.10302 0.90444 0.18845)","(0.10228 0.86527 -0.14469)","(-0.11068 0.85878 0.19551)","(0.21271 0.85458 -0.04148)",0.046835,0.151527,0.169844,0.700113,true,false,false,false
111,1.8167,1,1.8167,"(-0.12591 0.76687 0.12620)","(-0.10302 0.90444 0.18845)","(0.10228 0.86527 -0.14469)","(-0.11068 0.85878 0.19551)","(0.21271 0.85458 -0.04148)",0.046835,0.151527,0.169844,0.700113,true,false,false,false
112,1.8333,1,1.8333,"(-0.12591 0.76687 0.12620)","(-0.10052 0.90476 0.18979)","(0.10228 0.86527 -0.14469)","(-0.10793 0.85906 0.19706)","(0.21271 0.85458 -0.04148)",0.046864,0.151527,0.169282,0.700113,true,false,false,false
113,1.8500,1,1.8500,"(-0.12591 0.76687 0.12620)","(-0.10053 0.90476 0.18979)","(0.10228 0.86527 -0.14469)","(-0.10793 0.85906 0.19706)","(0.21271 0.85458 -0.04148)",0.046864,0.151527,0.169284,0.700113,true,false,false,false
114,1.8667,1,1.8667,"(-0.12591 0.76687 0.12620)","(-0.09344 0.90569 0.19358)","(0.10228 0.86527 -0.14469)","(-0.10013 0.85984 0.20143)","(0.21271 0.85458 -0.04148)",0.046988,0.151527,0.167962,0.700113,true,false,false,false
115,1.8833,1,1.8833,"(-0.12591 0.76687 0.12620)","(-0.09132 0.90597 0.19471)","(0.10228 0.86527 -0.14469)","(-0.09779 0.86008 0.20275)","(0.21271 0.85458 -0.04148)",0.047037,0.151527,0.167653,0.700113,true,false,false,false
116,1.9000,1,1.9000,"(-0.12591 0.76687 0.12620)","(-0.09106 0.90601 0.19485)","(0.10228 0.86527 -0.14469)","(-0.09750 0.86011 0.20291)","(0.21271 0.85458 -0.04148)",0.047043,0.151527,0.167619,0.700113,true,false,false,false
117,1.9167,1,1.9167,"(-0.12591 0.76687 0.12620)","(-0.09040 0.90610 0.19520)","(0.10228 0.86527 -0.14469)","(-0.09678 0.86018 0.20332)","(0.21271 0.85458 -0.04148)",0.047060,0.151527,0.167530,0.700113,true,false,false,false
118,1.9333,1,1.9333,"(-0.12591 0.76687 0.12620)","(-0.09197 0.90589 0.19437)","(0.10228 0.86527 -0.14469)","(-0.09850 0.86001 0.20235)","(0.21271 0.85458 -0.04148)",0.047021,0.151527,0.167749,0.700113,true,false,false,false
119,1.9500,1,1.9500,"(-0.12591 0.76687 0.12620)","(-0.09304 0.90574 0.19380)","(0.10228 0.86527 -0.14469)","(-0.09968 0.85989 0.20169)","(0.21271 0.85458 -0.04148)",0.046996,0.151527,0.167907,0.700113,true,false,false,false
120,1.9667,1,1.9667,"(-0.12591 0.76687 0.12620)","(-0.09304 0.90574 0.19380)","(0.10228 0.86527 -0.14469)","(-0.09968 0.85989 0.20169)","(0.21271 0.85458 -0.04148)",0.046997,0.151527,0.167906,0.700113,true,false,false,false
121,1.9833,1,1.9833,"(-0.12591 0.76687 0.12620)","(-0.09460 0.90553 0.19296)","(0.10228 0.86527 -0.14469)","(-0.10140 0.85972 0.20072)","(0.21271 0.85458 -0.04148)",0.046963,0.151527,0.168157,0.700113,true,false,false,false
122,2.0000,1,2.0000,"(-0.12591 0.76687 0.12620)","(-0.10244 0.90451 0.18877)","(0.10228 0.86527 -0.14469)","(-0.11005 0.85884 0.19587)","(0.21271 0.85458 -0.04148)",0.046841,0.151527,0.169711,0.700113,true,false,false,false
123,2.0167,1,2.0167,"(-0.12591 0.76687 0.12620)","(-0.10420 0.90429 0.18782)","(0.10228 0.86527 -0.14469)","(-0.11198 0.85865 0.19479)","(0.21271 0.85458 -0.04148)",0.046824,0.151527,0.170127,0.700113,true,false,false,false
124,2.0333,1,2.0333,"(-0.12591 0.76687 0.12620)","(-0.10400 0.90430 0.18788)","(0.10228 0.86527 -0.14469)","(-0.11176 0.85865 0.19485)","(0.21271 0.85458 -0.04148)",0.046827,0.151527,0.170036,0.700113,true,false,false,false
125,2.0500,1,2.0500,"(-0.12591 0.76687 0.12620)","(-0.10405 0.90431 0.18790)","(0.10228 0.86527 -0.14469)","(-0.11182 0.85866 0.19488)","(0.21271 0.85458 -0.04148)",0.046825,0.151527,0.170090,0.700113,true,false,false,false
126,2.0667,1,2.0667,"(-0.12591 0.76687 0.12620)","(-0.10410 0.90429 0.18783)","(0.10228 0.86527 -0.14469)","(-0.11187 0.85864 0.19479)","(0.21271 0.85458 -0.04148)",0.046826,0.151527,0.170060,0.700113,true,false,false,false
127,2.0833,1,2.0833,"(-0.12591 0.76687 0.12620)","(-0.10438 0.90427 0.18773)","(0.10228 0.86527 -0.14469)","(-0.11218 0.85863 0.19467)","(0.21271 0.85458 -0.04148)",0.046822,0.151527,0.170171,0.700113,true,false,false,false
128,2.1000,1,2.1000,"(-0.12591 0.76687 0.12620)","(-0.10350 0.90437 0.18815)","(0.10228 0.86527 -0.14469)","(-0.11120 0.85871 0.19516)","(0.21271 0.85458 -0.04148)",0.046832,0.151527,0.169914,0.700113,true,false,false,false
129,2.1167,1,2.1167,"(-0.12591 0.76687 0.12620)","(-0.10352 0.90438 0.18819)","(0.10228 0.86527 -0.14469)","(-0.11123 0.85872 0.19520)","(0.21271 0.85458 -0.04148)",0.046830,0.151527,0.169962,0.700113,true,false,false,false
130,2.1333,1,2.1333,"(-0.12591 0.76687 0.12620)","(-0.10325 0.90441 0.18833)","(0.10228 0.86527 -0.14469)","(-0.11093 0.85875 0.19537)","(0.21271 0.85458 -0.04148)",0.046833,0.151527,0.169897,0.700113,true,false,false,false
131,2.1500,1,2.1500,"(-0.12591 0.76687 0.12620)","(-0.10325 0.90441 0.18833)","(0.10228 0.86527 -0.14469)","(-0.11093 0.85875 0.19537)","(0.21271 0.85458 -0.04148)",0.046833,0.151527,0.169898,0.700113,true,false,false,false
132,2.1667,1,2.1667,"(-0.12591 0.76687 0.12620)","(-0.10325 0.90441 0.18833)","(0.10228 0.86527 -0.14469)","(-0.11093 0.85875 0.19537)","(0.21271 0.85458 -0.04148)",0.046832,0.151527,0.169899,0.700113,true,false,false,false
133,2.1833,1,2.1833,"(-0.12591 0.76687 0.12620)","(-0.10318 0.90442 0.18837)","(0.10228 0.86527 -0.14469)","(-0.11086 0.85876 0.19541)","(0.21271 0.85458 -0.04148)",0.046833,0.151527,0.169883,0.700113,true,false,false,false
134,2.2000,1,2.2000,"(-0.12591 0.76687 0.12620)","(-0.10325 0.90441 0.18833)","(0.10228 0.86527 -0.14469)","(-0.11093 0.85875 0.19537)","(0.21271 0.85458 -0.04148)",0.046832,0.151527,0.169899,0.700113,true,false,false,false
135,2.2167,1,2.2167,"(-0.12591 0.76687 0.12620)","(-0.10281 0.90447 0.18857)","(0.10228 0.86527 -0.14469)","(-0.11045 0.85880 0.19564)","(0.21271 0.85458 -0.04148)",0.046837,0.151527,0.169795,0.700113,true,false,false,false
136,2.2333,1,2.2333,"(-0.12591 0.76687 0.12620)","(-0.10320 0.90442 0.18836)","(0.10228 0.86527 -0.14469)","(-0.11088 0.85876 0.19540)","(0.21271 0.85458 -0.04148)",0.046833,0.151527,0.169888,0.700113,true,false,false,false
137,2.2500,1,2.2500,"(-0.12591 0.76687 0.12620)","(-0.10325 0.90441 0.18833)","(0.10228 0.86527 -0.14469)","(-0.11093 0.85875 0.19537)","(0.21271 0.85458 -0.04148)",0.046833,0.151527,0.169898,0.700113,true,false,false,false
138,2.2667,1,2.2667,"(-0.12591 0.76687 0.12620)","(-0.09604 0.90534 0.19219)","(0.10228 0.86527 -0.14469)","(-0.10299 0.85955 0.19982)","(0.21271 0.85458 -0.04148)",0.046935,0.151527,0.168398,0.700113,true,false,false,false
139,2.2833,1,2.2833,"(-0.12591 0.76687 0.12620)","(-0.09208 0.90587 0.19431)","(0.10228 0.86527 -0.14469)","(-0.09862 0.86000 0.20228)","(0.21271 0.85458 -0.04148)",0.047019,0.151527,0.167758,0.700113,true,false,false,false
140,2.3000,1,2.3000,"(-0.12591 0.76687 0.12620)","(-0.09699 0.90522 0.19169)","(0.10228 0.86527 -0.14469)","(-0.10404 0.85945 0.19925)","(0.21271 0.85458 -0.04148)",0.046917,0.151527,0.168581,0.700113,true,false,false,false
141,2.3167,1,2.3167,"(-0.12591 0.76687 0.12620)","(-0.09720 0.90519 0.19158)","(0.10228 0.86527 -0.14469)","(-0.10427 0.85943 0.19912)","(0.21271 0.85458 -0.04148)",0.046914,0.151527,0.168616,0.700113,true,false,false,false
142,2.3333,1,2.3333,"(-0.12591 0.76687 0.12620)","(-0.09803 0.90508 0.19113)","(0.10228 0.86527 -0.14469)","(-0.10518 0.85933 0.19860)","(0.21271 0.85458 -0.04148)",0.046900,0.151527,0.168775,0.700113,true,false,false,false
143,2.3500,1,2.3500,"(-0.12591 0.76687 0.12620)","(-0.09803 0.90508 0.19113)","(0.10228 0.86527 -0.14469)","(-0.10518 0.85933 0.19860)","(0.21271 0.85458 -0.04148)",0.046900,0.151527,0.168774,0.700113,true,false,false,false
144,2.3667,1,2.3667,"(-0.12591 0.76687 0.12620)","(-0.09803 0.90508 0.19113)","(0.10228 0.86527 -0.14469)","(-0.10518 0.85933 0.19860)","(0.21271 0.85458 -0.04148)",0.046900,0.151527,0.168774,0.700113,true,false,false,false
145,2.3833,1,2.3833,"(-0.12591 0.76687 0.12620)","(-0.09803 0.90508 0.19113)","(0.10228 0.86527 -0.14469)","(-0.10518 0.85933 0.19860)","(0.21271 0.85458 -0.04148)",0.046900,0.151527,0.168774,0.700113,true,false,false,false
146,2.4000,1,2.4000,"(-0.12591 0.76687 0.12620)","(-0.09803 0.90508 0.19113)","(0.10228 0.86527 -0.14469)","(-0.10518 0.85933 0.19860)","(0.21271 0.85458 -0.04148)",0.046900,0.151527,0.168774,0.700113,true,false,false,false
147,2.4167,1,2.4167,"(-0.12591 0.76687 0.12620)","(-0.09882 0.90498 0.19071)","(0.10228 0.86527 -0.14469)","(-0.10606 0.85925 0.19811)","(0.21271 0.85458 -0.04148)",0.046888,0.151527,0.168931,0.700113,true,false,false,false
148,2.4333,1,2.4333,"(-0.12591 0.76687 0.12620)","(-0.10053 0.90476 0.18979)","(0.10228 0.86527 -0.14469)","(-0.10793 0.85906 0.19706)","(0.21271 0.85458 -0.04148)",0.046864,0.151527,0.169285,0.700113,true,false,false,false
149,2.4500,1,2.4500,"(-0.12591 0.76687 0.12620)","(-0.10053 0.90476 0.18979)","(0.10228 0.86527 -0.14469)","(-0.10793 0.85906 0.19706)","(0.21271 0.85458 -0.04148)",0.046864,0.151527,0.169284,0.700113,true,false,false,false
150,2.4667,1,2.4667,"(-0.12591 0.76687 0.12620)","(-0.10053 0.90476 0.18979)","(0.10228 0.86527 -0.14469)","(-0.10793 0.85906 0.19706)","(0.21271 0.85458 -0.04148)",0.046864,0.151527,0.169284,0.700113,true,false,false,false
151,2.4833,1,2.4833,"(-0.12591 0.76687 0.12620)","(-0.10053 0.90476 0.18979)","(0.10228 0.86527 -0.14469)","(-0.10793 0.85906 0.19706)","(0.21271 0.85458 -0.04148)",0.046864,0.151527,0.169284,0.700113,true,false,false,false
152,2.5000,1,2.5000,"(-0.12591 0.76687 0.12620)","(-0.10053 0.90476 0.18979)","(0.10228 0.86527 -0.14469)","(-0.10793 0.85906 0.19706)","(0.21271 0.85458 -0.04148)",0.046864,0.151527,0.169284,0.700113,true,false,false,false
153,2.5167,1,2.5167,"(-0.12591 0.76687 0.12620)","(-0.10053 0.90476 0.18979)","(0.10228 0.86527 -0.14469)","(-0.10793 0.85906 0.19706)","(0.21271 0.85458 -0.04148)",0.046864,0.151527,0.169284,0.700113,true,false,false,false
154,2.5333,1,2.5333,"(-0.12591 0.76687 0.12620)","(-0.10053 0.90476 0.18979)","(0.10228 0.86527 -0.14469)","(-0.10793 0.85906 0.19706)","(0.21271 0.85458 -0.04148)",0.046864,0.151527,0.169284,0.700113,true,false,false,false
155,2.5500,1,2.5500,"(-0.12591 0.76687 0.12620)","(-0.10053 0.90476 0.18979)","(0.10228 0.86527 -0.14469)","(-0.10793 0.85906 0.19706)","(0.21271 0.85458 -0.04148)",0.046864,0.151527,0.169284,0.700113,true,false,false,false
156,2.5667,1,2.5667,"(-0.12591 0.76687 0.12620)","(-0.10285 0.90446 0.18855)","(0.10228 0.86527 -0.14469)","(-0.11049 0.85880 0.19562)","(0.21271 0.85458 -0.04148)",0.046837,0.151527,0.169805,0.700113,true,false,false,false
157,2.5833,1,2.5833,"(-0.12591 0.76687 0.12620)","(-0.10364 0.90436 0.18813)","(0.10228 0.86527 -0.14469)","(-0.11136 0.85871 0.19513)","(0.21271 0.85458 -0.04148)",0.046829,0.151527,0.169991,0.700113,true,false,false,false
158,2.6000,1,2.6000,"(-0.12591 0.76687 0.12620)","(-0.10355 0.90437 0.18817)","(0.10228 0.86527 -0.14469)","(-0.11126 0.85872 0.19519)","(0.21271 0.85458 -0.04148)",0.046830,0.151527,0.169970,0.700113,true,false,false,false
159,2.6167,1,2.6167,"(-0.12591 0.76687 0.12620)","(-0.10302 0.90444 0.18845)","(0.10228 0.86527 -0.14469)","(-0.11068 0.85878 0.19551)","(0.21271 0.85458 -0.04148)",0.046835,0.151527,0.169844,0.700113,true,false,false,false
160,2.6333,1,2.6333,"(-0.12591 0.76687 0.12620)","(-0.10302 0.90444 0.18845)","(0.10228 0.86527 -0.14469)","(-0.11068 0.85878 0.19551)","(0.21271 0.85458 -0.04148)",0.046835,0.151527,0.169844,0.700113,true,false,false,false
161,2.6500,1,2.6500,"(-0.12591 0.76687 0.12620)","(-0.10302 0.90444 0.18846)","(0.10228 0.86527 -0.14469)","(-0.11068 0.85878 0.19551)","(0.21271 0.85458 -0.04148)",0.046835,0.151527,0.169844,0.700113,true,false,false,false
162,2.6667,1,2.6667,"(-0.12591 0.76687 0.12620)","(-0.10302 0.90444 0.18846)","(0.10228 0.86527 -0.14469)","(-0.11068 0.85878 0.19551)","(0.21271 0.85458 -0.04148)",0.046835,0.151527,0.169844,0.700113,true,false,false,false
163,2.6833,1,2.6833,"(-0.12591 0.76687 0.12620)","(-0.10302 0.90444 0.18845)","(0.10228 0.86527 -0.14469)","(-0.11068 0.85878 0.19551)","(0.21271 0.85458 -0.04148)",0.046835,0.151527,0.169844,0.700113,true,false,false,false
164,2.7000,1,2.7000,"(-0.12591 0.76687 0.12620)","(-0.10302 0.90444 0.18845)","(0.10228 0.86527 -0.14469)","(-0.11068 0.85878 0.19551)","(0.21271 0.85458 -0.04148)",0.046835,0.151527,0.169844,0.700113,true,false,false,false
165,2.7167,1,2.7167,"(-0.12591 0.76687 0.12620)","(-0.10302 0.90444 0.18846)","(0.10228 0.86527 -0.14469)","(-0.11068 0.85878 0.19551)","(0.21271 0.85458 -0.04148)",0.046835,0.151527,0.169844,0.700113,true,false,false,false
166,2.7333,1,2.7333,"(-0.12591 0.76687 0.12620)","(-0.10302 0.90444 0.18845)","(0.10228 0.86527 -0.14469)","(-0.11068 0.85878 0.19551)","(0.21271 0.85458 -0.04148)",0.046835,0.151527,0.169844,0.700113,true,false,false,false
167,2.7500,1,2.7500,"(-0.12591 0.76687 0.12620)","(-0.10302 0.90444 0.18845)","(0.10228 0.86527 -0.14469)","(-0.11068 0.85878 0.19551)","(0.21271 0.85458 -0.04148)",0.046835,0.151527,0.169844,0.700113,true,false,false,false
168,2.7667,1,2.7667,"(-0.12591 0.76687 0.12620)","(-0.10302 0.90444 0.18846)","(0.10228 0.86527 -0.14469)","(-0.11068 0.85878 0.19551)","(0.21271 0.85458 -0.04148)",0.046835,0.151527,0.169844,0.700113,true,false,false,false
169,2.7833,1,2.7833,"(-0.12591 0.76687 0.12620)","(-0.10302 0.90444 0.18846)","(0.10228 0.86527 -0.14469)","(-0.11068 0.85878 0.19551)","(0.21271 0.85458 -0.04148)",0.046835,0.151527,0.169844,0.700113,true,false,false,false
170,2.8000,1,2.8000,"(-0.12591 0.76687 0.12620)","(-0.10302 0.90444 0.18845)","(0.10228 0.86527 -0.14469)","(-0.11068 0.85878 0.19551)","(0.21271 0.85458 -0.04148)",0.046835,0.151527,0.169844,0.700113,true,false,false,false
171,2.8167,1,2.8167,"(-0.12591 0.76687 0.12620)","(-0.10302 0.90444 0.18846)","(0.10228 0.86527 -0.14469)","(-0.11068 0.85878 0.19551)","(0.21271 0.85458 -0.04148)",0.046835,0.151527,0.169844,0.700113,true,false,false,false
172,2.8333,1,2.8333,"(-0.12591 0.76687 0.12620)","(-0.10302 0.90444 0.18846)","(0.10228 0.86527 -0.14469)","(-0.11068 0.85878 0.19551)","(0.21271 0.85458 -0.04148)",0.046835,0.151527,0.169844,0.700113,true,false,false,false
173,2.8500,1,2.8500,"(-0.12591 0.76687 0.12620)","(-0.10302 0.90444 0.18845)","(0.10228 0.86527 -0.14469)","(-0.11068 0.85878 0.19551)","(0.21271 0.85458 -0.04148)",0.046835,0.151527,0.169844,0.700113,true,false,false,false
174,2.8667,1,2.8667,"(-0.12591 0.76687 0.12620)","(-0.10302 0.90444 0.18845)","(0.10228 0.86527 -0.14469)","(-0.11068 0.85878 0.19551)","(0.21271 0.85458 -0.04148)",0.046835,0.151527,0.169844,0.700113,true,false,false,false
175,2.8833,1,2.8833,"(-0.12591 0.76687 0.12620)","(-0.10302 0.90444 0.18845)","(0.10228 0.86527 -0.14469)","(-0.11068 0.85878 0.19551)","(0.21271 0.85458 -0.04148)",0.046835,0.151527,0.169844,0.700113,true,false,false,false
176,2.9000,1,2.9000,"(-0.12591 0.76687 0.12620)","(-0.10302 0.90444 0.18846)","(0.10228 0.86527 -0.14469)","(-0.11068 0.85878 0.19551)","(0.21271 0.85458 -0.04148)",0.046835,0.151527,0.169844,0.700113,true,false,false,false
177,2.9167,1,2.9167,"(-0.12591 0.76687 0.12620)","(-0.10302 0.90444 0.18846)","(0.10228 0.86527 -0.14469)","(-0.11068 0.85878 0.19551)","(0.21271 0.85458 -0.04148)",0.046835,0.151527,0.169844,0.700113,true,false,false,false
178,2.9333,1,2.9333,"(-0.12591 0.76687 0.12620)","(-0.10302 0.90444 0.18845)","(0.10228 0.86527 -0.14469)","(-0.11068 0.85878 0.19551)","(0.21271 0.85458 -0.04148)",0.046835,0.151527,0.169844,0.700113,true,false,false,false
179,2.9500,1,2.9500,"(-0.12591 0.76687 0.12620)","(-0.10302 0.90444 0.18846)","(0.10228 0.86527 -0.14469)","(-0.11068 0.85878 0.19551)","(0.21271 0.85458 -0.04148)",0.046835,0.151527,0.169844,0.700113,true,false,false,false
180,2.9667,1,2.9667,"(-0.12591 0.76687 0.12620)","(-0.10302 0.90444 0.18846)","(0.10228 0.86527 -0.14469)","(-0.11068 0.85878 0.19551)","(0.21271 0.85458 -0.04148)",0.046835,0.151527,0.169844,0.700113,true,false,false,false
181,2.9833,1,2.9833,"(-0.12591 0.76687 0.12620)","(-0.10302 0.90444 0.18845)","(0.10228 0.86527 -0.14469)","(-0.11068 0.85878 0.19551)","(0.21271 0.85458 -0.04148)",0.046835,0.151527,0.169844,0.700113,true,false,false,false
182,3.0000,1,3.0000,"(-0.12591 0.76687 0.12620)","(-0.10302 0.90444 0.18846)","(0.10228 0.86527 -0.14469)","(-0.11068 0.85878 0.19551)","(0.21271 0.85458 -0.04148)",0.046835,0.151527,0.169844,0.700113,true,false,false,false
183,3.0167,1,3.0167,"(-0.12591 0.76687 0.12620)","(-0.10302 0.90444 0.18845)","(0.10228 0.86527 -0.14469)","(-0.11068 0.85878 0.19551)","(0.21271 0.85458 -0.04148)",0.046835,0.151527,0.169844,0.700113,true,false,false,false
184,3.0167,2,0.0000,"(-0.12591 0.76687 0.12620)","(0.01589 0.92669 0.25035)","(0.11042 0.86111 -0.13463)","(0.02302 0.87224 0.27067)","(0.21271 0.85458 -0.04148)",0.058547,0.138505,0.221371,0.688451,true,false,false,false
185,3.0333,2,0.0167,"(-0.12591 0.76687 0.12620)","(-0.10028 0.90500 0.19068)","(0.10485 0.86390 -0.14147)","(-0.10765 0.85933 0.19805)","(0.21271 0.85458 -0.04148)",0.046840,0.147374,0.169816,0.696366,true,false,false,false
186,3.0500,2,0.0333,"(-0.12591 0.76687 0.12620)","(-0.09990 0.90485 0.19017)","(0.10310 0.86482 -0.14366)","(-0.10724 0.85914 0.19749)","(0.21271 0.85458 -0.04148)",0.046870,0.150199,0.169186,0.698904,true,false,false,false
187,3.0667,2,0.0500,"(-0.12591 0.76687 0.12620)","(-0.09303 0.90574 0.19379)","(0.10236 0.86522 -0.14459)","(-0.09968 0.85989 0.20168)","(0.21271 0.85458 -0.04148)",0.046997,0.151391,0.167898,0.699986,true,false,false,false
188,3.0833,2,0.0667,"(-0.12591 0.76687 0.12620)","(-0.09904 0.90495 0.19060)","(0.10231 0.86525 -0.14466)","(-0.10629 0.85922 0.19798)","(0.21271 0.85458 -0.04148)",0.046884,0.151484,0.168978,0.700072,true,false,false,false
189,3.1000,2,0.0833,"(-0.12591 0.76687 0.12620)","(-0.10374 0.90435 0.18807)","(0.10228 0.86526 -0.14469)","(-0.11147 0.85870 0.19507)","(0.21271 0.85458 -0.04148)",0.046828,0.151523,0.170014,0.700109,true,false,false,false
190,3.1167,2,0.1000,"(-0.12591 0.76687 0.12620)","(-0.10375 0.90433 0.18802)","(0.10228 0.86527 -0.14469)","(-0.11148 0.85868 0.19501)","(0.21271 0.85458 -0.04148)",0.046830,0.151527,0.169975,0.700112,true,false,false,false
191,3.1333,2,0.1167,"(-0.12591 0.76687 0.12620)","(-0.10380 0.90434 0.18804)","(0.10228 0.86527 -0.14469)","(-0.11154 0.85869 0.19503)","(0.21271 0.85458 -0.04148)",0.046828,0.151527,0.170029,0.700113,true,false,false,false
192,3.1500,2,0.1333,"(-0.12591 0.76687 0.12620)","(-0.10320 0.90440 0.18831)","(0.10228 0.86527 -0.14469)","(-0.11088 0.85874 0.19535)","(0.21271 0.85458 -0.04148)",0.046835,0.151527,0.169845,0.700113,true,false,false,false
193,3.1667,2,0.1500,"(-0.12591 0.76687 0.12620)","(-0.10302 0.90444 0.18845)","(0.10228 0.86527 -0.14469)","(-0.11068 0.85878 0.19551)","(0.21271 0.85458 -0.04148)",0.046835,0.151527,0.169844,0.700113,true,false,false,false
194,3.1833,2,0.1667,"(-0.12591 0.76687 0.12620)","(-0.10302 0.90444 0.18846)","(0.10228 0.86527 -0.14469)","(-0.11068 0.85878 0.19551)","(0.21271 0.85458 -0.04148)",0.046835,0.151527,0.169844,0.700113,true,false,false,false
195,3.2000,2,0.1833,"(-0.12591 0.76687 0.12620)","(-0.10302 0.90444 0.18846)","(0.10228 0.86527 -0.14469)","(-0.11068 0.85878 0.19551)","(0.21271 0.85458 -0.04148)",0.046835,0.151527,0.169844,0.700113,true,false,false,false
196,3.2167,2,0.2000,"(-0.12591 0.76687 0.12620)","(-0.10302 0.90444 0.18845)","(0.10228 0.86527 -0.14469)","(-0.11068 0.85878 0.19551)","(0.21271 0.85458 -0.04148)",0.046835,0.151527,0.169844,0.700113,true,false,false,false
197,3.2333,2,0.2167,"(-0.12591 0.76687 0.12620)","(-0.10259 0.90449 0.18869)","(0.10228 0.86527 -0.14469)","(-0.11021 0.85883 0.19578)","(0.21271 0.85458 -0.04148)",0.046839,0.151527,0.169744,0.700113,true,false,false,false
198,3.2500,2,0.2333,"(-0.12591 0.76687 0.12620)","(-0.10052 0.90476 0.18979)","(0.10228 0.86527 -0.14469)","(-0.10793 0.85906 0.19706)","(0.21271 0.85458 -0.04148)",0.046864,0.151527,0.169282,0.700113,true,false,false,false
199,3.2667,2,0.2500,"(-0.12591 0.76687 0.12620)","(-0.10191 0.90458 0.18905)","(0.10228 0.86527 -0.14469)","(-0.10946 0.85890 0.19620)","(0.21271 0.85458 -0.04148)",0.046847,0.151527,0.169589,0.700113,true,false,false,false
200,3.2833,2,0.2667,"(-0.12591 0.76687 0.12620)","(-0.10053 0.90476 0.18979)","(0.10228 0.86527 -0.14469)","(-0.10793 0.85906 0.19706)","(0.21271 0.85458 -0.04148)",0.046864,0.151527,0.169283,0.700113,true,false,false,false
201,3.3000,2,0.2833,"(-0.12591 0.76687 0.12620)","(-0.10053 0.90476 0.18979)","(0.10228 0.86527 -0.14469)","(-0.10793 0.85906 0.19706)","(0.21271 0.85458 -0.04148)",0.046864,0.151527,0.169284,0.700113,true,false,false,false
202,3.3167,2,0.3000,"(-0.12591 0.76687 0.12620)","(-0.10053 0.90476 0.18979)","(0.10228 0.86527 -0.14469)","(-0.10793 0.85906 0.19706)","(0.21271 0.85458 -0.04148)",0.046864,0.151527,0.169284,0.700113,true,false,false,false
203,3.3333,2,0.3167,"(-0.12591 0.76687 0.12620)","(-0.10053 0.90476 0.18979)","(0.10228 0.86527 -0.14469)","(-0.10793 0.85906 0.19706)","(0.21271 0.85458 -0.04148)",0.046864,0.151527,0.169284,0.700113,true,false,false,false
204,3.3500,2,0.3333,"(-0.12591 0.76687 0.12620)","(-0.10053 0.90476 0.18979)","(0.10228 0.86527 -0.14469)","(-0.10793 0.85906 0.19706)","(0.21271 0.85458 -0.04148)",0.046864,0.151527,0.169284,0.700113,true,false,false,false
205,3.3667,2,0.3500,"(-0.12591 0.76687 0.12620)","(-0.10053 0.90476 0.18979)","(0.10228 0.86527 -0.14469)","(-0.10793 0.85906 0.19706)","(0.21271 0.85458 -0.04148)",0.046864,0.151527,0.169284,0.700113,true,false,false,false
206,3.3833,2,0.3667,"(-0.12591 0.76687 0.12620)","(-0.10112 0.90468 0.18948)","(0.10228 0.86527 -0.14469)","(-0.10859 0.85899 0.19669)","(0.21271 0.85458 -0.04148)",0.046856,0.151527,0.169413,0.700113,true,false,false,false
207,3.4000,2,0.3833,"(-0.12591 0.76687 0.12620)","(-0.10302 0.90444 0.18846)","(0.10228 0.86527 -0.14469)","(-0.11068 0.85878 0.19551)","(0.21271 0.85458 -0.04148)",0.046835,0.151527,0.169844,0.700113,true,false,false,false
208,3.4167,2,0.4000,"(-0.12591 0.76687 0.12620)","(-0.10302 0.90444 0.18845)","(0.10228 0.86527 -0.14469)","(-0.11068 0.85878 0.19551)","(0.21271 0.85458 -0.04148)",0.046835,0.151527,0.169844,0.700113,true,false,false,false
209,3.4333,2,0.4167,"(-0.12591 0.76687 0.12620)","(-0.10302 0.90444 0.18846)","(0.10228 0.86527 -0.14469)","(-0.11068 0.85878 0.19551)","(0.21271 0.85458 -0.04148)",0.046835,0.151527,0.169844,0.700113,true,false,false,false
210,3.4500,2,0.4333,"(-0.12591 0.76687 0.12620)","(-0.10389 0.90433 0.18799)","(0.10228 0.86527 -0.14469)","(-0.11163 0.85868 0.19498)","(0.21271 0.85458 -0.04148)",0.046827,0.151527,0.170050,0.700113,true,false,false,false
211,3.4667,2,0.4500,"(-0.12591 0.76687 0.12620)","(-0.10300 0.90443 0.18842)","(0.10228 0.86527 -0.14469)","(-0.11065 0.85876 0.19547)","(0.21271 0.85458 -0.04148)",0.046837,0.151527,0.169796,0.700113,true,false,false,false
212,3.4833,2,0.4667,"(-0.12591 0.76687 0.12620)","(-0.10302 0.90444 0.18845)","(0.10228 0.86527 -0.14469)","(-0.11068 0.85878 0.19551)","(0.21271 0.85458 -0.04148)",0.046835,0.151527,0.169844,0.700113,true,false,false,false
213,3.5000,2,0.4833,"(-0.12591 0.76687 0.12620)","(-0.10302 0.90444 0.18845)","(0.10228 0.86527 -0.14469)","(-0.11068 0.85878 0.19551)","(0.21271 0.85458 -0.04148)",0.046835,0.151527,0.169844,0.700113,true,false,false,false
214,3.5167,2,0.5000,"(-0.12591 0.76687 0.12620)","(-0.10302 0.90444 0.18846)","(0.10228 0.86527 -0.14469)","(-0.11068 0.85878 0.19551)","(0.21271 0.85458 -0.04148)",0.046835,0.151527,0.169844,0.700113,true,false,false,false
215,3.5333,2,0.5167,"(-0.12591 0.76687 0.12620)","(-0.10302 0.90444 0.18845)","(0.10228 0.86527 -0.14469)","(-0.11068 0.85878 0.19551)","(0.21271 0.85458 -0.04148)",0.046835,0.151527,0.169844,0.700113,true,false,false,false
216,3.5500,2,0.5333,"(-0.12591 0.76687 0.12620)","(-0.10192 0.90458 0.18904)","(0.10228 0.86527 -0.14469)","(-0.10947 0.85890 0.19619)","(0.21271 0.85458 -0.04148)",0.046847,0.151527,0.169590,0.700113,true,false,false,false
217,3.5667,2,0.5500,"(-0.12591 0.76687 0.12620)","(-0.10053 0.90476 0.18979)","(0.10228 0.86527 -0.14469)","(-0.10793 0.85906 0.19706)","(0.21271 0.85458 -0.04148)",0.046864,0.151527,0.169283,0.700113,true,false,false,false
218,3.5833,2,0.5667,"(-0.12591 0.76687 0.12620)","(-0.10302 0.90444 0.18846)","(0.10228 0.86527 -0.14469)","(-0.11068 0.85878 0.19551)","(0.21271 0.85458 -0.04148)",0.046835,0.151527,0.169845,0.700113,true,false,false,false
219,3.6000,2,0.5833,"(-0.12591 0.76687 0.12620)","(-0.10302 0.90444 0.18846)","(0.10228 0.86527 -0.14469)","(-0.11068 0.85878 0.19551)","(0.21271 0.85458 -0.04148)",0.046835,0.151527,0.169844,0.700113,true,false,false,false
220,3.6167,2,0.6000,"(-0.12591 0.76687 0.12620)","(-0.10052 0.90476 0.18979)","(0.10228 0.86527 -0.14469)","(-0.10793 0.85906 0.19706)","(0.21271 0.85458 -0.04148)",0.046864,0.151527,0.169282,0.700113,true,false,false,false
221,3.6333,2,0.6167,"(-0.12591 0.76687 0.12620)","(-0.10042 0.90477 0.18985)","(0.10228 0.86527 -0.14469)","(-0.10781 0.85907 0.19712)","(0.21271 0.85458 -0.04148)",0.046865,0.151527,0.169261,0.700113,true,false,false,false
222,3.6500,2,0.6333,"(-0.12591 0.76687 0.12620)","(-0.10053 0.90476 0.18979)","(0.10228 0.86527 -0.14469)","(-0.10793 0.85906 0.19706)","(0.21271 0.85458 -0.04148)",0.046864,0.151527,0.169284,0.700113,true,false,false,false
223,3.6667,2,0.6500,"(-0.12591 0.76687 0.12620)","(-0.10053 0.90476 0.18979)","(0.10228 0.86527 -0.14469)","(-0.10793 0.85906 0.19706)","(0.21271 0.85458 -0.04148)",0.046864,0.151527,0.169284,0.700113,true,false,false,false
224,3.6833,2,0.6667,"(-0.12591 0.76687 0.12620)","(-0.10053 0.90476 0.18979)","(0.10228 0.86527 -0.14469)","(-0.10793 0.85906 0.19706)","(0.21271 0.85458 -0.04148)",0.046864,0.151527,0.169284,0.700113,true,false,false,false
225,3.7000,2,0.6833,"(-0.12591 0.76687 0.12620)","(-0.10053 0.90476 0.18979)","(0.10228 0.86527 -0.14469)","(-0.10793 0.85906 0.19706)","(0.21271 0.85458 -0.04148)",0.046864,0.151527,0.169284,0.700113,true,false,false,false
226,3.7167,2,0.7000,"(-0.12591 0.76687 0.12620)","(-0.10053 0.90476 0.18979)","(0.10228 0.86527 -0.14469)","(-0.10793 0.85906 0.19706)","(0.21271 0.85458 -0.04148)",0.046864,0.151527,0.169284,0.700113,true,false,false,false
227,3.7333,2,0.7167,"(-0.12591 0.76687 0.12620)","(-0.10053 0.90476 0.18979)","(0.10228 0.86527 -0.14469)","(-0.10793 0.85906 0.19706)","(0.21271 0.85458 -0.04148)",0.046864,0.151527,0.169284,0.700113,true,false,false,false
228,3.7500,2,0.7333,"(-0.12591 0.76687 0.12620)","(-0.10302 0.90444 0.18846)","(0.10228 0.86527 -0.14469)","(-0.11068 0.85878 0.19551)","(0.21271 0.85458 -0.04148)",0.046835,0.151527,0.169846,0.700113,true,false,false,false
229,3.7667,2,0.7500,"(-0.12591 0.76687 0.12620)","(-0.10302 0.90444 0.18846)","(0.10228 0.86527 -0.14469)","(-0.11068 0.85878 0.19551)","(0.21271 0.85458 -0.04148)",0.046835,0.151527,0.169844,0.700113,true,false,false,false
230,3.7833,2,0.7667,"(-0.12591 0.76687 0.12620)","(-0.10302 0.90444 0.18845)","(0.10228 0.86527 -0.14469)","(-0.11068 0.85878 0.19551)","(0.21271 0.85458 -0.04148)",0.046835,0.151527,0.169844,0.700113,true,false,false,false
231,3.8000,2,0.7833,"(-0.12591 0.76687 0.12620)","(-0.10439 0.90427 0.18772)","(0.10228 0.86527 -0.14469)","(-0.11218 0.85863 0.19467)","(0.21271 0.85458 -0.04148)",0.046822,0.151527,0.170172,0.700113,true,false,false,false
232,3.8167,2,0.8000,"(-0.12591 0.76687 0.12620)","(-0.10300 0.90443 0.18842)","(0.10228 0.86527 -0.14469)","(-0.11065 0.85876 0.19547)","(0.21271 0.85458 -0.04148)",0.046837,0.151527,0.169796,0.700113,true,false,false,false
233,3.8333,2,0.8167,"(-0.12591 0.76687 0.12620)","(-0.10075 0.90473 0.18967)","(0.10228 0.86527 -0.14469)","(-0.10818 0.85903 0.19692)","(0.21271 0.85458 -0.04148)",0.046861,0.151527,0.169330,0.700113,true,false,false,false
234,3.8500,2,0.8333,"(-0.12591 0.76687 0.12620)","(-0.10053 0.90476 0.18979)","(0.10228 0.86527 -0.14469)","(-0.10793 0.85906 0.19706)","(0.21271 0.85458 -0.04148)",0.046864,0.151527,0.169283,0.700113,true,false,false,false
235,3.8667,2,0.8500,"(-0.12591 0.76687 0.12620)","(-0.10302 0.90444 0.18846)","(0.10228 0.86527 -0.14469)","(-0.11068 0.85878 0.19551)","(0.21271 0.85458 -0.04148)",0.046835,0.151527,0.169844,0.700113,true,false,false,false
236,3.8833,2,0.8667,"(-0.12591 0.76687 0.12620)","(-0.10302 0.90444 0.18845)","(0.10228 0.86527 -0.14469)","(-0.11068 0.85878 0.19551)","(0.21271 0.85458 -0.04148)",0.046835,0.151527,0.169844,0.700113,true,false,false,false
237,3.9000,2,0.8833,"(-0.12591 0.76687 0.12620)","(-0.10302 0.90444 0.18846)","(0.10228 0.86527 -0.14469)","(-0.11068 0.85878 0.19551)","(0.21271 0.85458 -0.04148)",0.046835,0.151527,0.169844,0.700113,true,false,false,false
238,3.9167,2,0.9000,"(-0.12591 0.76687 0.12620)","(-0.10302 0.90444 0.18845)","(0.10228 0.86527 -0.14469)","(-0.11068 0.85878 0.19551)","(0.21271 0.85458 -0.04148)",0.046835,0.151527,0.169844,0.700113,true,false,false,false
239,3.9333,2,0.9167,"(-0.12591 0.76687 0.12620)","(-0.10302 0.90444 0.18845)","(0.10228 0.86527 -0.14469)","(-0.11068 0.85878 0.19551)","(0.21271 0.85458 -0.04148)",0.046835,0.151527,0.169844,0.700113,true,false,false,false
240,3.9500,2,0.9333,"(-0.12591 0.76687 0.12620)","(-0.10302 0.90444 0.18846)","(0.10228 0.86527 -0.14469)","(-0.11068 0.85878 0.19551)","(0.21271 0.85458 -0.04148)",0.046835,0.151527,0.169844,0.700113,true,false,false,false
241,3.9667,2,0.9500,"(-0.12591 0.76687 0.12620)","(-0.10302 0.90444 0.18845)","(0.10228 0.86527 -0.14469)","(-0.11068 0.85878 0.19551)","(0.21271 0.85458 -0.04148)",0.046835,0.151527,0.169844,0.700113,true,false,false,false
242,3.9833,2,0.9667,"(-0.12591 0.76687 0.12620)","(-0.10302 0.90444 0.18845)","(0.10228 0.86527 -0.14469)","(-0.11068 0.85878 0.19551)","(0.21271 0.85458 -0.04148)",0.046835,0.151527,0.169844,0.700113,true,false,false,false
243,4.0000,2,0.9833,"(-0.12591 0.76687 0.12620)","(-0.10052 0.90476 0.18979)","(0.10228 0.86527 -0.14469)","(-0.10793 0.85906 0.19706)","(0.21271 0.85458 -0.04148)",0.046864,0.151527,0.169282,0.700113,true,false,false,false
244,4.0167,2,1.0000,"(-0.12591 0.76687 0.12620)","(-0.10053 0.90476 0.18979)","(0.10228 0.86527 -0.14469)","(-0.10793 0.85906 0.19706)","(0.21271 0.85458 -0.04148)",0.046864,0.151527,0.169284,0.700113,true,false,false,false
245,4.0333,2,1.0167,"(-0.12591 0.76687 0.12620)","(-0.10053 0.90476 0.18979)","(0.10228 0.86527 -0.14469)","(-0.10793 0.85906 0.19706)","(0.21271 0.85458 -0.04148)",0.046864,0.151527,0.169284,0.700113,true,false,false,false
246,4.0500,2,1.0333,"(-0.12591 0.76687 0.12620)","(-0.10053 0.90476 0.18979)","(0.10228 0.86527 -0.14469)","(-0.10793 0.85906 0.19706)","(0.21271 0.85458 -0.04148)",0.046864,0.151527,0.169284,0.700113,true,false,false,false
247,4.0667,2,1.0500,"(-0.12591 0.76687 0.12620)","(-0.10053 0.90476 0.18979)","(0.10228 0.86527 -0.14469)","(-0.10793 0.85906 0.19706)","(0.21271 0.85458 -0.04148)",0.046864,0.151527,0.169284,0.700113,true,false,false,false
248,4.0833,2,1.0667,"(-0.12591 0.76687 0.12620)","(-0.10053 0.90476 0.18979)","(0.10228 0.86527 -0.14469)","(-0.10793 0.85906 0.19706)","(0.21271 0.85458 -0.04148)",0.046864,0.151527,0.169284,0.700113,true,false,false,false
249,4.1000,2,1.0833,"(-0.12591 0.76687 0.12620)","(-0.10053 0.90476 0.18979)","(0.10228 0.86527 -0.14469)","(-0.10793 0.85906 0.19706)","(0.21271 0.85458 -0.04148)",0.046864,0.151527,0.169284,0.700113,true,false,false,false
250,4.1167,2,1.1000,"(-0.12591 0.76687 0.12620)","(-0.10053 0.90476 0.18979)","(0.10228 0.86527 -0.14469)","(-0.10793 0.85906 0.19706)","(0.21271 0.85458 -0.04148)",0.046864,0.151527,0.169284,0.700113,true,false,false,false
251,4.1333,2,1.1167,"(-0.12591 0.76687 0.12620)","(-0.10053 0.90476 0.18979)","(0.10228 0.86527 -0.14469)","(-0.10793 0.85906 0.19706)","(0.21271 0.85458 -0.04148)",0.046864,0.151527,0.169284,0.700113,true,false,false,false
252,4.1500,2,1.1333,"(-0.12591 0.76687 0.12620)","(-0.10053 0.90476 0.18979)","(0.10228 0.86527 -0.14469)","(-0.10793 0.85906 0.19706)","(0.21271 0.85458 -0.04148)",0.046864,0.151527,0.169284,0.700113,true,false,false,false
253,4.1667,2,1.1500,"(-0.12591 0.76687 0.12620)","(-0.10053 0.90476 0.18979)","(0.10228 0.86527 -0.14469)","(-0.10793 0.85906 0.19706)","(0.21271 0.85458 -0.04148)",0.046864,0.151527,0.169284,0.700113,true,false,false,false
254,4.1833,2,1.1667,"(-0.12591 0.76687 0.12620)","(-0.10302 0.90444 0.18846)","(0.10228 0.86527 -0.14469)","(-0.11068 0.85878 0.19551)","(0.21271 0.85458 -0.04148)",0.046835,0.151527,0.169845,0.700113,true,false,false,false
255,4.2000,2,1.1833,"(-0.12591 0.76687 0.12620)","(-0.10302 0.90444 0.18846)","(0.10228 0.86527 -0.14469)","(-0.11068 0.85878 0.19551)","(0.21271 0.85458 -0.04148)",0.046835,0.151527,0.169845,0.700113,true,false,false,false
256,4.2167,2,1.2000,"(-0.12591 0.76687 0.12620)","(-0.10298 0.90445 0.18848)","(0.10228 0.86527 -0.14469)","(-0.11063 0.85878 0.19554)","(0.21271 0.85458 -0.04148)",0.046835,0.151527,0.169834,0.700113,true,false,false,false
257,4.2333,2,1.2167,"(-0.12591 0.76687 0.12620)","(-0.10207 0.90456 0.18897)","(0.10228 0.86527 -0.14469)","(-0.10963 0.85888 0.19610)","(0.21271 0.85458 -0.04148)",0.046845,0.151527,0.169625,0.700113,true,false,false,false
258,4.2500,2,1.2333,"(-0.12591 0.76687 0.12620)","(-0.10302 0.90444 0.18846)","(0.10228 0.86527 -0.14469)","(-0.11068 0.85878 0.19551)","(0.21271 0.85458 -0.04148)",0.046835,0.151527,0.169845,0.700113,true,false,false,false
259,4.2667,2,1.2500,"(-0.12591 0.76687 0.12620)","(-0.10300 0.90444 0.18847)","(0.10228 0.86527 -0.14469)","(-0.11066 0.85878 0.19553)","(0.21271 0.85458 -0.04148)",0.046835,0.151527,0.169839,0.700113,true,false,false,false
260,4.2833,2,1.2667,"(-0.12591 0.76687 0.12620)","(-0.10290 0.90446 0.18852)","(0.10228 0.86527 -0.14469)","(-0.11055 0.85879 0.19559)","(0.21271 0.85458 -0.04148)",0.046836,0.151527,0.169815,0.700113,true,false,false,false
261,4.3000,2,1.2833,"(-0.12591 0.76687 0.12620)","(-0.10302 0.90444 0.18846)","(0.10228 0.86527 -0.14469)","(-0.11068 0.85878 0.19551)","(0.21271 0.85458 -0.04148)",0.046835,0.151527,0.169845,0.700113,true,false,false,false
262,4.3167,2,1.3000,"(-0.12591 0.76687 0.12620)","(-0.10302 0.90444 0.18845)","(0.10228 0.86527 -0.14469)","(-0.11068 0.85878 0.19551)","(0.21271 0.85458 -0.04148)",0.046835,0.151527,0.169844,0.700113,true,false,false,false
263,4.3333,2,1.3167,"(-0.12591 0.76687 0.12620)","(-0.10226 0.90454 0.18886)","(0.10228 0.86527 -0.14469)","(-0.10985 0.85886 0.19598)","(0.21271 0.85458 -0.04148)",0.046843,0.151527,0.169668,0.700113,true,false,false,false
264,4.3500,2,1.3333,"(-0.12591 0.76687 0.12620)","(-0.10302 0.90444 0.18846)","(0.10228 0.86527 -0.14469)","(-0.11068 0.85878 0.19551)","(0.21271 0.85458 -0.04148)",0.046835,0.151527,0.169845,0.700113,true,false,false,false
265,4.3667,2,1.3500,"(-0.12591 0.76687 0.12620)","(-0.10302 0.90444 0.18845)","(0.10228 0.86527 -0.14469)","(-0.11068 0.85878 0.19551)","(0.21271 0.85458 -0.04148)",0.046835,0.151527,0.169844,0.700113,true,false,false,false
266,4.3833,2,1.3667,"(-0.12591 0.76687 0.12620)","(-0.10273 0.90448 0.18861)","(0.10228 0.86527 -0.14469)","(-0.11036 0.85881 0.19569)","(0.21271 0.85458 -0.04148)",0.046838,0.151527,0.169776,0.700113,true,false,false,false
267,4.4000,2,1.3833,"(-0.12591 0.76687 0.12620)","(-0.10302 0.90444 0.18846)","(0.10228 0.86527 -0.14469)","(-0.11068 0.85878 0.19551)","(0.21271 0.85458 -0.04148)",0.046835,0.151527,0.169845,0.700113,true,false,false,false
268,4.4167,2,1.4000,"(-0.12591 0.76687 0.12620)","(-0.10302 0.90444 0.18846)","(0.10228 0.86527 -0.14469)","(-0.11068 0.85878 0.19551)","(0.21271 0.85458 -0.04148)",0.046835,0.151527,0.169845,0.700113,true,false,false,false
269,4.4333,2,1.4167,"(-0.12591 0.76687 0.12620)","(-0.10302 0.90444 0.18845)","(0.10228 0.86527 -0.14469)","(-0.11068 0.85878 0.19551)","(0.21271 0.85458 -0.04148)",0.046835,0.151527,0.169844,0.700113,true,false,false,false
270,4.4500,2,1.4333,"(-0.12591 0.76687 0.12620)","(-0.10052 0.90476 0.18979)","(0.10228 0.86527 -0.14469)","(-0.10793 0.85906 0.19706)","(0.21271 0.85458 -0.04148)",0.046864,0.151527,0.169282,0.700113,true,false,false,false
271,4.4667,2,1.4500,"(-0.12591 0.76687 0.12620)","(-0.10053 0.90476 0.18979)","(0.10228 0.86527 -0.14469)","(-0.10793 0.85906 0.19706)","(0.21271 0.85458 -0.04148)",0.046864,0.151527,0.169284,0.700113,true,false,false,false
272,4.4833,2,1.4667,"(-0.12591 0.76687 0.12620)","(-0.10053 0.90476 0.18979)","(0.10228 0.86527 -0.14469)","(-0.10793 0.85906 0.19706)","(0.21271 0.85458 -0.04148)",0.046864,0.151527,0.169284,0.700113,true,false,false,false
273,4.5000,2,1.4833,"(-0.12591 0.76687 0.12620)","(-0.10053 0.90476 0.18979)","(0.10228 0.86527 -0.14469)","(-0.10793 0.85906 0.19706)","(0.21271 0.85458 -0.04148)",0.046864,0.151527,0.169284,0.700113,true,false,false,false
274,4.5167,2,1.5000,"(-0.12591 0.76687 0.12620)","(-0.10053 0.90476 0.18979)","(0.10228 0.86527 -0.14469)","(-0.10793 0.85906 0.19706)","(0.21271 0.85458 -0.04148)",0.046864,0.151527,0.169284,0.700113,true,false,false,false
275,4.5333,2,1.5167,"(-0.12591 0.76687 0.12620)","(-0.10053 0.90476 0.18979)","(0.10228 0.86527 -0.14469)","(-0.10793 0.85906 0.19706)","(0.21271 0.85458 -0.04148)",0.046864,0.151527,0.169284,0.700113,true,false,false,false
276,4.5500,2,1.5333,"(-0.12591 0.76687 0.12620)","(-0.10053 0.90476 0.18979)","(0.10228 0.86527 -0.14469)","(-0.10793 0.85906 0.19706)","(0.21271 0.85458 -0.04148)",0.046864,0.151527,0.169284,0.700113,true,false,false,false
277,4.5667,2,1.5500,"(-0.12591 0.76687 0.12620)","(-0.10302 0.90444 0.18846)","(0.10228 0.86527 -0.14469)","(-0.11068 0.85878 0.19551)","(0.21271 0.85458 -0.04148)",0.046835,0.151527,0.169846,0.700113,true,false,false,false
278,4.5833,2,1.5667,"(-0.12591 0.76687 0.12620)","(-0.10302 0.90444 0.18845)","(0.10228 0.86527 -0.14469)","(-0.11068 0.85878 0.19551)","(0.21271 0.85458 -0.04148)",0.046835,0.151527,0.169844,0.700113,true,false,false,false
279,4.6000,2,1.5833,"(-0.12591 0.76687 0.12620)","(-0.10302 0.90444 0.18846)","(0.10228 0.86527 -0.14469)","(-0.11068 0.85878 0.19551)","(0.21271 0.85458 -0.04148)",0.046835,0.151527,0.169844,0.700113,true,false,false,false
280,4.6167,2,1.6000,"(-0.12591 0.76687 0.12620)","(-0.10302 0.90444 0.18845)","(0.10228 0.86527 -0.14469)","(-0.11068 0.85878 0.19551)","(0.21271 0.85458 -0.04148)",0.046835,0.151527,0.169844,0.700113,true,false,false,false
281,4.6333,2,1.6167,"(-0.12591 0.76687 0.12620)","(-0.10302 0.90444 0.18845)","(0.10228 0.86527 -0.14469)","(-0.11068 0.85878 0.19551)","(0.21271 0.85458 -0.04148)",0.046835,0.151527,0.169844,0.700113,true,false,false,false
282,4.6500,2,1.6333,"(-0.12591 0.76687 0.12620)","(-0.10233 0.90453 0.18883)","(0.10228 0.86527 -0.14469)","(-0.10992 0.85886 0.19594)","(0.21271 0.85458 -0.04148)",0.046842,0.151527,0.169682,0.700113,true,false,false,false
283,4.6667,2,1.6500,"(-0.12591 0.76687 0.12620)","(-0.10302 0.90444 0.18846)","(0.10228 0.86527 -0.14469)","(-0.11068 0.85878 0.19551)","(0.21271 0.85458 -0.04148)",0.046835,0.151527,0.169845,0.700113,true,false,false,false
284,4.6833,2,1.6667,"(-0.12591 0.76687 0.12620)","(-0.10302 0.90444 0.18846)","(0.10228 0.86527 -0.14469)","(-0.11068 0.85878 0.19551)","(0.21271 0.85458 -0.04148)",0.046835,0.151527,0.169844,0.700113,true,false,false,false
285,4.7000,2,1.6833,"(-0.12591 0.76687 0.12620)","(-0.10301 0.90444 0.18847)","(0.10228 0.86527 -0.14469)","(-0.11066 0.85878 0.19552)","(0.21271 0.85458 -0.04148)",0.046835,0.151527,0.169841,0.700113,true,false,false,false
286,4.7167,2,1.7000,"(-0.12591 0.76687 0.12620)","(-0.10302 0.90444 0.18846)","(0.10228 0.86527 -0.14469)","(-0.11068 0.85878 0.19551)","(0.21271 0.85458 -0.04148)",0.046835,0.151527,0.169845,0.700113,true,false,false,false
287,4.7333,2,1.7167,"(-0.12591 0.76687 0.12620)","(-0.10302 0.90444 0.18846)","(0.10228 0.86527 -0.14469)","(-0.11068 0.85878 0.19551)","(0.21271 0.85458 -0.04148)",0.046835,0.151527,0.169844,0.700113,true,false,false,false
288,4.7500,2,1.7333,"(-0.12591 0.76687 0.12620)","(-0.10276 0.90447 0.18860)","(0.10228 0.86527 -0.14469)","(-0.11039 0.85881 0.19568)","(0.21271 0.85458 -0.04148)",0.046838,0.151527,0.169782,0.700113,true,false,false,false
289,4.7667,2,1.7500,"(-0.12591 0.76687 0.12620)","(-0.10302 0.90444 0.18846)","(0.10228 0.86527 -0.14469)","(-0.11068 0.85878 0.19551)","(0.21271 0.85458 -0.04148)",0.046835,0.151527,0.169845,0.700113,true,false,false,false
290,4.7833,2,1.7667,"(-0.12591 0.76687 0.12620)","(-0.10302 0.90444 0.18846)","(0.10228 0.86527 -0.14469)","(-0.11068 0.85878 0.19551)","(0.21271 0.85458 -0.04148)",0.046835,0.151527,0.169845,0.700113,true,false,false,false
291,4.8000,2,1.7833,"(-0.12591 0.76687 0.12620)","(-0.10288 0.90446 0.18853)","(0.10228 0.86527 -0.14469)","(-0.11052 0.85879 0.19560)","(0.21271 0.85458 -0.04148)",0.046836,0.151527,0.169810,0.700113,true,false,false,false
292,4.8167,2,1.8000,"(-0.12591 0.76687 0.12620)","(-0.10246 0.90451 0.18876)","(0.10228 0.86527 -0.14469)","(-0.11006 0.85884 0.19587)","(0.21271 0.85458 -0.04148)",0.046841,0.151527,0.169713,0.700113,true,false,false,false
293,4.8333,2,1.8167,"(-0.12591 0.76687 0.12620)","(-0.10053 0.90476 0.18979)","(0.10228 0.86527 -0.14469)","(-0.10793 0.85906 0.19706)","(0.21271 0.85458 -0.04148)",0.046864,0.151527,0.169282,0.700113,true,false,false,false
294,4.8500,2,1.8333,"(-0.12591 0.76687 0.12620)","(-0.10053 0.90476 0.18979)","(0.10228 0.86527 -0.14469)","(-0.10793 0.85906 0.19706)","(0.21271 0.85458 -0.04148)",0.046864,0.151527,0.169284,0.700113,true,false,false,false
295,4.8667,2,1.8500,"(-0.12591 0.76687 0.12620)","(-0.10053 0.90476 0.18979)","(0.10228 0.86527 -0.14469)","(-0.10793 0.85906 0.19706)","(0.21271 0.85458 -0.04148)",0.046864,0.151527,0.169284,0.700113,true,false,false,false
296,4.8833,2,1.8667,"(-0.12591 0.76687 0.12620)","(-0.10053 0.90476 0.18979)","(0.10228 0.86527 -0.14469)","(-0.10793 0.85906 0.19706)","(0.21271 0.85458 -0.04148)",0.046864,0.151527,0.169284,0.700113,true,false,false,false
297,4.9000,2,1.8833,"(-0.12591 0.76687 0.12620)","(-0.10294 0.90445 0.18850)","(0.10228 0.86527 -0.14469)","(-0.11060 0.85879 0.19556)","(0.21271 0.85458 -0.04148)",0.046836,0.151527,0.169827,0.700113,true,false,false,false
298,4.9167,2,1.9000,"(-0.12591 0.76687 0.12620)","(-0.10302 0.90444 0.18846)","(0.10228 0.86527 -0.14469)","(-0.11068 0.85878 0.19551)","(0.21271 0.85458 -0.04148)",0.046835,0.151527,0.169845,0.700113,true,false,false,false
299,4.9333,2,1.9167,"(-0.12591 0.76687 0.12620)","(-0.10302 0.90444 0.18845)","(0.10228 0.86527 -0.14469)","(-0.11068 0.85878 0.19551)","(0.21271 0.85458 -0.04148)",0.046835,0.151527,0.169844,0.700113,true,false,false,false
300,4.9500,2,1.9333,"(-0.12591 0.76687 0.12620)","(-0.10302 0.90444 0.18846)","(0.10228 0.86527 -0.14469)","(-0.11068 0.85878 0.19551)","(0.21271 0.85458 -0.04148)",0.046835,0.151527,0.169845,0.700113,true,false,false,false
301,4.9667,2,1.9500,"(-0.12591 0.76687 0.12620)","(-0.10302 0.90444 0.18846)","(0.10228 0.86527 -0.14469)","(-0.11068 0.85878 0.19551)","(0.21271 0.85458 -0.04148)",0.046835,0.151527,0.169845,0.700113,true,false,false,false
302,4.9833,2,1.9667,"(-0.12591 0.76687 0.12620)","(-0.10302 0.90444 0.18846)","(0.10228 0.86527 -0.14469)","(-0.11068 0.85878 0.19551)","(0.21271 0.85458 -0.04148)",0.046835,0.151527,0.169845,0.700113,true,false,false,false
303,5.0000,2,1.9833,"(-0.12591 0.76687 0.12620)","(-0.10302 0.90444 0.18845)","(0.10228 0.86527 -0.14469)","(-0.11068 0.85878 0.19551)","(0.21271 0.85458 -0.04148)",0.046835,0.151527,0.169844,0.700113,true,false,false,false
304,5.0167,2,2.0000,"(-0.12591 0.76687 0.12620)","(-0.10302 0.90444 0.18845)","(0.10228 0.86527 -0.14469)","(-0.11068 0.85878 0.19551)","(0.21271 0.85458 -0.04148)",0.046835,0.151527,0.169844,0.700113,true,false,false,false
305,5.0333,2,2.0167,"(-0.12591 0.76687 0.12620)","(-0.10302 0.90444 0.18846)","(0.10228 0.86527 -0.14469)","(-0.11068 0.85878 0.19551)","(0.21271 0.85458 -0.04148)",0.046835,0.151527,0.169844,0.700113,true,false,false,false
306,5.0500,2,2.0333,"(-0.12591 0.76687 0.12620)","(-0.10302 0.90444 0.18845)","(0.10228 0.86527 -0.14469)","(-0.11068 0.85878 0.19551)","(0.21271 0.85458 -0.04148)",0.046835,0.151527,0.169844,0.700113,true,false,false,false
307,5.0667,2,2.0500,"(-0.12591 0.76687 0.12620)","(-0.10291 0.90445 0.18852)","(0.10228 0.86527 -0.14469)","(-0.11055 0.85879 0.19559)","(0.21271 0.85458 -0.04148)",0.046836,0.151527,0.169817,0.700113,true,false,false,false
308,5.0833,2,2.0667,"(-0.12591 0.76687 0.12620)","(-0.10302 0.90444 0.18846)","(0.10228 0.86527 -0.14469)","(-0.11068 0.85878 0.19551)","(0.21271 0.85458 -0.04148)",0.046835,0.151527,0.169845,0.700113,true,false,false,false
309,5.1000,2,2.0833,"(-0.12591 0.76687 0.12620)","(-0.10302 0.90444 0.18845)","(0.10228 0.86527 -0.14469)","(-0.11068 0.85878 0.19551)","(0.21271 0.85458 -0.04148)",0.046835,0.151527,0.169844,0.700113,true,false,false,false
310,5.1167,2,2.1000,"(-0.12591 0.76687 0.12620)","(-0.10302 0.90444 0.18846)","(0.10228 0.86527 -0.14469)","(-0.11068 0.85878 0.19551)","(0.21271 0.85458 -0.04148)",0.046835,0.151527,0.169844,0.700113,true,false,false,false
311,5.1333,2,2.1167,"(-0.12591 0.76687 0.12620)","(-0.10302 0.90444 0.18846)","(0.10228 0.86527 -0.14469)","(-0.11068 0.85878 0.19551)","(0.21271 0.85458 -0.04148)",0.046835,0.151527,0.169844,0.700113,true,false,false,false
312,5.1500,2,2.1333,"(-0.12591 0.76687 0.12620)","(-0.10302 0.90444 0.18845)","(0.10228 0.86527 -0.14469)","(-0.11068 0.85878 0.19551)","(0.21271 0.85458 -0.04148)",0.046835,0.151527,0.169844,0.700113,true,false,false,false
313,5.1667,2,2.1500,"(-0.12591 0.76687 0.12620)","(-0.10339 0.90439 0.18826)","(0.10228 0.86527 -0.14469)","(-0.11109 0.85874 0.19528)","(0.21271 0.85458 -0.04148)",0.046831,0.151527,0.169932,0.700113,true,false,false,false
314,5.1833,2,2.1667,"(-0.12591 0.76687 0.12620)","(-0.10302 0.90444 0.18845)","(0.10228 0.86527 -0.14469)","(-0.11068 0.85878 0.19551)","(0.21271 0.85458 -0.04148)",0.046835,0.151527,0.169844,0.700113,true,false,false,false
315,5.2000,2,2.1833,"(-0.12591 0.76687 0.12620)","(-0.10302 0.90444 0.18845)","(0.10228 0.86527 -0.14469)","(-0.11068 0.85878 0.19551)","(0.21271 0.85458 -0.04148)",0.046835,0.151527,0.169844,0.700113,true,false,false,false
316,5.2167,2,2.2000,"(-0.12591 0.76687 0.12620)","(-0.10302 0.90444 0.18846)","(0.10228 0.86527 -0.14469)","(-0.11068 0.85878 0.19551)","(0.21271 0.85458 -0.04148)",0.046835,0.151527,0.169844,0.700113,true,false,false,false
317,5.2333,2,2.2167,"(-0.12591 0.76687 0.12620)","(-0.10302 0.90444 0.18845)","(0.10228 0.86527 -0.14469)","(-0.11068 0.85878 0.19551)","(0.21271 0.85458 -0.04148)",0.046835,0.151527,0.169844,0.700113,true,false,false,false
318,5.2500,2,2.2333,"(-0.12591 0.76687 0.12620)","(-0.10302 0.90444 0.18845)","(0.10228 0.86527 -0.14469)","(-0.11068 0.85878 0.19551)","(0.21271 0.85458 -0.04148)",0.046835,0.151527,0.169844,0.700113,true,false,false,false
319,5.2667,2,2.2500,"(-0.12591 0.76687 0.12620)","(-0.10302 0.90444 0.18845)","(0.10228 0.86527 -0.14469)","(-0.11068 0.85878 0.19551)","(0.21271 0.85458 -0.04148)",0.046835,0.151527,0.169844,0.700113,true,false,false,false
320,5.2833,2,2.2667,"(-0.12591 0.76687 0.12620)","(-0.10302 0.90444 0.18846)","(0.10228 0.86527 -0.14469)","(-0.11068 0.85878 0.19551)","(0.21271 0.85458 -0.04148)",0.046835,0.151527,0.169844,0.700113,true,false,false,false
321,5.3000,2,2.2833,"(-0.12591 0.76687 0.12620)","(-0.10302 0.90444 0.18845)","(0.10228 0.86527 -0.14469)","(-0.11068 0.85878 0.19551)","(0.21271 0.85458 -0.04148)",0.046835,0.151527,0.169844,0.700113,true,false,false,false
322,5.3167,2,2.3000,"(-0.12591 0.76687 0.12620)","(-0.10302 0.90444 0.18845)","(0.10228 0.86527 -0.14469)","(-0.11068 0.85878 0.19551)","(0.21271 0.85458 -0.04148)",0.046835,0.151527,0.169844,0.700113,true,false,false,false
323,5.3333,2,2.3167,"(-0.12591 0.76687 0.12620)","(-0.10302 0.90444 0.18846)","(0.10228 0.86527 -0.14469)","(-0.11068 0.85878 0.19551)","(0.21271 0.85458 -0.04148)",0.046835,0.151527,0.169844,0.700113,true,false,false,false
324,5.3500,2,2.3333,"(-0.12591 0.76687 0.12620)","(-0.10302 0.90444 0.18845)","(0.10228 0.86527 -0.14469)","(-0.11068 0.85878 0.19551)","(0.21271 0.85458 -0.04148)",0.046835,0.151527,0.169844,0.700113,true,false,false,false
325,5.3667,2,2.3500,"(-0.12591 0.76687 0.12620)","(-0.10302 0.90444 0.18845)","(0.10228 0.86527 -0.14469)","(-0.11068 0.85878 0.19551)","(0.21271 0.85458 -0.04148)",0.046835,0.151527,0.169844,0.700113,true,false,false,false
326,5.3833,2,2.3667,"(-0.12591 0.76687 0.12620)","(-0.10302 0.90444 0.18845)","(0.10228 0.86527 -0.14469)","(-0.11068 0.85878 0.19551)","(0.21271 0.85458 -0.04148)",0.046835,0.151527,0.169844,0.700113,true,false,false,false
327,5.4000,2,2.3833,"(-0.12591 0.76687 0.12620)","(-0.10302 0.90444 0.18845)","(0.10228 0.86527 -0.14469)","(-0.11068 0.85878 0.19551)","(0.21271 0.85458 -0.04148)",0.046835,0.151527,0.169844,0.700113,true,false,false,false
328,5.4167,2,2.4000,"(-0.12591 0.76687 0.12620)","(-0.10302 0.90444 0.18846)","(0.10228 0.86527 -0.14469)","(-0.11068 0.85878 0.19551)","(0.21271 0.85458 -0.04148)",0.046835,0.151527,0.169844,0.700113,true,false,false,false
329,5.4333,2,2.4167,"(-0.12591 0.76687 0.12620)","(-0.10302 0.90444 0.18845)","(0.10228 0.86527 -0.14469)","(-0.11068 0.85878 0.19551)","(0.21271 0.85458 -0.04148)",0.046835,0.151527,0.169844,0.700113,true,false,false,false
330,5.4500,2,2.4333,"(-0.12591 0.76687 0.12620)","(-0.10302 0.90444 0.18845)","(0.10228 0.86527 -0.14469)","(-0.11068 0.85878 0.19551)","(0.21271 0.85458 -0.04148)",0.046835,0.151527,0.169844,0.700113,true,false,false,false
331,5.4667,2,2.4500,"(-0.12591 0.76687 0.12620)","(-0.10302 0.90444 0.18845)","(0.10228 0.86527 -0.14469)","(-0.11068 0.85878 0.19551)","(0.21271 0.85458 -0.04148)",0.046835,0.151527,0.169844,0.700113,true,false,false,false
332,5.4833,2,2.4667,"(-0.12591 0.76687 0.12620)","(-0.10302 0.90444 0.18846)","(0.10228 0.86527 -0.14469)","(-0.11068 0.85878 0.19551)","(0.21271 0.85458 -0.04148)",0.046835,0.151527,0.169844,0.700113,true,false,false,false
333,5.5000,2,2.4833,"(-0.12591 0.76687 0.12620)","(-0.10302 0.90444 0.18845)","(0.10228 0.86527 -0.14469)","(-0.11068 0.85878 0.19551)","(0.21271 0.85458 -0.04148)",0.046835,0.151527,0.169844,0.700113,true,false,false,false
334,5.5167,2,2.5000,"(-0.12591 0.76687 0.12620)","(-0.10302 0.90444 0.18845)","(0.10228 0.86527 -0.14469)","(-0.11068 0.85878 0.19551)","(0.21271 0.85458 -0.04148)",0.046835,0.151527,0.169844,0.700113,true,false,false,false
335,5.5333,2,2.5167,"(-0.12591 0.76687 0.12620)","(-0.10302 0.90444 0.18845)","(0.10228 0.86527 -0.14469)","(-0.11068 0.85878 0.19551)","(0.21271 0.85458 -0.04148)",0.046835,0.151527,0.169844,0.700113,true,false,false,false
336,5.5500,2,2.5333,"(-0.12591 0.76687 0.12620)","(-0.10302 0.90444 0.18845)","(0.10228 0.86527 -0.14469)","(-0.11068 0.85878 0.19551)","(0.21271 0.85458 -0.04148)",0.046835,0.151527,0.169844,0.700113,true,false,false,false
337,5.5667,2,2.5500,"(-0.12591 0.76687 0.12620)","(-0.10302 0.90444 0.18846)","(0.10228 0.86527 -0.14469)","(-0.11068 0.85878 0.19551)","(0.21271 0.85458 -0.04148)",0.046835,0.151527,0.169844,0.700113,true,false,false,false
338,5.5833,2,2.5667,"(-0.12591 0.76687 0.12620)","(-0.10397 0.90432 0.18795)","(0.10228 0.86527 -0.14469)","(-0.11172 0.85867 0.19493)","(0.21271 0.85458 -0.04148)",0.046826,0.151527,0.170070,0.700113,true,false,false,false
339,5.6000,2,2.5833,"(-0.12591 0.76687 0.12620)","(-0.10355 0.90436 0.18812)","(0.10228 0.86527 -0.14469)","(-0.11126 0.85870 0.19513)","(0.21271 0.85458 -0.04148)",0.046831,0.151527,0.169927,0.700113,true,false,false,false
340,5.6167,2,2.6000,"(-0.12591 0.76687 0.12620)","(-0.10389 0.90433 0.18799)","(0.10228 0.86527 -0.14469)","(-0.11163 0.85868 0.19498)","(0.21271 0.85458 -0.04148)",0.046827,0.151527,0.170050,0.700113,true,false,false,false
341,5.6333,2,2.6167,"(-0.12591 0.76687 0.12620)","(-0.10300 0.90443 0.18842)","(0.10228 0.86527 -0.14469)","(-0.11065 0.85876 0.19547)","(0.21271 0.85458 -0.04148)",0.046837,0.151527,0.169796,0.700113,true,false,false,false
342,5.6500,2,2.6333,"(-0.12591 0.76687 0.12620)","(-0.10352 0.90438 0.18819)","(0.10228 0.86527 -0.14469)","(-0.11123 0.85872 0.19521)","(0.21271 0.85458 -0.04148)",0.046830,0.151527,0.169961,0.700113,true,false,false,false
343,5.6667,2,2.6500,"(-0.12591 0.76687 0.12620)","(-0.10346 0.90438 0.18822)","(0.10228 0.86527 -0.14469)","(-0.11117 0.85873 0.19524)","(0.21271 0.85458 -0.04148)",0.046831,0.151527,0.169948,0.700113,true,false,false,false
344,5.6833,2,2.6667,"(-0.12591 0.76687 0.12620)","(-0.10345 0.90439 0.18823)","(0.10228 0.86527 -0.14469)","(-0.11115 0.85873 0.19525)","(0.21271 0.85458 -0.04148)",0.046831,0.151527,0.169945,0.700113,true,false,false,false
345,5.7000,2,2.6833,"(-0.12591 0.76687 0.12620)","(-0.10364 0.90436 0.18813)","(0.10228 0.86527 -0.14469)","(-0.11136 0.85871 0.19513)","(0.21271 0.85458 -0.04148)",0.046829,0.151527,0.169989,0.700113,true,false,false,false
346,5.7167,2,2.7000,"(-0.12591 0.76687 0.12620)","(-0.10393 0.90433 0.18797)","(0.10228 0.86527 -0.14469)","(-0.11168 0.85868 0.19495)","(0.21271 0.85458 -0.04148)",0.046826,0.151527,0.170060,0.700113,true,false,false,false
347,5.7333,2,2.7167,"(-0.12591 0.76687 0.12620)","(-0.10322 0.90440 0.18830)","(0.10228 0.86527 -0.14469)","(-0.11090 0.85874 0.19533)","(0.21271 0.85458 -0.04148)",0.046835,0.151527,0.169850,0.700113,true,false,false,false
348,5.7500,2,2.7333,"(-0.12591 0.76687 0.12620)","(-0.10377 0.90435 0.18805)","(0.10228 0.86527 -0.14469)","(-0.11151 0.85869 0.19505)","(0.21271 0.85458 -0.04148)",0.046828,0.151527,0.170022,0.700113,true,false,false,false
349,5.7667,2,2.7500,"(-0.12591 0.76687 0.12620)","(-0.10422 0.90427 0.18776)","(0.10228 0.86527 -0.14469)","(-0.11200 0.85863 0.19472)","(0.21271 0.85458 -0.04148)",0.046825,0.151527,0.170090,0.700113,true,false,false,false
350,5.7833,2,2.7667,"(-0.12591 0.76687 0.12620)","(-0.10412 0.90430 0.18787)","(0.10228 0.86527 -0.14469)","(-0.11189 0.85866 0.19483)","(0.21271 0.85458 -0.04148)",0.046825,0.151527,0.170107,0.700113,true,false,false,false
351,5.8000,2,2.7833,"(-0.12591 0.76687 0.12620)","(-0.10331 0.90439 0.18825)","(0.10228 0.86527 -0.14469)","(-0.11100 0.85873 0.19528)","(0.21271 0.85458 -0.04148)",0.046834,0.151527,0.169871,0.700113,true,false,false,false
352,5.8167,2,2.8000,"(-0.12591 0.76687 0.12620)","(-0.10400 0.90432 0.18793)","(0.10228 0.86527 -0.14469)","(-0.11176 0.85867 0.19491)","(0.21271 0.85458 -0.04148)",0.046826,0.151527,0.170078,0.700113,true,false,false,false
353,5.8333,2,2.8167,"(-0.12591 0.76687 0.12620)","(-0.10361 0.90435 0.18809)","(0.10228 0.86527 -0.14469)","(-0.11133 0.85870 0.19509)","(0.21271 0.85458 -0.04148)",0.046831,0.151527,0.169942,0.700113,true,false,false,false
354,5.8500,2,2.8333,"(-0.12591 0.76687 0.12620)","(-0.10352 0.90438 0.18819)","(0.10228 0.86527 -0.14469)","(-0.11123 0.85872 0.19520)","(0.21271 0.85458 -0.04148)",0.046830,0.151527,0.169962,0.700113,true,false,false,false
355,5.8667,2,2.8500,"(-0.12591 0.76687 0.12620)","(-0.10352 0.90438 0.18819)","(0.10228 0.86527 -0.14469)","(-0.11123 0.85872 0.19520)","(0.21271 0.85458 -0.04148)",0.046830,0.151527,0.169962,0.700113,true,false,false,false
356,5.8833,2,2.8667,"(-0.12591 0.76687 0.12620)","(-0.10352 0.90438 0.18819)","(0.10228 0.86527 -0.14469)","(-0.11123 0.85872 0.19520)","(0.21271 0.85458 -0.04148)",0.046830,0.151527,0.169962,0.700113,true,false,false,false
357,5.9000,2,2.8833,"(-0.12591 0.76687 0.12620)","(-0.10352 0.90438 0.18819)","(0.10228 0.86527 -0.14469)","(-0.11123 0.85872 0.19520)","(0.21271 0.85458 -0.04148)",0.046830,0.151527,0.169962,0.700113,true,false,false,false
358,5.9167,2,2.9000,"(-0.12591 0.76687 0.12620)","(-0.10352 0.90438 0.18819)","(0.10228 0.86527 -0.14469)","(-0.11123 0.85872 0.19520)","(0.21271 0.85458 -0.04148)",0.046830,0.151527,0.169962,0.700113,true,false,false,false
359,5.9333,2,2.9167,"(-0.12591 0.76687 0.12620)","(-0.10352 0.90438 0.18819)","(0.10228 0.86527 -0.14469)","(-0.11123 0.85872 0.19520)","(0.21271 0.85458 -0.04148)",0.046830,0.151527,0.169962,0.700113,true,false,false,false
360,5.9500,2,2.9333,"(-0.12591 0.76687 0.12620)","(-0.10352 0.90438 0.18819)","(0.10228 0.86527 -0.14469)","(-0.11123 0.85872 0.19520)","(0.21271 0.85458 -0.04148)",0.046830,0.151527,0.169962,0.700113,true,false,false,false
361,5.9667,2,2.9500,"(-0.12591 0.76687 0.12620)","(-0.10352 0.90438 0.18819)","(0.10228 0.86527 -0.14469)","(-0.11123 0.85872 0.19520)","(0.21271 0.85458 -0.04148)",0.046830,0.151527,0.169962,0.700113,true,false,false,false
362,5.9833,2,2.9667,"(-0.12591 0.76687 0.12620)","(-0.10352 0.90438 0.18819)","(0.10228 0.86527 -0.14469)","(-0.11123 0.85872 0.19520)","(0.21271 0.85458 -0.04148)",0.046830,0.151527,0.169963,0.700113,true,false,false,false
363,6.0000,2,2.9833,"(-0.12591 0.76687 0.12620)","(-0.10352 0.90438 0.18819)","(0.10228 0.86527 -0.14469)","(-0.11123 0.85872 0.19520)","(0.21271 0.85458 -0.04148)",0.046830,0.151527,0.169962,0.700113,true,false,false,false
364,6.0167,2,3.0000,"(-0.12591 0.76687 0.12620)","(-0.10352 0.90438 0.18819)","(0.10228 0.86527 -0.14469)","(-0.11123 0.85872 0.19520)","(0.21271 0.85458 -0.04148)",0.046830,0.151527,0.169962,0.700113,true,false,false,false
365,6.0333,2,3.0167,"(-0.12591 0.76687 0.12620)","(-0.10352 0.90438 0.18819)","(0.10228 0.86527 -0.14469)","(-0.11123 0.85872 0.19520)","(0.21271 0.85458 -0.04148)",0.046830,0.151527,0.169963,0.700113,true,false,false,false
366,6.0333,3,0.0000,"(-0.12591 0.76687 0.12620)","(0.01589 0.92669 0.25035)","(0.11042 0.86111 -0.13463)","(0.02302 0.87224 0.27067)","(0.21271 0.85458 -0.04148)",0.058547,0.138505,0.221371,0.688451,true,false,false,false
367,6.0500,3,0.0167,"(-0.12591 0.76687 0.12620)","(-0.09929 0.90513 0.19121)","(0.10485 0.86390 -0.14147)","(-0.10655 0.85944 0.19866)","(0.21271 0.85458 -0.04148)",0.046854,0.147374,0.169608,0.696366,true,false,false,false
368,6.0667,3,0.0333,"(-0.12591 0.76687 0.12620)","(-0.09482 0.90551 0.19288)","(0.10310 0.86482 -0.14366)","(-0.10165 0.85970 0.20062)","(0.21271 0.85458 -0.04148)",0.046957,0.150199,0.168225,0.698904,true,false,false,false
369,6.0833,3,0.0500,"(-0.12591 0.76687 0.12620)","(-0.09303 0.90574 0.19379)","(0.10236 0.86522 -0.14459)","(-0.09968 0.85989 0.20168)","(0.21271 0.85458 -0.04148)",0.046997,0.151391,0.167898,0.699986,true,false,false,false
370,6.1000,3,0.0667,"(-0.12591 0.76687 0.12620)","(-0.09771 0.90512 0.19130)","(0.10231 0.86525 -0.14466)","(-0.10483 0.85937 0.19880)","(0.21271 0.85458 -0.04148)",0.046905,0.151484,0.168716,0.700072,true,false,false,false
371,6.1167,3,0.0833,"(-0.12591 0.76687 0.12620)","(-0.10350 0.90438 0.18820)","(0.10228 0.86526 -0.14469)","(-0.11121 0.85873 0.19522)","(0.21271 0.85458 -0.04148)",0.046830,0.151523,0.169958,0.700109,true,false,false,false
372,6.1333,3,0.1000,"(-0.12591 0.76687 0.12620)","(-0.10365 0.90436 0.18812)","(0.10228 0.86527 -0.14469)","(-0.11137 0.85871 0.19513)","(0.21271 0.85458 -0.04148)",0.046829,0.151527,0.169993,0.700112,true,false,false,false
373,6.1500,3,0.1167,"(-0.12591 0.76687 0.12620)","(-0.10376 0.90435 0.18806)","(0.10228 0.86527 -0.14469)","(-0.11149 0.85870 0.19506)","(0.21271 0.85458 -0.04148)",0.046828,0.151527,0.170020,0.700113,true,false,false,false
374,6.1667,3,0.1333,"(-0.12591 0.76687 0.12620)","(-0.10386 0.90432 0.18795)","(0.10228 0.86527 -0.14469)","(-0.11161 0.85867 0.19494)","(0.21271 0.85458 -0.04148)",0.046828,0.151527,0.170004,0.700113,true,false,false,false
375,6.1833,3,0.1500,"(-0.12591 0.76687 0.12620)","(-0.10302 0.90444 0.18845)","(0.10228 0.86527 -0.14469)","(-0.11068 0.85878 0.19551)","(0.21271 0.85458 -0.04148)",0.046835,0.151527,0.169844,0.700113,true,false,false,false
376,6.2000,3,0.1667,"(-0.12591 0.76687 0.12620)","(-0.10302 0.90444 0.18845)","(0.10228 0.86527 -0.14469)","(-0.11068 0.85878 0.19551)","(0.21271 0.85458 -0.04148)",0.046835,0.151527,0.169845,0.700113,true,false,false,false
377,6.2167,3,0.1833,"(-0.12591 0.76687 0.12620)","(-0.10302 0.90444 0.18845)","(0.10228 0.86527 -0.14469)","(-0.11068 0.85878 0.19551)","(0.21271 0.85458 -0.04148)",0.046835,0.151527,0.169844,0.700113,true,false,false,false
378,6.2333,3,0.2000,"(-0.12591 0.76687 0.12620)","(-0.10302 0.90444 0.18846)","(0.10228 0.86527 -0.14469)","(-0.11068 0.85878 0.19551)","(0.21271 0.85458 -0.04148)",0.046835,0.151527,0.169844,0.700113,true,false,false,false
379,6.2500,3,0.2167,"(-0.12591 0.76687 0.12620)","(-0.10302 0.90444 0.18846)","(0.10228 0.86527 -0.14469)","(-0.11068 0.85878 0.19551)","(0.21271 0.85458 -0.04148)",0.046835,0.151527,0.169844,0.700113,true,false,false,false
380,6.2667,3,0.2333,"(-0.12591 0.76687 0.12620)","(-0.10302 0.90444 0.18846)","(0.10228 0.86527 -0.14469)","(-0.11068 0.85878 0.19551)","(0.21271 0.85458 -0.04148)",0.046835,0.151527,0.169844,0.700113,true,false,false,false
381,6.2833,3,0.2500,"(-0.12591 0.76687 0.12620)","(-0.10302 0.90444 0.18846)","(0.10228 0.86527 -0.14469)","(-0.11068 0.85878 0.19551)","(0.21271 0.85458 -0.04148)",0.046835,0.151527,0.169844,0.700113,true,false,false,false
382,6.3000,3,0.2667,"(-0.12591 0.76687 0.12620)","(-0.10302 0.90444 0.18845)","(0.10228 0.86527 -0.14469)","(-0.11068 0.85878 0.19551)","(0.21271 0.85458 -0.04148)",0.046835,0.151527,0.169844,0.700113,true,false,false,false
383,6.3167,3,0.2833,"(-0.12591 0.76687 0.12620)","(-0.10302 0.90444 0.18845)","(0.10228 0.86527 -0.14469)","(-0.11068 0.85878 0.19551)","(0.21271 0.85458 -0.04148)",0.046835,0.151527,0.169844,0.700113,true,false,false,false
384,6.3333,3,0.3000,"(-0.12591 0.76687 0.12620)","(-0.10302 0.90444 0.18845)","(0.10228 0.86527 -0.14469)","(-0.11068 0.85878 0.19551)","(0.21271 0.85458 -0.04148)",0.046835,0.151527,0.169844,0.700113,true,false,false,false
385,6.3500,3,0.3167,"(-0.12591 0.76687 0.12620)","(-0.10302 0.90444 0.18845)","(0.10228 0.86527 -0.14469)","(-0.11068 0.85878 0.19551)","(0.21271 0.85458 -0.04148)",0.046835,0.151527,0.169844,0.700113,true,false,false,false
386,6.3667,3,0.3333,"(-0.12591 0.76687 0.12620)","(-0.10302 0.90444 0.18846)","(0.10228 0.86527 -0.14469)","(-0.11068 0.85878 0.19551)","(0.21271 0.85458 -0.04148)",0.046835,0.151527,0.169844,0.700113,true,false,false,false
387,6.3833,3,0.3500,"(-0.12591 0.76687 0.12620)","(-0.10302 0.90444 0.18846)","(0.10228 0.86527 -0.14469)","(-0.11068 0.85878 0.19551)","(0.21271 0.85458 -0.04148)",0.046835,0.151527,0.169844,0.700113,true,false,false,false
388,6.4000,3,0.3667,"(-0.12591 0.76687 0.12620)","(-0.10302 0.90444 0.18845)","(0.10228 0.86527 -0.14469)","(-0.11068 0.85878 0.19551)","(0.21271 0.85458 -0.04148)",0.046835,0.151527,0.169844,0.700113,true,false,false,false
389,6.4167,3,0.3833,"(-0.12591 0.76687 0.12620)","(-0.10302 0.90444 0.18845)","(0.10228 0.86527 -0.14469)","(-0.11068 0.85878 0.19551)","(0.21271 0.85458 -0.04148)",0.046835,0.151527,0.169844,0.700113,true,false,false,false
390,6.4333,3,0.4000,"(-0.12591 0.76687 0.12620)","(-0.10302 0.90444 0.18846)","(0.10228 0.86527 -0.14469)","(-0.11068 0.85878 0.19551)","(0.21271 0.85458 -0.04148)",0.046835,0.151527,0.169844,0.700113,true,false,false,false
391,6.4500,3,0.4167,"(-0.12591 0.76687 0.12620)","(-0.10302 0.90444 0.18845)","(0.10228 0.86527 -0.14469)","(-0.11068 0.85878 0.19551)","(0.21271 0.85458 -0.04148)",0.046835,0.151527,0.169844,0.700113,true,false,false,false
392,6.4667,3,0.4333,"(-0.12591 0.76687 0.12620)","(-0.10302 0.90444 0.18846)","(0.10228 0.86527 -0.14469)","(-0.11068 0.85878 0.19551)","(0.21271 0.85458 -0.04148)",0.046835,0.151527,0.169844,0.700113,true,false,false,false
393,6.4833,3,0.4500,"(-0.12591 0.76687 0.12620)","(-0.10302 0.90444 0.18845)","(0.10228 0.86527 -0.14469)","(-0.11068 0.85878 0.19551)","(0.21271 0.85458 -0.04148)",0.046835,0.151527,0.169844,0.700113,true,false,false,false
394,6.5000,3,0.4667,"(-0.12591 0.76687 0.12620)","(-0.10302 0.90444 0.18845)","(0.10228 0.86527 -0.14469)","(-0.11068 0.85878 0.19551)","(0.21271 0.85458 -0.04148)",0.046835,0.151527,0.169844,0.700113,true,false,false,false
395,6.5167,3,0.4833,"(-0.12591 0.76687 0.12620)","(-0.10302 0.90444 0.18845)","(0.10228 0.86527 -0.14469)","(-0.11068 0.85878 0.19551)","(0.21271 0.85458 -0.04148)",0.046835,0.151527,0.169844,0.700113,true,false,false,false
396,6.5333,3,0.5000,"(-0.12591 0.76687 0.12620)","(-0.10302 0.90444 0.18845)","(0.10228 0.86527 -0.14469)","(-0.11068 0.85878 0.19551)","(0.21271 0.85458 -0.04148)",0.046835,0.151527,0.169844,0.700113,true,false,false,false
397,6.5500,3,0.5167,"(-0.12591 0.76687 0.12620)","(-0.10302 0.90444 0.18845)","(0.10228 0.86527 -0.14469)","(-0.11068 0.85878 0.19551)","(0.21271 0.85458 -0.04148)",0.046835,0.151527,0.169844,0.700113,true,false,false,false
398,6.5667,3,0.5333,"(-0.12591 0.76687 0.12620)","(-0.10302 0.90444 0.18845)","(0.10228 0.86527 -0.14469)","(-0.11068 0.85878 0.19551)","(0.21271 0.85458 -0.04148)",0.046835,0.151527,0.169845,0.700113,true,false,false,false
399,6.5833,3,0.5500,"(-0.12591 0.76687 0.12620)","(-0.10302 0.90444 0.18846)","(0.10228 0.86527 -0.14469)","(-0.11068 0.85878 0.19551)","(0.21271 0.85458 -0.04148)",0.046835,0.151527,0.169844,0.700113,true,false,false,false
400,6.6000,3,0.5667,"(-0.12591 0.76687 0.12620)","(-0.10302 0.90444 0.18845)","(0.10228 0.86527 -0.14469)","(-0.11068 0.85878 0.19551)","(0.21271 0.85458 -0.04148)",0.046835,0.151527,0.169844,0.700113,true,false,false,false
401,6.6167,3,0.5833,"(-0.12591 0.76687 0.12620)","(-0.10302 0.90444 0.18845)","(0.10228 0.86527 -0.14469)","(-0.11068 0.85878 0.19551)","(0.21271 0.85458 -0.04148)",0.046835,0.151527,0.169844,0.700113,true,false,false,false
402,6.6333,3,0.6000,"(-0.12591 0.76687 0.12620)","(-0.10302 0.90444 0.18845)","(0.10228 0.86527 -0.14469)","(-0.11068 0.85878 0.19551)","(0.21271 0.85458 -0.04148)",0.046835,0.151527,0.169844,0.700113,true,false,false,false
403,6.6500,3,0.6167,"(-0.12591 0.76687 0.12620)","(-0.10302 0.90444 0.18846)","(0.10228 0.86527 -0.14469)","(-0.11068 0.85878 0.19551)","(0.21271 0.85458 -0.04148)",0.046835,0.151527,0.169844,0.700113,true,false,false,false
404,6.6667,3,0.6333,"(-0.12591 0.76687 0.12620)","(-0.10302 0.90444 0.18845)","(0.10228 0.86527 -0.14469)","(-0.11068 0.85878 0.19551)","(0.21271 0.85458 -0.04148)",0.046835,0.151527,0.169844,0.700113,true,false,false,false
405,6.6833,3,0.6500,"(-0.12591 0.76687 0.12620)","(-0.10302 0.90444 0.18846)","(0.10228 0.86527 -0.14469)","(-0.11068 0.85878 0.19551)","(0.21271 0.85458 -0.04148)",0.046835,0.151527,0.169844,0.700113,true,false,false,false
406,6.7000,3,0.6667,"(-0.12591 0.76687 0.12620)","(-0.10302 0.90444 0.18845)","(0.10228 0.86527 -0.14469)","(-0.11068 0.85878 0.19551)","(0.21271 0.85458 -0.04148)",0.046835,0.151527,0.169844,0.700113,true,false,false,false
407,6.7167,3,0.6833,"(-0.12591 0.76687 0.12620)","(-0.10302 0.90444 0.18845)","(0.10228 0.86527 -0.14469)","(-0.11068 0.85878 0.19551)","(0.21271 0.85458 -0.04148)",0.046835,0.151527,0.169844,0.700113,true,false,false,false
408,6.7333,3,0.7000,"(-0.12591 0.76687 0.12620)","(-0.10302 0.90444 0.18845)","(0.10228 0.86527 -0.14469)","(-0.11068 0.85878 0.19551)","(0.21271 0.85458 -0.04148)",0.046835,0.151527,0.169844,0.700113,true,false,false,false
409,6.7500,3,0.7167,"(-0.12591 0.76687 0.12620)","(-0.10302 0.90444 0.18846)","(0.10228 0.86527 -0.14469)","(-0.11068 0.85878 0.19551)","(0.21271 0.85458 -0.04148)",0.046835,0.151527,0.169844,0.700113,true,false,false,false
410,6.7667,3,0.7333,"(-0.12591 0.76687 0.12620)","(-0.10302 0.90444 0.18845)","(0.10228 0.86527 -0.14469)","(-0.11068 0.85878 0.19551)","(0.21271 0.85458 -0.04148)",0.046835,0.151527,0.169844,0.700113,true,false,false,false
411,6.7833,3,0.7500,"(-0.12591 0.76687 0.12620)","(-0.10302 0.90444 0.18845)","(0.10228 0.86527 -0.14469)","(-0.11068 0.85878 0.19551)","(0.21271 0.85458 -0.04148)",0.046835,0.151527,0.169844,0.700113,true,false,false,false
412,6.8000,3,0.7667,"(-0.12591 0.76687 0.12620)","(-0.10302 0.90444 0.18845)","(0.10228 0.86527 -0.14469)","(-0.11068 0.85878 0.19551)","(0.21271 0.85458 -0.04148)",0.046835,0.151527,0.169844,0.700113,true,false,false,false
413,6.8167,3,0.7833,"(-0.12591 0.76687 0.12620)","(-0.10302 0.90444 0.18845)","(0.10228 0.86527 -0.14469)","(-0.11068 0.85878 0.19551)","(0.21271 0.85458 -0.04148)",0.046835,0.151527,0.169844,0.700113,true,false,false,false
414,6.8333,3,0.8000,"(-0.12591 0.76687 0.12620)","(-0.10302 0.90444 0.18846)","(0.10228 0.86527 -0.14469)","(-0.11068 0.85878 0.19551)","(0.21271 0.85458 -0.04148)",0.046835,0.151527,0.169844,0.700113,true,false,false,false
415,6.8500,3,0.8167,"(-0.12591 0.76687 0.12620)","(-0.10302 0.90444 0.18845)","(0.10228 0.86527 -0.14469)","(-0.11068 0.85878 0.19551)","(0.21271 0.85458 -0.04148)",0.046835,0.151527,0.169844,0.700113,true,false,false,false
416,6.8667,3,0.8333,"(-0.12591 0.76687 0.12620)","(-0.10302 0.90444 0.18845)","(0.10228 0.86527 -0.14469)","(-0.11068 0.85878 0.19551)","(0.21271 0.85458 -0.04148)",0.046835,0.151527,0.169844,0.700113,true,false,false,false
417,6.8833,3,0.8500,"(-0.12591 0.76687 0.12620)","(-0.10302 0.90444 0.18845)","(0.10228 0.86527 -0.14469)","(-0.11068 0.85878 0.19551)","(0.21271 0.85458 -0.04148)",0.046835,0.151527,0.169845,0.700113,true,false,false,false
418,6.9000,3,0.8667,"(-0.12591 0.76687 0.12620)","(-0.10302 0.90444 0.18845)","(0.10228 0.86527 -0.14469)","(-0.11068 0.85878 0.19551)","(0.21271 0.85458 -0.04148)",0.046835,0.151527,0.169844,0.700113,true,false,false,false
419,6.9167,3,0.8833,"(-0.12591 0.76687 0.12620)","(-0.10302 0.90444 0.18845)","(0.10228 0.86527 -0.14469)","(-0.11068 0.85878 0.19551)","(0.21271 0.85458 -0.04148)",0.046835,0.151527,0.169844,0.700113,true,false,false,false
420,6.9333,3,0.9000,"(-0.12591 0.76687 0.12620)","(-0.10302 0.90444 0.18845)","(0.10228 0.86527 -0.14469)","(-0.11068 0.85878 0.19551)","(0.21271 0.85458 -0.04148)",0.046835,0.151527,0.169844,0.700113,true,false,false,false
421,6.9500,3,0.9167,"(-0.12591 0.76687 0.12620)","(-0.10302 0.90444 0.18845)","(0.10228 0.86527 -0.14469)","(-0.11068 0.85878 0.19551)","(0.21271 0.85458 -0.04148)",0.046835,0.151527,0.169844,0.700113,true,false,false,false
422,6.9667,3,0.9333,"(-0.12591 0.76687 0.12620)","(-0.10302 0.90444 0.18845)","(0.10228 0.86527 -0.14469)","(-0.11068 0.85878 0.19551)","(0.21271 0.85458 -0.04148)",0.046835,0.151527,0.169844,0.700113,true,false,false,false
423,6.9833,3,0.9500,"(-0.12591 0.76687 0.12620)","(-0.10283 0.90446 0.18856)","(0.10228 0.86527 -0.14469)","(-0.11047 0.85880 0.19563)","(0.21271 0.85458 -0.04148)",0.046837,0.151527,0.169800,0.700113,true,false,false,false
424,7.0000,3,0.9667,"(-0.12591 0.76687 0.12620)","(-0.10283 0.90446 0.18856)","(0.10228 0.86527 -0.14469)","(-0.11047 0.85880 0.19563)","(0.21271 0.85458 -0.04148)",0.046837,0.151527,0.169800,0.700113,true,false,false,false
425,7.0167,3,0.9833,"(-0.12591 0.76687 0.12620)","(-0.10283 0.90446 0.18856)","(0.10228 0.86527 -0.14469)","(-0.11047 0.85880 0.19563)","(0.21271 0.85458 -0.04148)",0.046837,0.151527,0.169799,0.700113,true,false,false,false
426,7.0333,3,1.0000,"(-0.12591 0.76687 0.12620)","(-0.10283 0.90446 0.18856)","(0.10228 0.86527 -0.14469)","(-0.11047 0.85880 0.19563)","(0.21271 0.85458 -0.04148)",0.046837,0.151527,0.169800,0.700113,true,false,false,false
427,7.0500,3,1.0167,"(-0.12591 0.76687 0.12620)","(-0.10283 0.90446 0.18856)","(0.10228 0.86527 -0.14469)","(-0.11047 0.85880 0.19563)","(0.21271 0.85458 -0.04148)",0.046837,0.151527,0.169800,0.700113,true,false,false,false
428,7.0667,3,1.0333,"(-0.12591 0.76687 0.12620)","(-0.10283 0.90446 0.18856)","(0.10228 0.86527 -0.14469)","(-0.11047 0.85880 0.19563)","(0.21271 0.85458 -0.04148)",0.046837,0.151527,0.169800,0.700113,true,false,false,false
429,7.0833,3,1.0500,"(-0.12591 0.76687 0.12620)","(-0.10283 0.90446 0.18856)","(0.10228 0.86527 -0.14469)","(-0.11047 0.85880 0.19563)","(0.21271 0.85458 -0.04148)",0.046837,0.151527,0.169800,0.700113,true,false,false,false
430,7.1000,3,1.0667,"(-0.12591 0.76687 0.12620)","(-0.10283 0.90446 0.18856)","(0.10228 0.86527 -0.14469)","(-0.11047 0.85880 0.19563)","(0.21271 0.85458 -0.04148)",0.046837,0.151527,0.169800,0.700113,true,false,false,false
431,7.1167,3,1.0833,"(-0.12591 0.76687 0.12620)","(-0.10283 0.90446 0.18856)","(0.10228 0.86527 -0.14469)","(-0.11047 0.85880 0.19563)","(0.21271 0.85458 -0.04148)",0.046837,0.151527,0.169800,0.700113,true,false,false,false
432,7.1333,3,1.1000,"(-0.12591 0.76687 0.12620)","(-0.10283 0.90446 0.18856)","(0.10228 0.86527 -0.14469)","(-0.11047 0.85880 0.19563)","(0.21271 0.85458 -0.04148)",0.046837,0.151527,0.169800,0.700113,true,false,false,false
433,7.1500,3,1.1167,"(-0.12591 0.76687 0.12620)","(-0.10283 0.90446 0.18856)","(0.10228 0.86527 -0.14469)","(-0.11047 0.85880 0.19563)","(0.21271 0.85458 -0.04148)",0.046837,0.151527,0.169800,0.700113,true,false,false,false
434,7.1667,3,1.1333,"(-0.12591 0.76687 0.12620)","(-0.10283 0.90446 0.18856)","(0.10228 0.86527 -0.14469)","(-0.11047 0.85880 0.19563)","(0.21271 0.85458 -0.04148)",0.046837,0.151527,0.169800,0.700113,true,false,false,false
435,7.1833,3,1.1500,"(-0.12591 0.76687 0.12620)","(-0.10283 0.90446 0.18856)","(0.10228 0.86527 -0.14469)","(-0.11047 0.85880 0.19563)","(0.21271 0.85458 -0.04148)",0.046837,0.151527,0.169800,0.700113,true,false,false,false
436,7.2000,3,1.1667,"(-0.12591 0.76687 0.12620)","(-0.10283 0.90446 0.18856)","(0.10228 0.86527 -0.14469)","(-0.11047 0.85880 0.19563)","(0.21271 0.85458 -0.04148)",0.046837,0.151527,0.169800,0.700113,true,false,false,false
437,7.2167,3,1.1833,"(-0.12591 0.76687 0.12620)","(-0.10283 0.90446 0.18856)","(0.10228 0.86527 -0.14469)","(-0.11047 0.85880 0.19563)","(0.21271 0.85458 -0.04148)",0.046837,0.151527,0.169800,0.700113,true,false,false,false
438,7.2333,3,1.2000,"(-0.12591 0.76687 0.12620)","(-0.10283 0.90446 0.18856)","(0.10228 0.86527 -0.14469)","(-0.11047 0.85880 0.19563)","(0.21271 0.85458 -0.04148)",0.046837,0.151527,0.169800,0.700113,true,false,false,false
439,7.2500,3,1.2167,"(-0.12591 0.76687 0.12620)","(-0.10283 0.90446 0.18856)","(0.10228 0.86527 -0.14469)","(-0.11047 0.85880 0.19563)","(0.21271 0.85458 -0.04148)",0.046837,0.151527,0.169800,0.700113,true,false,false,false
440,7.2667,3,1.2333,"(-0.12591 0.76687 0.12620)","(-0.10283 0.90446 0.18856)","(0.10228 0.86527 -0.14469)","(-0.11047 0.85880 0.19563)","(0.21271 0.85458 -0.04148)",0.046837,0.151527,0.169800,0.700113,true,false,false,false
441,7.2833,3,1.2500,"(-0.12591 0.76687 0.12620)","(-0.10283 0.90446 0.18856)","(0.10228 0.86527 -0.14469)","(-0.11047 0.85880 0.19563)","(0.21271 0.85458 -0.04148)",0.046837,0.151527,0.169800,0.700113,true,false,false,false
442,7.3000,3,1.2667,"(-0.12591 0.76687 0.12620)","(-0.10283 0.90446 0.18856)","(0.10228 0.86527 -0.14469)","(-0.11047 0.85880 0.19563)","(0.21271 0.85458 -0.04148)",0.046837,0.151527,0.169800,0.700113,true,false,false,false
443,7.3167,3,1.2833,"(-0.12591 0.76687 0.12620)","(-0.10283 0.90446 0.18856)","(0.10228 0.86527 -0.14469)","(-0.11047 0.85880 0.19563)","(0.21271 0.85458 -0.04148)",0.046837,0.151527,0.169800,0.700113,true,false,false,false
444,7.3333,3,1.3000,"(-0.12591 0.76687 0.12620)","(-0.10283 0.90446 0.18856)","(0.10228 0.86527 -0.14469)","(-0.11047 0.85880 0.19563)","(0.21271 0.85458 -0.04148)",0.046837,0.151527,0.169800,0.700113,true,false,false,false
445,7.3500,3,1.3167,"(-0.12591 0.76687 0.12620)","(-0.10283 0.90446 0.18856)","(0.10228 0.86527 -0.14469)","(-0.11047 0.85880 0.19563)","(0.21271 0.85458 -0.04148)",0.046837,0.151527,0.169800,0.700113,true,false,false,false
446,7.3667,3,1.3333,"(-0.12591 0.76687 0.12620)","(-0.10283 0.90446 0.18856)","(0.10228 0.86527 -0.14469)","(-0.11047 0.85880 0.19563)","(0.21271 0.85458 -0.04148)",0.046837,0.151527,0.169800,0.700113,true,false,false,false
447,7.3833,3,1.3500,"(-0.12591 0.76687 0.12620)","(-0.10283 0.90446 0.18856)","(0.10228 0.86527 -0.14469)","(-0.11047 0.85880 0.19563)","(0.21271 0.85458 -0.04148)",0.046837,0.151527,0.169800,0.700113,true,false,false,false
448,7.4000,3,1.3667,"(-0.12591 0.76687 0.12620)","(-0.10283 0.90446 0.18856)","(0.10228 0.86527 -0.14469)","(-0.11047 0.85880 0.19563)","(0.21271 0.85458 -0.04148)",0.046837,0.151527,0.169800,0.700113,true,false,false,false
449,7.4167,3,1.3833,"(-0.12591 0.76687 0.12620)","(-0.10283 0.90446 0.18856)","(0.10228 0.86527 -0.14469)","(-0.11047 0.85880 0.19563)","(0.21271 0.85458 -0.04148)",0.046837,0.151527,0.169800,0.700113,true,false,false,false
450,7.4333,3,1.4000,"(-0.12591 0.76687 0.12620)","(-0.10283 0.90446 0.18856)","(0.10228 0.86527 -0.14469)","(-0.11047 0.85880 0.19563)","(0.21271 0.85458 -0.04148)",0.046837,0.151527,0.169800,0.700113,true,false,false,false
451,7.4500,3,1.4167,"(-0.12591 0.76687 0.12620)","(-0.10283 0.90446 0.18856)","(0.10228 0.86527 -0.14469)","(-0.11047 0.85880 0.19563)","(0.21271 0.85458 -0.04148)",0.046837,0.151527,0.169800,0.700113,true,false,false,false
452,7.4667,3,1.4333,"(-0.12591 0.76687 0.12620)","(-0.10283 0.90446 0.18856)","(0.10228 0.86527 -0.14469)","(-0.11047 0.85880 0.19563)","(0.21271 0.85458 -0.04148)",0.046837,0.151527,0.169800,0.700113,true,false,false,false
453,7.4833,3,1.4500,"(-0.12591 0.76687 0.12620)","(-0.10283 0.90446 0.18856)","(0.10228 0.86527 -0.14469)","(-0.11047 0.85880 0.19563)","(0.21271 0.85458 -0.04148)",0.046837,0.151527,0.169800,0.700113,true,false,false,false
454,7.5000,3,1.4667,"(-0.12591 0.76687 0.12620)","(-0.10283 0.90446 0.18856)","(0.10228 0.86527 -0.14469)","(-0.11047 0.85880 0.19563)","(0.21271 0.85458 -0.04148)",0.046837,0.151527,0.169800,0.700113,true,false,false,false
455,7.5167,3,1.4833,"(-0.12591 0.76687 0.12620)","(-0.10283 0.90446 0.18856)","(0.10228 0.86527 -0.14469)","(-0.11047 0.85880 0.19563)","(0.21271 0.85458 -0.04148)",0.046837,0.151527,0.169800,0.700113,true,false,false,false
456,7.5333,3,1.5000,"(-0.12591 0.76687 0.12620)","(-0.10283 0.90446 0.18856)","(0.10228 0.86527 -0.14469)","(-0.11047 0.85880 0.19563)","(0.21271 0.85458 -0.04148)",0.046837,0.151527,0.169800,0.700113,true,false,false,false
457,7.5500,3,1.5167,"(-0.12591 0.76687 0.12620)","(-0.10283 0.90446 0.18856)","(0.10228 0.86527 -0.14469)","(-0.11047 0.85880 0.19563)","(0.21271 0.85458 -0.04148)",0.046837,0.151527,0.169800,0.700113,true,false,false,false
458,7.5667,3,1.5333,"(-0.12591 0.76687 0.12620)","(-0.10283 0.90446 0.18856)","(0.10228 0.86527 -0.14469)","(-0.11047 0.85880 0.19563)","(0.21271 0.85458 -0.04148)",0.046837,0.151527,0.169800,0.700113,true,false,false,false
459,7.5833,3,1.5500,"(-0.12591 0.76687 0.12620)","(-0.10283 0.90446 0.18856)","(0.10228 0.86527 -0.14469)","(-0.11047 0.85880 0.19563)","(0.21271 0.85458 -0.04148)",0.046837,0.151527,0.169800,0.700113,true,false,false,false
460,7.6000,3,1.5667,"(-0.12591 0.76687 0.12620)","(-0.10283 0.90446 0.18856)","(0.10228 0.86527 -0.14469)","(-0.11047 0.85880 0.19563)","(0.21271 0.85458 -0.04148)",0.046837,0.151527,0.169800,0.700113,true,false,false,false
461,7.6167,3,1.5833,"(-0.12591 0.76687 0.12620)","(-0.10283 0.90446 0.18856)","(0.10228 0.86527 -0.14469)","(-0.11047 0.85880 0.19563)","(0.21271 0.85458 -0.04148)",0.046837,0.151527,0.169800,0.700113,true,false,false,false
462,7.6333,3,1.6000,"(-0.12591 0.76687 0.12620)","(-0.10283 0.90446 0.18856)","(0.10228 0.86527 -0.14469)","(-0.11047 0.85880 0.19563)","(0.21271 0.85458 -0.04148)",0.046837,0.151527,0.169800,0.700113,true,false,false,false
463,7.6500,3,1.6167,"(-0.12591 0.76687 0.12620)","(-0.10283 0.90446 0.18856)","(0.10228 0.86527 -0.14469)","(-0.11047 0.85880 0.19563)","(0.21271 0.85458 -0.04148)",0.046837,0.151527,0.169800,0.700113,true,false,false,false
464,7.6667,3,1.6333,"(-0.12591 0.76687 0.12620)","(-0.10283 0.90446 0.18856)","(0.10228 0.86527 -0.14469)","(-0.11047 0.85880 0.19563)","(0.21271 0.85458 -0.04148)",0.046837,0.151527,0.169800,0.700113,true,false,false,false
465,7.6833,3,1.6500,"(-0.12591 0.76687 0.12620)","(-0.10283 0.90446 0.18856)","(0.10228 0.86527 -0.14469)","(-0.11047 0.85880 0.19563)","(0.21271 0.85458 -0.04148)",0.046837,0.151527,0.169800,0.700113,true,false,false,false
466,7.7000,3,1.6667,"(-0.12591 0.76687 0.12620)","(-0.10283 0.90446 0.18856)","(0.10228 0.86527 -0.14469)","(-0.11047 0.85880 0.19563)","(0.21271 0.85458 -0.04148)",0.046837,0.151527,0.169800,0.700113,true,false,false,false
467,7.7167,3,1.6833,"(-0.12591 0.76687 0.12620)","(-0.10283 0.90446 0.18856)","(0.10228 0.86527 -0.14469)","(-0.11047 0.85880 0.19563)","(0.21271 0.85458 -0.04148)",0.046837,0.151527,0.169800,0.700113,true,false,false,false
468,7.7333,3,1.7000,"(-0.12591 0.76687 0.12620)","(-0.10283 0.90446 0.18856)","(0.10228 0.86527 -0.14469)","(-0.11047 0.85880 0.19563)","(0.21271 0.85458 -0.04148)",0.046837,0.151527,0.169800,0.700113,true,false,false,false
469,7.7500,3,1.7167,"(-0.12591 0.76687 0.12620)","(-0.10283 0.90446 0.18856)","(0.10228 0.86527 -0.14469)","(-0.11047 0.85880 0.19563)","(0.21271 0.85458 -0.04148)",0.046837,0.151527,0.169800,0.700113,true,false,false,false
470,7.7667,3,1.7333,"(-0.12591 0.76687 0.12620)","(-0.10283 0.90446 0.18856)","(0.10228 0.86527 -0.14469)","(-0.11047 0.85880 0.19563)","(0.21271 0.85458 -0.04148)",0.046837,0.151527,0.169800,0.700113,true,false,false,false
471,7.7833,3,1.7500,"(-0.12591 0.76687 0.12620)","(-0.10283 0.90446 0.18856)","(0.10228 0.86527 -0.14469)","(-0.11047 0.85880 0.19563)","(0.21271 0.85458 -0.04148)",0.046837,0.151527,0.169800,0.700113,true,false,false,false
472,7.8000,3,1.7667,"(-0.12591 0.76687 0.12620)","(-0.10283 0.90446 0.18856)","(0.10228 0.86527 -0.14469)","(-0.11047 0.85880 0.19563)","(0.21271 0.85458 -0.04148)",0.046837,0.151527,0.169800,0.700113,true,false,false,false
473,7.8167,3,1.7833,"(-0.12591 0.76687 0.12620)","(-0.10283 0.90446 0.18856)","(0.10228 0.86527 -0.14469)","(-0.11047 0.85880 0.19563)","(0.21271 0.85458 -0.04148)",0.046837,0.151527,0.169800,0.700113,true,false,false,false
474,7.8333,3,1.8000,"(-0.12591 0.76687 0.12620)","(-0.10283 0.90446 0.18856)","(0.10228 0.86527 -0.14469)","(-0.11047 0.85880 0.19563)","(0.21271 0.85458 -0.04148)",0.046837,0.151527,0.169800,0.700113,true,false,false,false
475,7.8500,3,1.8167,"(-0.12591 0.76687 0.12620)","(-0.10283 0.90446 0.18856)","(0.10228 0.86527 -0.14469)","(-0.11047 0.85880 0.19563)","(0.21271 0.85458 -0.04148)",0.046837,0.151527,0.169800,0.700113,true,false,false,false
476,7.8667,3,1.8333,"(-0.12591 0.76687 0.12620)","(-0.10283 0.90446 0.18856)","(0.10228 0.86527 -0.14469)","(-0.11047 0.85880 0.19563)","(0.21271 0.85458 -0.04148)",0.046837,0.151527,0.169800,0.700113,true,false,false,false
477,7.8833,3,1.8500,"(-0.12591 0.76687 0.12620)","(-0.10283 0.90446 0.18856)","(0.10228 0.86527 -0.14469)","(-0.11047 0.85880 0.19563)","(0.21271 0.85458 -0.04148)",0.046837,0.151527,0.169800,0.700113,true,false,false,false
478,7.9000,3,1.8667,"(-0.12591 0.76687 0.12620)","(-0.10283 0.90446 0.18856)","(0.10228 0.86527 -0.14469)","(-0.11047 0.85880 0.19563)","(0.21271 0.85458 -0.04148)",0.046837,0.151527,0.169800,0.700113,true,false,false,false
479,7.9167,3,1.8833,"(-0.12591 0.76687 0.12620)","(-0.10283 0.90446 0.18856)","(0.10228 0.86527 -0.14469)","(-0.11047 0.85880 0.19563)","(0.21271 0.85458 -0.04148)",0.046837,0.151527,0.169800,0.700113,true,false,false,false
480,7.9333,3,1.9000,"(-0.12591 0.76687 0.12620)","(-0.10283 0.90446 0.18856)","(0.10228 0.86527 -0.14469)","(-0.11047 0.85880 0.19563)","(0.21271 0.85458 -0.04148)",0.046837,0.151527,0.169800,0.700113,true,false,false,false
481,7.9500,3,1.9167,"(-0.12591 0.76687 0.12620)","(-0.10283 0.90446 0.18856)","(0.10228 0.86527 -0.14469)","(-0.11047 0.85880 0.19563)","(0.21271 0.85458 -0.04148)",0.046837,0.151527,0.169800,0.700113,true,false,false,false
482,7.9667,3,1.9333,"(-0.12591 0.76687 0.12620)","(-0.10283 0.90446 0.18856)","(0.10228 0.86527 -0.14469)","(-0.11047 0.85880 0.19563)","(0.21271 0.85458 -0.04148)",0.046837,0.151527,0.169800,0.700113,true,false,false,false
483,7.9833,3,1.9500,"(-0.12591 0.76687 0.12620)","(-0.10283 0.90446 0.18856)","(0.10228 0.86527 -0.14469)","(-0.11047 0.85880 0.19563)","(0.21271 0.85458 -0.04148)",0.046837,0.151527,0.169800,0.700113,true,false,false,false
484,8.0000,3,1.9667,"(-0.12591 0.76687 0.12620)","(-0.10283 0.90446 0.18856)","(0.10228 0.86527 -0.14469)","(-0.11047 0.85880 0.19563)","(0.21271 0.85458 -0.04148)",0.046837,0.151527,0.169800,0.700113,true,false,false,false
485,8.0167,3,1.9833,"(-0.12591 0.76687 0.12620)","(-0.10283 0.90446 0.18856)","(0.10228 0.86527 -0.14469)","(-0.11047 0.85880 0.19563)","(0.21271 0.85458 -0.04148)",0.046837,0.151527,0.169800,0.700113,true,false,false,false
486,8.0333,3,2.0000,"(-0.12591 0.76687 0.12620)","(-0.10283 0.90446 0.18856)","(0.10228 0.86527 -0.14469)","(-0.11047 0.85880 0.19563)","(0.21271 0.85458 -0.04148)",0.046837,0.151527,0.169800,0.700113,true,false,false,false
487,8.0500,3,2.0167,"(-0.12591 0.76687 0.12620)","(-0.10283 0.90446 0.18856)","(0.10228 0.86527 -0.14469)","(-0.11047 0.85880 0.19563)","(0.21271 0.85458 -0.04148)",0.046837,0.151527,0.169800,0.700113,true,false,false,false
488,8.0667,3,2.0333,"(-0.12591 0.76687 0.12620)","(-0.10283 0.90446 0.18856)","(0.10228 0.86527 -0.14469)","(-0.11047 0.85880 0.19563)","(0.21271 0.85458 -0.04148)",0.046837,0.151527,0.169800,0.700113,true,false,false,false
489,8.0833,3,2.0500,"(-0.12591 0.76687 0.12620)","(-0.10283 0.90446 0.18856)","(0.10228 0.86527 -0.14469)","(-0.11047 0.85880 0.19563)","(0.21271 0.85458 -0.04148)",0.046837,0.151527,0.169800,0.700113,true,false,false,false
490,8.1000,3,2.0667,"(-0.12591 0.76687 0.12620)","(-0.10283 0.90446 0.18856)","(0.10228 0.86527 -0.14469)","(-0.11047 0.85880 0.19563)","(0.21271 0.85458 -0.04148)",0.046837,0.151527,0.169800,0.700113,true,false,false,false
491,8.1167,3,2.0833,"(-0.12591 0.76687 0.12620)","(-0.10283 0.90446 0.18856)","(0.10228 0.86527 -0.14469)","(-0.11047 0.85880 0.19563)","(0.21271 0.85458 -0.04148)",0.046837,0.151527,0.169800,0.700113,true,false,false,false
492,8.1333,3,2.1000,"(-0.12591 0.76687 0.12620)","(-0.10283 0.90446 0.18856)","(0.10228 0.86527 -0.14469)","(-0.11047 0.85880 0.19563)","(0.21271 0.85458 -0.04148)",0.046837,0.151527,0.169800,0.700113,true,false,false,false
493,8.1500,3,2.1167,"(-0.12591 0.76687 0.12620)","(-0.10283 0.90446 0.18856)","(0.10228 0.86527 -0.14469)","(-0.11047 0.85880 0.19563)","(0.21271 0.85458 -0.04148)",0.046837,0.151527,0.169800,0.700113,true,false,false,false
494,8.1667,3,2.1333,"(-0.12591 0.76687 0.12620)","(-0.10283 0.90446 0.18856)","(0.10228 0.86527 -0.14469)","(-0.11047 0.85880 0.19563)","(0.21271 0.85458 -0.04148)",0.046837,0.151527,0.169800,0.700113,true,false,false,false
495,8.1833,3,2.1500,"(-0.12591 0.76687 0.12620)","(-0.10283 0.90446 0.18856)","(0.10228 0.86527 -0.14469)","(-0.11047 0.85880 0.19563)","(0.21271 0.85458 -0.04148)",0.046837,0.151527,0.169800,0.700113,true,false,false,false
496,8.2000,3,2.1667,"(-0.12591 0.76687 0.12620)","(-0.10283 0.90446 0.18856)","(0.10228 0.86527 -0.14469)","(-0.11047 0.85880 0.19563)","(0.21271 0.85458 -0.04148)",0.046837,0.151527,0.169800,0.700113,true,false,false,false
497,8.2167,3,2.1833,"(-0.12591 0.76687 0.12620)","(-0.10283 0.90446 0.18856)","(0.10228 0.86527 -0.14469)","(-0.11047 0.85880 0.19563)","(0.21271 0.85458 -0.04148)",0.046837,0.151527,0.169800,0.700113,true,false,false,false
498,8.2333,3,2.2000,"(-0.12591 0.76687 0.12620)","(-0.10283 0.90446 0.18856)","(0.10228 0.86527 -0.14469)","(-0.11047 0.85880 0.19563)","(0.21271 0.85458 -0.04148)",0.046837,0.151527,0.169800,0.700113,true,false,false,false
499,8.2500,3,2.2167,"(-0.12591 0.76687 0.12620)","(-0.10283 0.90446 0.18856)","(0.10228 0.86527 -0.14469)","(-0.11047 0.85880 0.19563)","(0.21271 0.85458 -0.04148)",0.046837,0.151527,0.169800,0.700113,true,false,false,false
500,8.2667,3,2.2333,"(-0.12591 0.76687 0.12620)","(-0.10283 0.90446 0.18856)","(0.10228 0.86527 -0.14469)","(-0.11047 0.85880 0.19563)","(0.21271 0.85458 -0.04148)",0.046837,0.151527,0.169800,0.700113,true,false,false,false
501,8.2833,3,2.2500,"(-0.12591 0.76687 0.12620)","(-0.10283 0.90446 0.18856)","(0.10228 0.86527 -0.14469)","(-0.11047 0.85880 0.19563)","(0.21271 0.85458 -0.04148)",0.046837,0.151527,0.169800,0.700113,true,false,false,false
502,8.3000,3,2.2667,"(-0.12591 0.76687 0.12620)","(-0.10283 0.90446 0.18856)","(0.10228 0.86527 -0.14469)","(-0.11047 0.85880 0.19563)","(0.21271 0.85458 -0.04148)",0.046837,0.151527,0.169800,0.700113,true,false,false,false
503,8.3167,3,2.2833,"(-0.12591 0.76687 0.12620)","(-0.10283 0.90446 0.18856)","(0.10228 0.86527 -0.14469)","(-0.11047 0.85880 0.19563)","(0.21271 0.85458 -0.04148)",0.046837,0.151527,0.169800,0.700113,true,false,false,false
504,8.3333,3,2.3000,"(-0.12591 0.76687 0.12620)","(-0.10283 0.90446 0.18856)","(0.10228 0.86527 -0.14469)","(-0.11047 0.85880 0.19563)","(0.21271 0.85458 -0.04148)",0.046837,0.151527,0.169800,0.700113,true,false,false,false
505,8.3500,3,2.3167,"(-0.12591 0.76687 0.12620)","(-0.10283 0.90446 0.18856)","(0.10228 0.86527 -0.14469)","(-0.11047 0.85880 0.19563)","(0.21271 0.85458 -0.04148)",0.046837,0.151527,0.169800,0.700113,true,false,false,false
506,8.3667,3,2.3333,"(-0.12591 0.76687 0.12620)","(-0.10283 0.90446 0.18856)","(0.10228 0.86527 -0.14469)","(-0.11047 0.85880 0.19563)","(0.21271 0.85458 -0.04148)",0.046837,0.151527,0.169800,0.700113,true,false,false,false
507,8.3833,3,2.3500,"(-0.12591 0.76687 0.12620)","(-0.10283 0.90446 0.18856)","(0.10228 0.86527 -0.14469)","(-0.11047 0.85880 0.19563)","(0.21271 0.85458 -0.04148)",0.046837,0.151527,0.169800,0.700113,true,false,false,false
508,8.4000,3,2.3667,"(-0.12591 0.76687 0.12620)","(-0.10283 0.90446 0.18856)","(0.10228 0.86527 -0.14469)","(-0.11047 0.85880 0.19563)","(0.21271 0.85458 -0.04148)",0.046837,0.151527,0.169800,0.700113,true,false,false,false
509,8.4167,3,2.3833,"(-0.12591 0.76687 0.12620)","(-0.10283 0.90446 0.18856)","(0.10228 0.86527 -0.14469)","(-0.11047 0.85880 0.19563)","(0.21271 0.85458 -0.04148)",0.046837,0.151527,0.169800,0.700113,true,false,false,false
510,8.4333,3,2.4000,"(-0.12591 0.76687 0.12620)","(-0.10283 0.90446 0.18856)","(0.10228 0.86527 -0.14469)","(-0.11047 0.85880 0.19563)","(0.21271 0.85458 -0.04148)",0.046837,0.151527,0.169800,0.700113,true,false,false,false
511,8.4500,3,2.4167,"(-0.12591 0.76687 0.12620)","(-0.10283 0.90446 0.18856)","(0.10228 0.86527 -0.14469)","(-0.11047 0.85880 0.19563)","(0.21271 0.85458 -0.04148)",0.046837,0.151527,0.169800,0.700113,true,false,false,false
512,8.4667,3,2.4333,"(-0.12591 0.76687 0.12620)","(-0.10283 0.90446 0.18856)","(0.10228 0.86527 -0.14469)","(-0.11047 0.85880 0.19563)","(0.21271 0.85458 -0.04148)",0.046837,0.151527,0.169800,0.700113,true,false,false,false
513,8.4833,3,2.4500,"(-0.12591 0.76687 0.12620)","(-0.10283 0.90446 0.18856)","(0.10228 0.86527 -0.14469)","(-0.11047 0.85880 0.19563)","(0.21271 0.85458 -0.04148)",0.046837,0.151527,0.169800,0.700113,true,false,false,false
514,8.5000,3,2.4667,"(-0.12591 0.76687 0.12620)","(-0.10283 0.90446 0.18856)","(0.10228 0.86527 -0.14469)","(-0.11047 0.85880 0.19563)","(0.21271 0.85458 -0.04148)",0.046837,0.151527,0.169800,0.700113,true,false,false,false
515,8.5167,3,2.4833,"(-0.12591 0.76687 0.12620)","(-0.10283 0.90446 0.18856)","(0.10228 0.86527 -0.14469)","(-0.11047 0.85880 0.19563)","(0.21271 0.85458 -0.04148)",0.046837,0.151527,0.169800,0.700113,true,false,false,false
516,8.5333,3,2.5000,"(-0.12591 0.76687 0.12620)","(-0.10283 0.90446 0.18856)","(0.10228 0.86527 -0.14469)","(-0.11047 0.85880 0.19563)","(0.21271 0.85458 -0.04148)",0.046837,0.151527,0.169800,0.700113,true,false,false,false
517,8.5500,3,2.5167,"(-0.12591 0.76687 0.12620)","(-0.10283 0.90446 0.18856)","(0.10228 0.86527 -0.14469)","(-0.11047 0.85880 0.19563)","(0.21271 0.85458 -0.04148)",0.046837,0.151527,0.169800,0.700113,true,false,false,false
518,8.5667,3,2.5333,"(-0.12591 0.76687 0.12620)","(-0.10283 0.90446 0.18856)","(0.10228 0.86527 -0.14469)","(-0.11047 0.85880 0.19563)","(0.21271 0.85458 -0.04148)",0.046837,0.151527,0.169800,0.700113,true,false,false,false
519,8.5833,3,2.5500,"(-0.12591 0.76687 0.12620)","(-0.10283 0.90446 0.18856)","(0.10228 0.86527 -0.14469)","(-0.11047 0.85880 0.19563)","(0.21271 0.85458 -0.04148)",0.046837,0.151527,0.169800,0.700113,true,false,false,false
520,8.6000,3,2.5667,"(-0.12591 0.76687 0.12620)","(-0.10283 0.90446 0.18856)","(0.10228 0.86527 -0.14469)","(-0.11047 0.85880 0.19563)","(0.21271 0.85458 -0.04148)",0.046837,0.151527,0.169800,0.700113,true,false,false,false
521,8.6167,3,2.5833,"(-0.12591 0.76687 0.12620)","(-0.10283 0.90446 0.18856)","(0.10228 0.86527 -0.14469)","(-0.11047 0.85880 0.19563)","(0.21271 0.85458 -0.04148)",0.046837,0.151527,0.169800,0.700113,true,false,false,false
522,8.6333,3,2.6000,"(-0.12591 0.76687 0.12620)","(-0.10283 0.90446 0.18856)","(0.10228 0.86527 -0.14469)","(-0.11047 0.85880 0.19563)","(0.21271 0.85458 -0.04148)",0.046837,0.151527,0.169800,0.700113,true,false,false,false
523,8.6500,3,2.6167,"(-0.12591 0.76687 0.12620)","(-0.10283 0.90446 0.18856)","(0.10228 0.86527 -0.14469)","(-0.11047 0.85880 0.19563)","(0.21271 0.85458 -0.04148)",0.046837,0.151527,0.169800,0.700113,true,false,false,false
524,8.6667,3,2.6333,"(-0.12591 0.76687 0.12620)","(-0.10283 0.90446 0.18856)","(0.10228 0.86527 -0.14469)","(-0.11047 0.85880 0.19563)","(0.21271 0.85458 -0.04148)",0.046837,0.151527,0.169800,0.700113,true,false,false,false
525,8.6833,3,2.6500,"(-0.12591 0.76687 0.12620)","(-0.10283 0.90446 0.18856)","(0.10228 0.86527 -0.14469)","(-0.11047 0.85880 0.19563)","(0.21271 0.85458 -0.04148)",0.046837,0.151527,0.169800,0.700113,true,false,false,false
526,8.7000,3,2.6667,"(-0.12591 0.76687 0.12620)","(-0.10283 0.90446 0.18856)","(0.10228 0.86527 -0.14469)","(-0.11047 0.85880 0.19563)","(0.21271 0.85458 -0.04148)",0.046837,0.151527,0.169800,0.700113,true,false,false,false
527,8.7167,3,2.6833,"(-0.12591 0.76687 0.12620)","(-0.10283 0.90446 0.18856)","(0.10228 0.86527 -0.14469)","(-0.11047 0.85880 0.19563)","(0.21271 0.85458 -0.04148)",0.046837,0.151527,0.169800,0.700113,true,false,false,false
528,8.7333,3,2.7000,"(-0.12591 0.76687 0.12620)","(-0.10283 0.90446 0.18856)","(0.10228 0.86527 -0.14469)","(-0.11047 0.85880 0.19563)","(0.21271 0.85458 -0.04148)",0.046837,0.151527,0.169800,0.700113,true,false,false,false
529,8.7500,3,2.7167,"(-0.12591 0.76687 0.12620)","(-0.10283 0.90446 0.18856)","(0.10228 0.86527 -0.14469)","(-0.11047 0.85880 0.19563)","(0.21271 0.85458 -0.04148)",0.046837,0.151527,0.169800,0.700113,true,false,false,false
530,8.7667,3,2.7333,"(-0.12591 0.76687 0.12620)","(-0.10283 0.90446 0.18856)","(0.10228 0.86527 -0.14469)","(-0.11047 0.85880 0.19563)","(0.21271 0.85458 -0.04148)",0.046837,0.151527,0.169800,0.700113,true,false,false,false
531,8.7833,3,2.7500,"(-0.12591 0.76687 0.12620)","(-0.10283 0.90446 0.18856)","(0.10228 0.86527 -0.14469)","(-0.11047 0.85880 0.19563)","(0.21271 0.85458 -0.04148)",0.046837,0.151527,0.169800,0.700113,true,false,false,false
532,8.8000,3,2.7667,"(-0.12591 0.76687 0.12620)","(-0.10283 0.90446 0.18856)","(0.10228 0.86527 -0.14469)","(-0.11047 0.85880 0.19563)","(0.21271 0.85458 -0.04148)",0.046837,0.151527,0.169800,0.700113,true,false,false,false
533,8.8167,3,2.7833,"(-0.12591 0.76687 0.12620)","(-0.10283 0.90446 0.18856)","(0.10228 0.86527 -0.14469)","(-0.11047 0.85880 0.19563)","(0.21271 0.85458 -0.04148)",0.046837,0.151527,0.169800,0.700113,true,false,false,false
534,8.8333,3,2.8000,"(-0.12591 0.76687 0.12620)","(-0.10283 0.90446 0.18856)","(0.10228 0.86527 -0.14469)","(-0.11047 0.85880 0.19563)","(0.21271 0.85458 -0.04148)",0.046837,0.151527,0.169800,0.700113,true,false,false,false
535,8.8500,3,2.8167,"(-0.12591 0.76687 0.12620)","(-0.10283 0.90446 0.18856)","(0.10228 0.86527 -0.14469)","(-0.11047 0.85880 0.19563)","(0.21271 0.85458 -0.04148)",0.046837,0.151527,0.169800,0.700113,true,false,false,false
536,8.8667,3,2.8333,"(-0.12591 0.76687 0.12620)","(-0.10283 0.90446 0.18856)","(0.10228 0.86527 -0.14469)","(-0.11047 0.85880 0.19563)","(0.21271 0.85458 -0.04148)",0.046837,0.151527,0.169800,0.700113,true,false,false,false
537,8.8833,3,2.8500,"(-0.12591 0.76687 0.12620)","(-0.10283 0.90446 0.18856)","(0.10228 0.86527 -0.14469)","(-0.11047 0.85880 0.19563)","(0.21271 0.85458 -0.04148)",0.046837,0.151527,0.169800,0.700113,true,false,false,false
538,8.9000,3,2.8667,"(-0.12591 0.76687 0.12620)","(-0.10283 0.90446 0.18856)","(0.10228 0.86527 -0.14469)","(-0.11047 0.85880 0.19563)","(0.21271 0.85458 -0.04148)",0.046837,0.151527,0.169800,0.700113,true,false,false,false
539,8.9167,3,2.8833,"(-0.12591 0.76687 0.12620)","(-0.10283 0.90446 0.18856)","(0.10228 0.86527 -0.14469)","(-0.11047 0.85880 0.19563)","(0.21271 0.85458 -0.04148)",0.046837,0.151527,0.169800,0.700113,true,false,false,false
540,8.9333,3,2.9000,"(-0.12591 0.76687 0.12620)","(-0.10283 0.90446 0.18856)","(0.10228 0.86527 -0.14469)","(-0.11047 0.85880 0.19563)","(0.21271 0.85458 -0.04148)",0.046837,0.151527,0.169800,0.700113,true,false,false,false
541,8.9500,3,2.9167,"(-0.12591 0.76687 0.12620)","(-0.10283 0.90446 0.18856)","(0.10228 0.86527 -0.14469)","(-0.11047 0.85880 0.19563)","(0.21271 0.85458 -0.04148)",0.046837,0.151527,0.169800,0.700113,true,false,false,false
542,8.9667,3,2.9333,"(-0.12591 0.76687 0.12620)","(-0.10283 0.90446 0.18856)","(0.10228 0.86527 -0.14469)","(-0.11047 0.85880 0.19563)","(0.21271 0.85458 -0.04148)",0.046837,0.151527,0.169800,0.700113,true,false,false,false
543,8.9833,3,2.9500,"(-0.12591 0.76687 0.12620)","(-0.10283 0.90446 0.18856)","(0.10228 0.86527 -0.14469)","(-0.11047 0.85880 0.19563)","(0.21271 0.85458 -0.04148)",0.046837,0.151527,0.169800,0.700113,true,false,false,false
544,9.0000,3,2.9667,"(-0.12591 0.76687 0.12620)","(-0.10283 0.90446 0.18856)","(0.10228 0.86527 -0.14469)","(-0.11047 0.85880 0.19563)","(0.21271 0.85458 -0.04148)",0.046837,0.151527,0.169800,0.700113,true,false,false,false
545,9.0167,3,2.9833,"(-0.12591 0.76687 0.12620)","(-0.10283 0.90446 0.18856)","(0.10228 0.86527 -0.14469)","(-0.11047 0.85880 0.19563)","(0.21271 0.85458 -0.04148)",0.046837,0.151527,0.169800,0.700113,true,false,false,false
546,9.0333,3,3.0000,"(-0.12591 0.76687 0.12620)","(-0.10283 0.90446 0.18856)","(0.10228 0.86527 -0.14469)","(-0.11047 0.85880 0.19563)","(0.21271 0.85458 -0.04148)",0.046837,0.151527,0.169800,0.700113,true,false,false,false
547,9.0500,3,3.0167,"(-0.12591 0.76687 0.12620)","(-0.10283 0.90446 0.18856)","(0.10228 0.86527 -0.14469)","(-0.11047 0.85880 0.19563)","(0.21271 0.85458 -0.04148)",0.046837,0.151527,0.169800,0.700113,true,false,false,false