sample,total_seconds,phase,phase_seconds,reset_count,selected_index,node_grip,node_two_hand,node_primary,dominant_slot,dominant_error,support_error,dominant_finger_distance,support_finger_distance,dominant_finger_readiness,support_finger_readiness,body_self_legal,body_self_illegal_count,collision_pose_legal,collision_path_legal,right_hand_y_forearm_dot,left_hand_y_forearm_dot,right_hand_x_tip_plane_dot,left_hand_x_tip_plane_dot,dominant_hand_y_error,dominant_hand_x_side_error,right_ik_error,left_ik_error,right_hand,right_ik,left_hand,left_ik,weapon_pos,right_index3,right_mid3,right_thumb3,left_index3,left_mid3,left_thumb3
1,0.0000,0,0.0000,0,1,grip_normal,two_hand_one_hand,hand_right,hand_right,0.000000,0.598089,0.034508,-1.000000,1.000000,-1.000000,false,2,true,true,0.434038,0.972929,-0.021208,-0.993832,0.565962,1.021208,0.065106,0.038634,"(-0.24859 0.90604 0.27711)","(-0.26761 0.85072 0.30569)","(0.17610 0.85175 -0.05350)","(0.21271 0.85458 -0.04148)","(-0.20619 0.82676 0.26204)","(-0.14610 0.86222 0.27991)","(-0.15409 0.87499 0.25221)","(-0.15654 0.94594 0.31472)","(0.13118 0.70777 -0.12051)","(0.15938 0.71271 -0.14220)","(0.11526 0.77020 -0.10006)"
2,0.0000,1,0.0000,1,1,grip_normal,two_hand_one_hand,hand_right,hand_right,0.000000,0.595299,0.038084,-1.000000,1.000000,-1.000000,false,3,true,true,0.499782,0.972929,-0.018962,-0.971269,0.500218,1.018962,0.068787,0.041631,"(-0.23918 0.91342 0.29855)","(-0.25882 0.85582 0.33060)","(0.17561 0.84426 -0.02564)","(0.21271 0.85458 -0.04148)","(-0.20532 0.82991 0.28478)","(-0.14172 0.85934 0.30144)","(-0.14863 0.87232 0.27354)","(-0.14315 0.94435 0.33460)","(0.12532 0.69191 -0.06436)","(0.14535 0.69624 -0.09386)","(0.11090 0.75508 -0.04509)"
3,0.0167,1,0.0167,1,1,grip_normal,two_hand_one_hand,hand_right,hand_right,0.000000,0.595299,0.038084,-1.000000,1.000000,-1.000000,false,3,true,true,0.499782,0.972929,-0.018962,-0.971269,0.500218,1.018962,0.068787,0.041631,"(-0.23918 0.91342 0.29855)","(-0.25882 0.85582 0.33060)","(0.17561 0.84426 -0.02564)","(0.21271 0.85458 -0.04148)","(-0.20532 0.82991 0.28478)","(-0.14172 0.85934 0.30144)","(-0.14863 0.87232 0.27354)","(-0.14315 0.94435 0.33460)","(0.12532 0.69191 -0.06436)","(0.14535 0.69624 -0.09386)","(0.11090 0.75508 -0.04509)"
4,0.0333,1,0.0333,1,1,grip_normal,two_hand_one_hand,hand_right,hand_right,0.000000,0.595299,0.038084,-1.000000,1.000000,-1.000000,false,3,true,true,0.499782,0.972929,-0.018962,-0.971269,0.500218,1.018962,0.068787,0.041631,"(-0.23918 0.91342 0.29855)","(-0.25882 0.85582 0.33060)","(0.17561 0.84426 -0.02564)","(0.21271 0.85458 -0.04148)","(-0.20532 0.82991 0.28478)","(-0.14172 0.85934 0.30144)","(-0.14863 0.87232 0.27354)","(-0.14315 0.94435 0.33460)","(0.12532 0.69191 -0.06436)","(0.14535 0.69624 -0.09386)","(0.11090 0.75508 -0.04509)"
5,0.0500,1,0.0500,1,1,grip_normal,two_hand_one_hand,hand_right,hand_right,0.000000,0.595299,0.038084,-1.000000,1.000000,-1.000000,false,3,true,true,0.499782,0.972929,-0.018962,-0.971269,0.500218,1.018962,0.068787,0.041631,"(-0.23918 0.91342 0.29855)","(-0.25882 0.85582 0.33060)","(0.17561 0.84426 -0.02564)","(0.21271 0.85458 -0.04148)","(-0.20532 0.82991 0.28478)","(-0.14172 0.85934 0.30144)","(-0.14863 0.87232 0.27354)","(-0.14315 0.94435 0.33460)","(0.12532 0.69191 -0.06436)","(0.14535 0.69624 -0.09386)","(0.11090 0.75508 -0.04509)"
6,0.0667,1,0.0667,1,1,grip_normal,two_hand_one_hand,hand_right,hand_right,0.000000,0.595299,0.038084,-1.000000,1.000000,-1.000000,false,3,true,true,0.499782,0.972929,-0.018962,-0.971269,0.500218,1.018962,0.068787,0.041631,"(-0.23918 0.91342 0.29855)","(-0.25882 0.85582 0.33060)","(0.17561 0.84426 -0.02564)","(0.21271 0.85458 -0.04148)","(-0.20532 0.82991 0.28478)","(-0.14172 0.85934 0.30144)","(-0.14863 0.87232 0.27354)","(-0.14315 0.94435 0.33460)","(0.12532 0.69191 -0.06436)","(0.14535 0.69624 -0.09386)","(0.11090 0.75508 -0.04509)"
7,0.0833,1,0.0833,1,1,grip_normal,two_hand_one_hand,hand_right,hand_right,0.000000,0.595299,0.038084,-1.000000,1.000000,-1.000000,false,3,true,true,0.499782,0.972929,-0.018962,-0.971269,0.500218,1.018962,0.068787,0.041631,"(-0.23918 0.91342 0.29855)","(-0.25882 0.85582 0.33060)","(0.17561 0.84426 -0.02564)","(0.21271 0.85458 -0.04148)","(-0.20532 0.82991 0.28478)","(-0.14172 0.85934 0.30144)","(-0.14863 0.87232 0.27354)","(-0.14315 0.94435 0.33460)","(0.12532 0.69191 -0.06436)","(0.14535 0.69624 -0.09386)","(0.11090 0.75508 -0.04509)"
8,0.1000,1,0.1000,1,1,grip_normal,two_hand_one_hand,hand_right,hand_right,0.000000,0.595299,0.038084,-1.000000,1.000000,-1.000000,false,3,true,true,0.499782,0.972929,-0.018962,-0.971269,0.500218,1.018962,0.068787,0.041631,"(-0.23918 0.91342 0.29855)","(-0.25882 0.85582 0.33060)","(0.17561 0.84426 -0.02564)","(0.21271 0.85458 -0.04148)","(-0.20532 0.82991 0.28478)","(-0.14172 0.85934 0.30144)","(-0.14863 0.87232 0.27354)","(-0.14315 0.94435 0.33460)","(0.12532 0.69191 -0.06436)","(0.14535 0.69624 -0.09386)","(0.11090 0.75508 -0.04509)"
9,0.1167,1,0.1167,1,1,grip_normal,two_hand_one_hand,hand_right,hand_right,0.000000,0.595299,0.038084,-1.000000,1.000000,-1.000000,false,3,true,true,0.499782,0.972929,-0.018962,-0.971269,0.500218,1.018962,0.068787,0.041631,"(-0.23918 0.91342 0.29855)","(-0.25882 0.85582 0.33060)","(0.17561 0.84426 -0.02564)","(0.21271 0.85458 -0.04148)","(-0.20532 0.82991 0.28478)","(-0.14172 0.85934 0.30144)","(-0.14863 0.87232 0.27354)","(-0.14315 0.94435 0.33460)","(0.12532 0.69191 -0.06436)","(0.14535 0.69624 -0.09386)","(0.11090 0.75508 -0.04509)"
10,0.1333,1,0.1333,1,1,grip_normal,two_hand_one_hand,hand_right,hand_right,0.000000,0.595299,0.038084,-1.000000,1.000000,-1.000000,false,3,true,true,0.499782,0.972929,-0.018962,-0.971269,0.500218,1.018962,0.068787,0.041631,"(-0.23918 0.91342 0.29855)","(-0.25882 0.85582 0.33060)","(0.17561 0.84426 -0.02564)","(0.21271 0.85458 -0.04148)","(-0.20532 0.82991 0.28478)","(-0.14172 0.85934 0.30144)","(-0.14863 0.87232 0.27354)","(-0.14315 0.94435 0.33460)","(0.12532 0.69191 -0.06436)","(0.14535 0.69624 -0.09386)","(0.11090 0.75508 -0.04509)"
11,0.1500,1,0.1500,1,1,grip_normal,two_hand_one_hand,hand_right,hand_right,0.000000,0.595299,0.038084,-1.000000,1.000000,-1.000000,false,3,true,true,0.499782,0.972929,-0.018962,-0.971269,0.500218,1.018962,0.068787,0.041631,"(-0.23918 0.91342 0.29855)","(-0.25882 0.85582 0.33060)","(0.17561 0.84426 -0.02564)","(0.21271 0.85458 -0.04148)","(-0.20532 0.82991 0.28478)","(-0.14172 0.85934 0.30144)","(-0.14863 0.87232 0.27354)","(-0.14315 0.94435 0.33460)","(0.12532 0.69191 -0.06436)","(0.14535 0.69624 -0.09386)","(0.11090 0.75508 -0.04509)"
12,0.1667,1,0.1667,1,1,grip_normal,two_hand_one_hand,hand_right,hand_right,0.000000,0.595299,0.038084,-1.000000,1.000000,-1.000000,false,3,true,true,0.499782,0.972929,-0.018962,-0.971269,0.500218,1.018962,0.068787,0.041631,"(-0.23918 0.91342 0.29855)","(-0.25882 0.85582 0.33060)","(0.17561 0.84426 -0.02564)","(0.21271 0.85458 -0.04148)","(-0.20532 0.82991 0.28478)","(-0.14172 0.85934 0.30144)","(-0.14863 0.87232 0.27354)","(-0.14315 0.94435 0.33460)","(0.12532 0.69191 -0.06436)","(0.14535 0.69624 -0.09386)","(0.11090 0.75508 -0.04509)"
13,0.1833,1,0.1833,1,1,grip_normal,two_hand_one_hand,hand_right,hand_right,0.000000,0.595299,0.038084,-1.000000,1.000000,-1.000000,false,3,true,true,0.499782,0.972929,-0.018962,-0.971269,0.500218,1.018962,0.068787,0.041631,"(-0.23918 0.91342 0.29855)","(-0.25882 0.85582 0.33060)","(0.17561 0.84426 -0.02564)","(0.21271 0.85458 -0.04148)","(-0.20532 0.82991 0.28478)","(-0.14172 0.85934 0.30144)","(-0.14863 0.87232 0.27354)","(-0.14315 0.94435 0.33460)","(0.12532 0.69191 -0.06436)","(0.14535 0.69624 -0.09386)","(0.11090 0.75508 -0.04509)"
14,0.2000,1,0.2000,1,1,grip_normal,two_hand_one_hand,hand_right,hand_right,0.000000,0.595299,0.038084,-1.000000,1.000000,-1.000000,false,3,true,true,0.499782,0.972929,-0.018962,-0.971269,0.500218,1.018962,0.068787,0.041631,"(-0.23918 0.91342 0.29855)","(-0.25882 0.85582 0.33060)","(0.17561 0.84426 -0.02564)","(0.21271 0.85458 -0.04148)","(-0.20532 0.82991 0.28478)","(-0.14172 0.85934 0.30144)","(-0.14863 0.87232 0.27354)","(-0.14315 0.94435 0.33460)","(0.12532 0.69191 -0.06436)","(0.14535 0.69624 -0.09386)","(0.11090 0.75508 -0.04509)"
15,0.2167,1,0.2167,1,1,grip_normal,two_hand_one_hand,hand_right,hand_right,0.000000,0.595299,0.038084,-1.000000,1.000000,-1.000000,false,3,true,true,0.499782,0.972929,-0.018962,-0.971269,0.500218,1.018962,0.068787,0.041631,"(-0.23918 0.91342 0.29855)","(-0.25882 0.85582 0.33060)","(0.17561 0.84426 -0.02564)","(0.21271 0.85458 -0.04148)","(-0.20532 0.82991 0.28478)","(-0.14172 0.85934 0.30144)","(-0.14863 0.87232 0.27354)","(-0.14315 0.94435 0.33460)","(0.12532 0.69191 -0.06436)","(0.14535 0.69624 -0.09386)","(0.11090 0.75508 -0.04509)"
16,0.2333,1,0.2333,1,1,grip_normal,two_hand_one_hand,hand_right,hand_right,0.000000,0.595299,0.038084,-1.000000,1.000000,-1.000000,false,3,true,true,0.499782,0.972929,-0.018962,-0.971269,0.500218,1.018962,0.068787,0.041631,"(-0.23918 0.91342 0.29855)","(-0.25882 0.85582 0.33060)","(0.17561 0.84426 -0.02564)","(0.21271 0.85458 -0.04148)","(-0.20532 0.82991 0.28478)","(-0.14172 0.85934 0.30144)","(-0.14863 0.87232 0.27354)","(-0.14315 0.94435 0.33460)","(0.12532 0.69191 -0.06436)","(0.14535 0.69624 -0.09386)","(0.11090 0.75508 -0.04509)"
17,0.2500,1,0.2500,1,1,grip_normal,two_hand_one_hand,hand_right,hand_right,0.000000,0.595299,0.038084,-1.000000,1.000000,-1.000000,false,3,true,true,0.499782,0.972929,-0.018962,-0.971269,0.500218,1.018962,0.068787,0.041631,"(-0.23918 0.91342 0.29855)","(-0.25882 0.85582 0.33060)","(0.17561 0.84426 -0.02564)","(0.21271 0.85458 -0.04148)","(-0.20532 0.82991 0.28478)","(-0.14172 0.85934 0.30144)","(-0.14863 0.87232 0.27354)","(-0.14315 0.94435 0.33460)","(0.12532 0.69191 -0.06436)","(0.14535 0.69624 -0.09386)","(0.11090 0.75508 -0.04509)"
18,0.2667,1,0.2667,1,1,grip_normal,two_hand_one_hand,hand_right,hand_right,0.000000,0.595299,0.038084,-1.000000,1.000000,-1.000000,false,3,true,true,0.499782,0.972929,-0.018962,-0.971269,0.500218,1.018962,0.068787,0.041631,"(-0.23918 0.91342 0.29855)","(-0.25882 0.85582 0.33060)","(0.17561 0.84426 -0.02564)","(0.21271 0.85458 -0.04148)","(-0.20532 0.82991 0.28478)","(-0.14172 0.85934 0.30144)","(-0.14863 0.87232 0.27354)","(-0.14315 0.94435 0.33460)","(0.12532 0.69191 -0.06436)","(0.14535 0.69624 -0.09386)","(0.11090 0.75508 -0.04509)"
19,0.2833,1,0.2833,1,1,grip_normal,two_hand_one_hand,hand_right,hand_right,0.000000,0.595299,0.038084,-1.000000,1.000000,-1.000000,false,3,true,true,0.499782,0.972929,-0.018962,-0.971269,0.500218,1.018962,0.068787,0.041631,"(-0.23918 0.91342 0.29855)","(-0.25882 0.85582 0.33060)","(0.17561 0.84426 -0.02564)","(0.21271 0.85458 -0.04148)","(-0.20532 0.82991 0.28478)","(-0.14172 0.85934 0.30144)","(-0.14863 0.87232 0.27354)","(-0.14315 0.94435 0.33460)","(0.12532 0.69191 -0.06436)","(0.14535 0.69624 -0.09386)","(0.11090 0.75508 -0.04509)"
20,0.3000,1,0.3000,1,1,grip_normal,two_hand_one_hand,hand_right,hand_right,0.000000,0.595299,0.038084,-1.000000,1.000000,-1.000000,false,3,true,true,0.499782,0.972929,-0.018962,-0.971269,0.500218,1.018962,0.068787,0.041631,"(-0.23918 0.91342 0.29855)","(-0.25882 0.85582 0.33060)","(0.17561 0.84426 -0.02564)","(0.21271 0.85458 -0.04148)","(-0.20532 0.82991 0.28478)","(-0.14172 0.85934 0.30144)","(-0.14863 0.87232 0.27354)","(-0.14315 0.94435 0.33460)","(0.12532 0.69191 -0.06436)","(0.14535 0.69624 -0.09386)","(0.11090 0.75508 -0.04509)"
21,0.3167,1,0.3167,1,1,grip_normal,two_hand_one_hand,hand_right,hand_right,0.000000,0.595299,0.038084,-1.000000,1.000000,-1.000000,false,3,true,true,0.499782,0.972929,-0.018962,-0.971269,0.500218,1.018962,0.068787,0.041631,"(-0.23918 0.91342 0.29855)","(-0.25882 0.85582 0.33060)","(0.17561 0.84426 -0.02564)","(0.21271 0.85458 -0.04148)","(-0.20532 0.82991 0.28478)","(-0.14172 0.85934 0.30144)","(-0.14863 0.87232 0.27354)","(-0.14315 0.94435 0.33460)","(0.12532 0.69191 -0.06436)","(0.14535 0.69624 -0.09386)","(0.11090 0.75508 -0.04509)"
22,0.3333,1,0.3333,1,1,grip_normal,two_hand_one_hand,hand_right,hand_right,0.000000,0.595299,0.038084,-1.000000,1.000000,-1.000000,false,3,true,true,0.499782,0.972929,-0.018962,-0.971269,0.500218,1.018962,0.068787,0.041631,"(-0.23918 0.91342 0.29855)","(-0.25882 0.85582 0.33060)","(0.17561 0.84426 -0.02564)","(0.21271 0.85458 -0.04148)","(-0.20532 0.82991 0.28478)","(-0.14172 0.85934 0.30144)","(-0.14863 0.87232 0.27354)","(-0.14315 0.94435 0.33460)","(0.12532 0.69191 -0.06436)","(0.14535 0.69624 -0.09386)","(0.11090 0.75508 -0.04509)"
23,0.3500,1,0.3500,1,1,grip_normal,two_hand_one_hand,hand_right,hand_right,0.000000,0.595299,0.038084,-1.000000,1.000000,-1.000000,false,3,true,true,0.499782,0.972929,-0.018962,-0.971269,0.500218,1.018962,0.068787,0.041631,"(-0.23918 0.91342 0.29855)","(-0.25882 0.85582 0.33060)","(0.17561 0.84426 -0.02564)","(0.21271 0.85458 -0.04148)","(-0.20532 0.82991 0.28478)","(-0.14172 0.85934 0.30144)","(-0.14863 0.87232 0.27354)","(-0.14315 0.94435 0.33460)","(0.12532 0.69191 -0.06436)","(0.14535 0.69624 -0.09386)","(0.11090 0.75508 -0.04509)"
24,0.3667,1,0.3667,1,1,grip_normal,two_hand_one_hand,hand_right,hand_right,0.000000,0.595299,0.038084,-1.000000,1.000000,-1.000000,false,3,true,true,0.499782,0.972929,-0.018962,-0.971269,0.500218,1.018962,0.068787,0.041631,"(-0.23918 0.91342 0.29855)","(-0.25882 0.85582 0.33060)","(0.17561 0.84426 -0.02564)","(0.21271 0.85458 -0.04148)","(-0.20532 0.82991 0.28478)","(-0.14172 0.85934 0.30144)","(-0.14863 0.87232 0.27354)","(-0.14315 0.94435 0.33460)","(0.12532 0.69191 -0.06436)","(0.14535 0.69624 -0.09386)","(0.11090 0.75508 -0.04509)"
25,0.3833,1,0.3833,1,1,grip_normal,two_hand_one_hand,hand_right,hand_right,0.000000,0.595299,0.038084,-1.000000,1.000000,-1.000000,false,3,true,true,0.499782,0.972929,-0.018962,-0.971269,0.500218,1.018962,0.068787,0.041631,"(-0.23918 0.91342 0.29855)","(-0.25882 0.85582 0.33060)","(0.17561 0.84426 -0.02564)","(0.21271 0.85458 -0.04148)","(-0.20532 0.82991 0.28478)","(-0.14172 0.85934 0.30144)","(-0.14863 0.87232 0.27354)","(-0.14315 0.94435 0.33460)","(0.12532 0.69191 -0.06436)","(0.14535 0.69624 -0.09386)","(0.11090 0.75508 -0.04509)"
26,0.4000,1,0.4000,1,1,grip_normal,two_hand_one_hand,hand_right,hand_right,0.000000,0.595299,0.038084,-1.000000,1.000000,-1.000000,false,3,true,true,0.499782,0.972929,-0.018962,-0.971269,0.500218,1.018962,0.068787,0.041631,"(-0.23918 0.91342 0.29855)","(-0.25882 0.85582 0.33060)","(0.17561 0.84426 -0.02564)","(0.21271 0.85458 -0.04148)","(-0.20532 0.82991 0.28478)","(-0.14172 0.85934 0.30144)","(-0.14863 0.87232 0.27354)","(-0.14315 0.94435 0.33460)","(0.12532 0.69191 -0.06436)","(0.14535 0.69624 -0.09386)","(0.11090 0.75508 -0.04509)"
27,0.4167,1,0.4167,1,1,grip_normal,two_hand_one_hand,hand_right,hand_right,0.000000,0.595299,0.038084,-1.000000,1.000000,-1.000000,false,3,true,true,0.499782,0.972929,-0.018962,-0.971269,0.500218,1.018962,0.068787,0.041631,"(-0.23918 0.91342 0.29855)","(-0.25882 0.85582 0.33060)","(0.17561 0.84426 -0.02564)","(0.21271 0.85458 -0.04148)","(-0.20532 0.82991 0.28478)","(-0.14172 0.85934 0.30144)","(-0.14863 0.87232 0.27354)","(-0.14315 0.94435 0.33460)","(0.12532 0.69191 -0.06436)","(0.14535 0.69624 -0.09386)","(0.11090 0.75508 -0.04509)"
28,0.4333,1,0.4333,1,1,grip_normal,two_hand_one_hand,hand_right,hand_right,0.000000,0.595299,0.038084,-1.000000,1.000000,-1.000000,false,3,true,true,0.499782,0.972929,-0.018962,-0.971269,0.500218,1.018962,0.068787,0.041631,"(-0.23918 0.91342 0.29855)","(-0.25882 0.85582 0.33060)","(0.17561 0.84426 -0.02564)","(0.21271 0.85458 -0.04148)","(-0.20532 0.82991 0.28478)","(-0.14172 0.85934 0.30144)","(-0.14863 0.87232 0.27354)","(-0.14315 0.94435 0.33460)","(0.12532 0.69191 -0.06436)","(0.14535 0.69624 -0.09386)","(0.11090 0.75508 -0.04509)"
29,0.4500,1,0.4500,1,1,grip_normal,two_hand_one_hand,hand_right,hand_right,0.000000,0.595299,0.038084,-1.000000,1.000000,-1.000000,false,3,true,true,0.499782,0.972929,-0.018962,-0.971269,0.500218,1.018962,0.068787,0.041631,"(-0.23918 0.91342 0.29855)","(-0.25882 0.85582 0.33060)","(0.17561 0.84426 -0.02564)","(0.21271 0.85458 -0.04148)","(-0.20532 0.82991 0.28478)","(-0.14172 0.85934 0.30144)","(-0.14863 0.87232 0.27354)","(-0.14315 0.94435 0.33460)","(0.12532 0.69191 -0.06436)","(0.14535 0.69624 -0.09386)","(0.11090 0.75508 -0.04509)"
30,0.4667,1,0.4667,1,1,grip_normal,two_hand_one_hand,hand_right,hand_right,0.000000,0.595299,0.038084,-1.000000,1.000000,-1.000000,false,3,true,true,0.499782,0.972929,-0.018962,-0.971269,0.500218,1.018962,0.068787,0.041631,"(-0.23918 0.91342 0.29855)","(-0.25882 0.85582 0.33060)","(0.17561 0.84426 -0.02564)","(0.21271 0.85458 -0.04148)","(-0.20532 0.82991 0.28478)","(-0.14172 0.85934 0.30144)","(-0.14863 0.87232 0.27354)","(-0.14315 0.94435 0.33460)","(0.12532 0.69191 -0.06436)","(0.14535 0.69624 -0.09386)","(0.11090 0.75508 -0.04509)"
31,0.4833,1,0.4833,1,1,grip_normal,two_hand_one_hand,hand_right,hand_right,0.000000,0.595299,0.038084,-1.000000,1.000000,-1.000000,false,3,true,true,0.499782,0.972929,-0.018962,-0.971269,0.500218,1.018962,0.068787,0.041631,"(-0.23918 0.91342 0.29855)","(-0.25882 0.85582 0.33060)","(0.17561 0.84426 -0.02564)","(0.21271 0.85458 -0.04148)","(-0.20532 0.82991 0.28478)","(-0.14172 0.85934 0.30144)","(-0.14863 0.87232 0.27354)","(-0.14315 0.94435 0.33460)","(0.12532 0.69191 -0.06436)","(0.14535 0.69624 -0.09386)","(0.11090 0.75508 -0.04509)"
32,0.5000,1,0.5000,1,1,grip_normal,two_hand_one_hand,hand_right,hand_right,0.000000,0.595299,0.038084,-1.000000,1.000000,-1.000000,false,3,true,true,0.499782,0.972929,-0.018962,-0.971269,0.500218,1.018962,0.068787,0.041631,"(-0.23918 0.91342 0.29855)","(-0.25882 0.85582 0.33060)","(0.17561 0.84426 -0.02564)","(0.21271 0.85458 -0.04148)","(-0.20532 0.82991 0.28478)","(-0.14172 0.85934 0.30144)","(-0.14863 0.87232 0.27354)","(-0.14315 0.94435 0.33460)","(0.12532 0.69191 -0.06436)","(0.14535 0.69624 -0.09386)","(0.11090 0.75508 -0.04509)"
33,0.5167,1,0.5167,1,1,grip_normal,two_hand_one_hand,hand_right,hand_right,0.000000,0.595299,0.038084,-1.000000,1.000000,-1.000000,false,3,true,true,0.499782,0.972929,-0.018962,-0.971269,0.500218,1.018962,0.068787,0.041631,"(-0.23918 0.91342 0.29855)","(-0.25882 0.85582 0.33060)","(0.17561 0.84426 -0.02564)","(0.21271 0.85458 -0.04148)","(-0.20532 0.82991 0.28478)","(-0.14172 0.85934 0.30144)","(-0.14863 0.87232 0.27354)","(-0.14315 0.94435 0.33460)","(0.12532 0.69191 -0.06436)","(0.14535 0.69624 -0.09386)","(0.11090 0.75508 -0.04509)"
34,0.5333,1,0.5333,1,1,grip_normal,two_hand_one_hand,hand_right,hand_right,0.000000,0.595299,0.038084,-1.000000,1.000000,-1.000000,false,3,true,true,0.499782,0.972929,-0.018962,-0.971269,0.500218,1.018962,0.068787,0.041631,"(-0.23918 0.91342 0.29855)","(-0.25882 0.85582 0.33060)","(0.17561 0.84426 -0.02564)","(0.21271 0.85458 -0.04148)","(-0.20532 0.82991 0.28478)","(-0.14172 0.85934 0.30144)","(-0.14863 0.87232 0.27354)","(-0.14315 0.94435 0.33460)","(0.12532 0.69191 -0.06436)","(0.14535 0.69624 -0.09386)","(0.11090 0.75508 -0.04509)"
35,0.5500,1,0.5500,1,1,grip_normal,two_hand_one_hand,hand_right,hand_right,0.000000,0.595299,0.038084,-1.000000,1.000000,-1.000000,false,3,true,true,0.499782,0.972929,-0.018962,-0.971269,0.500218,1.018962,0.068787,0.041631,"(-0.23918 0.91342 0.29855)","(-0.25882 0.85582 0.33060)","(0.17561 0.84426 -0.02564)","(0.21271 0.85458 -0.04148)","(-0.20532 0.82991 0.28478)","(-0.14172 0.85934 0.30144)","(-0.14863 0.87232 0.27354)","(-0.14315 0.94435 0.33460)","(0.12532 0.69191 -0.06436)","(0.14535 0.69624 -0.09386)","(0.11090 0.75508 -0.04509)"
36,0.5667,1,0.5667,1,1,grip_normal,two_hand_one_hand,hand_right,hand_right,0.000000,0.595299,0.038084,-1.000000,1.000000,-1.000000,false,3,true,true,0.499782,0.972929,-0.018962,-0.971269,0.500218,1.018962,0.068787,0.041631,"(-0.23918 0.91342 0.29855)","(-0.25882 0.85582 0.33060)","(0.17561 0.84426 -0.02564)","(0.21271 0.85458 -0.04148)","(-0.20532 0.82991 0.28478)","(-0.14172 0.85934 0.30144)","(-0.14863 0.87232 0.27354)","(-0.14315 0.94435 0.33460)","(0.12532 0.69191 -0.06436)","(0.14535 0.69624 -0.09386)","(0.11090 0.75508 -0.04509)"
37,0.5833,1,0.5833,1,1,grip_normal,two_hand_one_hand,hand_right,hand_right,0.000000,0.595299,0.038084,-1.000000,1.000000,-1.000000,false,3,true,true,0.499782,0.972929,-0.018962,-0.971269,0.500218,1.018962,0.068787,0.041631,"(-0.23918 0.91342 0.29855)","(-0.25882 0.85582 0.33060)","(0.17561 0.84426 -0.02564)","(0.21271 0.85458 -0.04148)","(-0.20532 0.82991 0.28478)","(-0.14172 0.85934 0.30144)","(-0.14863 0.87232 0.27354)","(-0.14315 0.94435 0.33460)","(0.12532 0.69191 -0.06436)","(0.14535 0.69624 -0.09386)","(0.11090 0.75508 -0.04509)"
38,0.6000,1,0.6000,1,1,grip_normal,two_hand_one_hand,hand_right,hand_right,0.000000,0.595299,0.038084,-1.000000,1.000000,-1.000000,false,3,true,true,0.499782,0.972929,-0.018962,-0.971269,0.500218,1.018962,0.068787,0.041631,"(-0.23918 0.91342 0.29855)","(-0.25882 0.85582 0.33060)","(0.17561 0.84426 -0.02564)","(0.21271 0.85458 -0.04148)","(-0.20532 0.82991 0.28478)","(-0.14172 0.85934 0.30144)","(-0.14863 0.87232 0.27354)","(-0.14315 0.94435 0.33460)","(0.12532 0.69191 -0.06436)","(0.14535 0.69624 -0.09386)","(0.11090 0.75508 -0.04509)"
39,0.6167,1,0.6167,1,1,grip_normal,two_hand_one_hand,hand_right,hand_right,0.000000,0.595299,0.038084,-1.000000,1.000000,-1.000000,false,3,true,true,0.499782,0.972929,-0.018962,-0.971269,0.500218,1.018962,0.068787,0.041631,"(-0.23918 0.91342 0.29855)","(-0.25882 0.85582 0.33060)","(0.17561 0.84426 -0.02564)","(0.21271 0.85458 -0.04148)","(-0.20532 0.82991 0.28478)","(-0.14172 0.85934 0.30144)","(-0.14863 0.87232 0.27354)","(-0.14315 0.94435 0.33460)","(0.12532 0.69191 -0.06436)","(0.14535 0.69624 -0.09386)","(0.11090 0.75508 -0.04509)"
40,0.6333,1,0.6333,1,1,grip_normal,two_hand_one_hand,hand_right,hand_right,0.000000,0.595299,0.038084,-1.000000,1.000000,-1.000000,false,3,true,true,0.499782,0.972929,-0.018962,-0.971269,0.500218,1.018962,0.068787,0.041631,"(-0.23918 0.91342 0.29855)","(-0.25882 0.85582 0.33060)","(0.17561 0.84426 -0.02564)","(0.21271 0.85458 -0.04148)","(-0.20532 0.82991 0.28478)","(-0.14172 0.85934 0.30144)","(-0.14863 0.87232 0.27354)","(-0.14315 0.94435 0.33460)","(0.12532 0.69191 -0.06436)","(0.14535 0.69624 -0.09386)","(0.11090 0.75508 -0.04509)"
41,0.6500,1,0.6500,1,1,grip_normal,two_hand_one_hand,hand_right,hand_right,0.000000,0.595299,0.038084,-1.000000,1.000000,-1.000000,false,3,true,true,0.499782,0.972929,-0.018962,-0.971269,0.500218,1.018962,0.068787,0.041631,"(-0.23918 0.91342 0.29855)","(-0.25882 0.85582 0.33060)","(0.17561 0.84426 -0.02564)","(0.21271 0.85458 -0.04148)","(-0.20532 0.82991 0.28478)","(-0.14172 0.85934 0.30144)","(-0.14863 0.87232 0.27354)","(-0.14315 0.94435 0.33460)","(0.12532 0.69191 -0.06436)","(0.14535 0.69624 -0.09386)","(0.11090 0.75508 -0.04509)"
42,0.6667,1,0.6667,1,1,grip_normal,two_hand_one_hand,hand_right,hand_right,0.000000,0.595299,0.038084,-1.000000,1.000000,-1.000000,false,3,true,true,0.499782,0.972929,-0.018962,-0.971269,0.500218,1.018962,0.068787,0.041631,"(-0.23918 0.91342 0.29855)","(-0.25882 0.85582 0.33060)","(0.17561 0.84426 -0.02564)","(0.21271 0.85458 -0.04148)","(-0.20532 0.82991 0.28478)","(-0.14172 0.85934 0.30144)","(-0.14863 0.87232 0.27354)","(-0.14315 0.94435 0.33460)","(0.12532 0.69191 -0.06436)","(0.14535 0.69624 -0.09386)","(0.11090 0.75508 -0.04509)"
43,0.6833,1,0.6833,1,1,grip_normal,two_hand_one_hand,hand_right,hand_right,0.000000,0.595299,0.038084,-1.000000,1.000000,-1.000000,false,3,true,true,0.499782,0.972929,-0.018962,-0.971269,0.500218,1.018962,0.068787,0.041631,"(-0.23918 0.91342 0.29855)","(-0.25882 0.85582 0.33060)","(0.17561 0.84426 -0.02564)","(0.21271 0.85458 -0.04148)","(-0.20532 0.82991 0.28478)","(-0.14172 0.85934 0.30144)","(-0.14863 0.87232 0.27354)","(-0.14315 0.94435 0.33460)","(0.12532 0.69191 -0.06436)","(0.14535 0.69624 -0.09386)","(0.11090 0.75508 -0.04509)"
44,0.7000,1,0.7000,1,1,grip_normal,two_hand_one_hand,hand_right,hand_right,0.000000,0.595299,0.038084,-1.000000,1.000000,-1.000000,false,3,true,true,0.499782,0.972929,-0.018962,-0.971269,0.500218,1.018962,0.068787,0.041631,"(-0.23918 0.91342 0.29855)","(-0.25882 0.85582 0.33060)","(0.17561 0.84426 -0.02564)","(0.21271 0.85458 -0.04148)","(-0.20532 0.82991 0.28478)","(-0.14172 0.85934 0.30144)","(-0.14863 0.87232 0.27354)","(-0.14315 0.94435 0.33460)","(0.12532 0.69191 -0.06436)","(0.14535 0.69624 -0.09386)","(0.11090 0.75508 -0.04509)"
45,0.7167,1,0.7167,1,1,grip_normal,two_hand_one_hand,hand_right,hand_right,0.000000,0.595299,0.038084,-1.000000,1.000000,-1.000000,false,3,true,true,0.499782,0.972929,-0.018962,-0.971269,0.500218,1.018962,0.068787,0.041631,"(-0.23918 0.91342 0.29855)","(-0.25882 0.85582 0.33060)","(0.17561 0.84426 -0.02564)","(0.21271 0.85458 -0.04148)","(-0.20532 0.82991 0.28478)","(-0.14172 0.85934 0.30144)","(-0.14863 0.87232 0.27354)","(-0.14315 0.94435 0.33460)","(0.12532 0.69191 -0.06436)","(0.14535 0.69624 -0.09386)","(0.11090 0.75508 -0.04509)"
46,0.7333,1,0.7333,1,1,grip_normal,two_hand_one_hand,hand_right,hand_right,0.000000,0.595299,0.038084,-1.000000,1.000000,-1.000000,false,3,true,true,0.499782,0.972929,-0.018962,-0.971269,0.500218,1.018962,0.068787,0.041631,"(-0.23918 0.91342 0.29855)","(-0.25882 0.85582 0.33060)","(0.17561 0.84426 -0.02564)","(0.21271 0.85458 -0.04148)","(-0.20532 0.82991 0.28478)","(-0.14172 0.85934 0.30144)","(-0.14863 0.87232 0.27354)","(-0.14315 0.94435 0.33460)","(0.12532 0.69191 -0.06436)","(0.14535 0.69624 -0.09386)","(0.11090 0.75508 -0.04509)"
47,0.7500,1,0.7500,1,1,grip_normal,two_hand_one_hand,hand_right,hand_right,0.000000,0.595299,0.038084,-1.000000,1.000000,-1.000000,false,3,true,true,0.499782,0.972929,-0.018962,-0.971269,0.500218,1.018962,0.068787,0.041631,"(-0.23918 0.91342 0.29855)","(-0.25882 0.85582 0.33060)","(0.17561 0.84426 -0.02564)","(0.21271 0.85458 -0.04148)","(-0.20532 0.82991 0.28478)","(-0.14172 0.85934 0.30144)","(-0.14863 0.87232 0.27354)","(-0.14315 0.94435 0.33460)","(0.12532 0.69191 -0.06436)","(0.14535 0.69624 -0.09386)","(0.11090 0.75508 -0.04509)"
48,0.7667,1,0.7667,1,1,grip_normal,two_hand_one_hand,hand_right,hand_right,0.000000,0.595299,0.038084,-1.000000,1.000000,-1.000000,false,3,true,true,0.499782,0.972929,-0.018962,-0.971269,0.500218,1.018962,0.068787,0.041631,"(-0.23918 0.91342 0.29855)","(-0.25882 0.85582 0.33060)","(0.17561 0.84426 -0.02564)","(0.21271 0.85458 -0.04148)","(-0.20532 0.82991 0.28478)","(-0.14172 0.85934 0.30144)","(-0.14863 0.87232 0.27354)","(-0.14315 0.94435 0.33460)","(0.12532 0.69191 -0.06436)","(0.14535 0.69624 -0.09386)","(0.11090 0.75508 -0.04509)"
49,0.7833,1,0.7833,1,1,grip_normal,two_hand_one_hand,hand_right,hand_right,0.000000,0.595299,0.038084,-1.000000,1.000000,-1.000000,false,3,true,true,0.499782,0.972929,-0.018962,-0.971269,0.500218,1.018962,0.068787,0.041631,"(-0.23918 0.91342 0.29855)","(-0.25882 0.85582 0.33060)","(0.17561 0.84426 -0.02564)","(0.21271 0.85458 -0.04148)","(-0.20532 0.82991 0.28478)","(-0.14172 0.85934 0.30144)","(-0.14863 0.87232 0.27354)","(-0.14315 0.94435 0.33460)","(0.12532 0.69191 -0.06436)","(0.14535 0.69624 -0.09386)","(0.11090 0.75508 -0.04509)"
50,0.8000,1,0.8000,1,1,grip_normal,two_hand_one_hand,hand_right,hand_right,0.000000,0.595299,0.038084,-1.000000,1.000000,-1.000000,false,3,true,true,0.499782,0.972929,-0.018962,-0.971269,0.500218,1.018962,0.068787,0.041631,"(-0.23918 0.91342 0.29855)","(-0.25882 0.85582 0.33060)","(0.17561 0.84426 -0.02564)","(0.21271 0.85458 -0.04148)","(-0.20532 0.82991 0.28478)","(-0.14172 0.85934 0.30144)","(-0.14863 0.87232 0.27354)","(-0.14315 0.94435 0.33460)","(0.12532 0.69191 -0.06436)","(0.14535 0.69624 -0.09386)","(0.11090 0.75508 -0.04509)"
51,0.8167,1,0.8167,1,1,grip_normal,two_hand_one_hand,hand_right,hand_right,0.000000,0.595299,0.038084,-1.000000,1.000000,-1.000000,false,3,true,true,0.499782,0.972929,-0.018962,-0.971269,0.500218,1.018962,0.068787,0.041631,"(-0.23918 0.91342 0.29855)","(-0.25882 0.85582 0.33060)","(0.17561 0.84426 -0.02564)","(0.21271 0.85458 -0.04148)","(-0.20532 0.82991 0.28478)","(-0.14172 0.85934 0.30144)","(-0.14863 0.87232 0.27354)","(-0.14315 0.94435 0.33460)","(0.12532 0.69191 -0.06436)","(0.14535 0.69624 -0.09386)","(0.11090 0.75508 -0.04509)"
52,0.8333,1,0.8333,1,1,grip_normal,two_hand_one_hand,hand_right,hand_right,0.000000,0.595299,0.038084,-1.000000,1.000000,-1.000000,false,3,true,true,0.499782,0.972929,-0.018962,-0.971269,0.500218,1.018962,0.068787,0.041631,"(-0.23918 0.91342 0.29855)","(-0.25882 0.85582 0.33060)","(0.17561 0.84426 -0.02564)","(0.21271 0.85458 -0.04148)","(-0.20532 0.82991 0.28478)","(-0.14172 0.85934 0.30144)","(-0.14863 0.87232 0.27354)","(-0.14315 0.94435 0.33460)","(0.12532 0.69191 -0.06436)","(0.14535 0.69624 -0.09386)","(0.11090 0.75508 -0.04509)"
53,0.8500,1,0.8500,1,1,grip_normal,two_hand_one_hand,hand_right,hand_right,0.000000,0.595299,0.038084,-1.000000,1.000000,-1.000000,false,3,true,true,0.499782,0.972929,-0.018962,-0.971269,0.500218,1.018962,0.068787,0.041631,"(-0.23918 0.91342 0.29855)","(-0.25882 0.85582 0.33060)","(0.17561 0.84426 -0.02564)","(0.21271 0.85458 -0.04148)","(-0.20532 0.82991 0.28478)","(-0.14172 0.85934 0.30144)","(-0.14863 0.87232 0.27354)","(-0.14315 0.94435 0.33460)","(0.12532 0.69191 -0.06436)","(0.14535 0.69624 -0.09386)","(0.11090 0.75508 -0.04509)"
54,0.8667,1,0.8667,1,1,grip_normal,two_hand_one_hand,hand_right,hand_right,0.000000,0.595299,0.038084,-1.000000,1.000000,-1.000000,false,3,true,true,0.499782,0.972929,-0.018962,-0.971269,0.500218,1.018962,0.068787,0.041631,"(-0.23918 0.91342 0.29855)","(-0.25882 0.85582 0.33060)","(0.17561 0.84426 -0.02564)","(0.21271 0.85458 -0.04148)","(-0.20532 0.82991 0.28478)","(-0.14172 0.85934 0.30144)","(-0.14863 0.87232 0.27354)","(-0.14315 0.94435 0.33460)","(0.12532 0.69191 -0.06436)","(0.14535 0.69624 -0.09386)","(0.11090 0.75508 -0.04509)"
55,0.8833,1,0.8833,1,1,grip_normal,two_hand_one_hand,hand_right,hand_right,0.000000,0.595299,0.038084,-1.000000,1.000000,-1.000000,false,3,true,true,0.499782,0.972929,-0.018962,-0.971269,0.500218,1.018962,0.068787,0.041631,"(-0.23918 0.91342 0.29855)","(-0.25882 0.85582 0.33060)","(0.17561 0.84426 -0.02564)","(0.21271 0.85458 -0.04148)","(-0.20532 0.82991 0.28478)","(-0.14172 0.85934 0.30144)","(-0.14863 0.87232 0.27354)","(-0.14315 0.94435 0.33460)","(0.12532 0.69191 -0.06436)","(0.14535 0.69624 -0.09386)","(0.11090 0.75508 -0.04509)"
56,0.9000,1,0.9000,1,1,grip_normal,two_hand_one_hand,hand_right,hand_right,0.000000,0.595299,0.038084,-1.000000,1.000000,-1.000000,false,3,true,true,0.499782,0.972929,-0.018962,-0.971269,0.500218,1.018962,0.068787,0.041631,"(-0.23918 0.91342 0.29855)","(-0.25882 0.85582 0.33060)","(0.17561 0.84426 -0.02564)","(0.21271 0.85458 -0.04148)","(-0.20532 0.82991 0.28478)","(-0.14172 0.85934 0.30144)","(-0.14863 0.87232 0.27354)","(-0.14315 0.94435 0.33460)","(0.12532 0.69191 -0.06436)","(0.14535 0.69624 -0.09386)","(0.11090 0.75508 -0.04509)"
57,0.9167,1,0.9167,1,1,grip_normal,two_hand_one_hand,hand_right,hand_right,0.000000,0.595299,0.038084,-1.000000,1.000000,-1.000000,false,3,true,true,0.499782,0.972929,-0.018962,-0.971269,0.500218,1.018962,0.068787,0.041631,"(-0.23918 0.91342 0.29855)","(-0.25882 0.85582 0.33060)","(0.17561 0.84426 -0.02564)","(0.21271 0.85458 -0.04148)","(-0.20532 0.82991 0.28478)","(-0.14172 0.85934 0.30144)","(-0.14863 0.87232 0.27354)","(-0.14315 0.94435 0.33460)","(0.12532 0.69191 -0.06436)","(0.14535 0.69624 -0.09386)","(0.11090 0.75508 -0.04509)"
58,0.9333,1,0.9333,1,1,grip_normal,two_hand_one_hand,hand_right,hand_right,0.000000,0.595299,0.038084,-1.000000,1.000000,-1.000000,false,3,true,true,0.499782,0.972929,-0.018962,-0.971269,0.500218,1.018962,0.068787,0.041631,"(-0.23918 0.91342 0.29855)","(-0.25882 0.85582 0.33060)","(0.17561 0.84426 -0.02564)","(0.21271 0.85458 -0.04148)","(-0.20532 0.82991 0.28478)","(-0.14172 0.85934 0.30144)","(-0.14863 0.87232 0.27354)","(-0.14315 0.94435 0.33460)","(0.12532 0.69191 -0.06436)","(0.14535 0.69624 -0.09386)","(0.11090 0.75508 -0.04509)"
59,0.9500,1,0.9500,1,1,grip_normal,two_hand_one_hand,hand_right,hand_right,0.000000,0.595299,0.038084,-1.000000,1.000000,-1.000000,false,3,true,true,0.499782,0.972929,-0.018962,-0.971269,0.500218,1.018962,0.068787,0.041631,"(-0.23918 0.91342 0.29855)","(-0.25882 0.85582 0.33060)","(0.17561 0.84426 -0.02564)","(0.21271 0.85458 -0.04148)","(-0.20532 0.82991 0.28478)","(-0.14172 0.85934 0.30144)","(-0.14863 0.87232 0.27354)","(-0.14315 0.94435 0.33460)","(0.12532 0.69191 -0.06436)","(0.14535 0.69624 -0.09386)","(0.11090 0.75508 -0.04509)"
60,0.9667,1,0.9667,1,1,grip_normal,two_hand_one_hand,hand_right,hand_right,0.000000,0.595299,0.038084,-1.000000,1.000000,-1.000000,false,3,true,true,0.499782,0.972929,-0.018962,-0.971269,0.500218,1.018962,0.068787,0.041631,"(-0.23918 0.91342 0.29855)","(-0.25882 0.85582 0.33060)","(0.17561 0.84426 -0.02564)","(0.21271 0.85458 -0.04148)","(-0.20532 0.82991 0.28478)","(-0.14172 0.85934 0.30144)","(-0.14863 0.87232 0.27354)","(-0.14315 0.94435 0.33460)","(0.12532 0.69191 -0.06436)","(0.14535 0.69624 -0.09386)","(0.11090 0.75508 -0.04509)"
61,0.9833,1,0.9833,1,1,grip_normal,two_hand_one_hand,hand_right,hand_right,0.000000,0.595299,0.038084,-1.000000,1.000000,-1.000000,false,3,true,true,0.499782,0.972929,-0.018962,-0.971269,0.500218,1.018962,0.068787,0.041631,"(-0.23918 0.91342 0.29855)","(-0.25882 0.85582 0.33060)","(0.17561 0.84426 -0.02564)","(0.21271 0.85458 -0.04148)","(-0.20532 0.82991 0.28478)","(-0.14172 0.85934 0.30144)","(-0.14863 0.87232 0.27354)","(-0.14315 0.94435 0.33460)","(0.12532 0.69191 -0.06436)","(0.14535 0.69624 -0.09386)","(0.11090 0.75508 -0.04509)"
62,1.0000,1,1.0000,1,1,grip_normal,two_hand_one_hand,hand_right,hand_right,0.000000,0.595299,0.038084,-1.000000,1.000000,-1.000000,false,3,true,true,0.499782,0.972929,-0.018962,-0.971269,0.500218,1.018962,0.068787,0.041631,"(-0.23918 0.91342 0.29855)","(-0.25882 0.85582 0.33060)","(0.17561 0.84426 -0.02564)","(0.21271 0.85458 -0.04148)","(-0.20532 0.82991 0.28478)","(-0.14172 0.85934 0.30144)","(-0.14863 0.87232 0.27354)","(-0.14315 0.94435 0.33460)","(0.12532 0.69191 -0.06436)","(0.14535 0.69624 -0.09386)","(0.11090 0.75508 -0.04509)"
63,1.0167,1,1.0167,1,1,grip_normal,two_hand_one_hand,hand_right,hand_right,0.000000,0.595299,0.038084,-1.000000,1.000000,-1.000000,false,3,true,true,0.499782,0.972929,-0.018962,-0.971269,0.500218,1.018962,0.068787,0.041631,"(-0.23918 0.91342 0.29855)","(-0.25882 0.85582 0.33060)","(0.17561 0.84426 -0.02564)","(0.21271 0.85458 -0.04148)","(-0.20532 0.82991 0.28478)","(-0.14172 0.85934 0.30144)","(-0.14863 0.87232 0.27354)","(-0.14315 0.94435 0.33460)","(0.12532 0.69191 -0.06436)","(0.14535 0.69624 -0.09386)","(0.11090 0.75508 -0.04509)"
64,1.0333,1,1.0333,1,1,grip_normal,two_hand_one_hand,hand_right,hand_right,0.000000,0.595299,0.038084,-1.000000,1.000000,-1.000000,false,3,true,true,0.499782,0.972929,-0.018962,-0.971269,0.500218,1.018962,0.068787,0.041631,"(-0.23918 0.91342 0.29855)","(-0.25882 0.85582 0.33060)","(0.17561 0.84426 -0.02564)","(0.21271 0.85458 -0.04148)","(-0.20532 0.82991 0.28478)","(-0.14172 0.85934 0.30144)","(-0.14863 0.87232 0.27354)","(-0.14315 0.94435 0.33460)","(0.12532 0.69191 -0.06436)","(0.14535 0.69624 -0.09386)","(0.11090 0.75508 -0.04509)"
65,1.0500,1,1.0500,1,1,grip_normal,two_hand_one_hand,hand_right,hand_right,0.000000,0.595299,0.038084,-1.000000,1.000000,-1.000000,false,3,true,true,0.499782,0.972929,-0.018962,-0.971269,0.500218,1.018962,0.068787,0.041631,"(-0.23918 0.91342 0.29855)","(-0.25882 0.85582 0.33060)","(0.17561 0.84426 -0.02564)","(0.21271 0.85458 -0.04148)","(-0.20532 0.82991 0.28478)","(-0.14172 0.85934 0.30144)","(-0.14863 0.87232 0.27354)","(-0.14315 0.94435 0.33460)","(0.12532 0.69191 -0.06436)","(0.14535 0.69624 -0.09386)","(0.11090 0.75508 -0.04509)"
66,1.0667,1,1.0667,1,1,grip_normal,two_hand_one_hand,hand_right,hand_right,0.000000,0.595299,0.038084,-1.000000,1.000000,-1.000000,false,3,true,true,0.499782,0.972929,-0.018962,-0.971269,0.500218,1.018962,0.068787,0.041631,"(-0.23918 0.91342 0.29855)","(-0.25882 0.85582 0.33060)","(0.17561 0.84426 -0.02564)","(0.21271 0.85458 -0.04148)","(-0.20532 0.82991 0.28478)","(-0.14172 0.85934 0.30144)","(-0.14863 0.87232 0.27354)","(-0.14315 0.94435 0.33460)","(0.12532 0.69191 -0.06436)","(0.14535 0.69624 -0.09386)","(0.11090 0.75508 -0.04509)"
67,1.0833,1,1.0833,1,1,grip_normal,two_hand_one_hand,hand_right,hand_right,0.000000,0.595299,0.038084,-1.000000,1.000000,-1.000000,false,3,true,true,0.499782,0.972929,-0.018962,-0.971269,0.500218,1.018962,0.068787,0.041631,"(-0.23918 0.91342 0.29855)","(-0.25882 0.85582 0.33060)","(0.17561 0.84426 -0.02564)","(0.21271 0.85458 -0.04148)","(-0.20532 0.82991 0.28478)","(-0.14172 0.85934 0.30144)","(-0.14863 0.87232 0.27354)","(-0.14315 0.94435 0.33460)","(0.12532 0.69191 -0.06436)","(0.14535 0.69624 -0.09386)","(0.11090 0.75508 -0.04509)"
68,1.1000,1,1.1000,1,1,grip_normal,two_hand_one_hand,hand_right,hand_right,0.000000,0.595299,0.038084,-1.000000,1.000000,-1.000000,false,3,true,true,0.499782,0.972929,-0.018962,-0.971269,0.500218,1.018962,0.068787,0.041631,"(-0.23918 0.91342 0.29855)","(-0.25882 0.85582 0.33060)","(0.17561 0.84426 -0.02564)","(0.21271 0.85458 -0.04148)","(-0.20532 0.82991 0.28478)","(-0.14172 0.85934 0.30144)","(-0.14863 0.87232 0.27354)","(-0.14315 0.94435 0.33460)","(0.12532 0.69191 -0.06436)","(0.14535 0.69624 -0.09386)","(0.11090 0.75508 -0.04509)"
69,1.1167,1,1.1167,1,1,grip_normal,two_hand_one_hand,hand_right,hand_right,0.000000,0.595299,0.038084,-1.000000,1.000000,-1.000000,false,3,true,true,0.499782,0.972929,-0.018962,-0.971269,0.500218,1.018962,0.068787,0.041631,"(-0.23918 0.91342 0.29855)","(-0.25882 0.85582 0.33060)","(0.17561 0.84426 -0.02564)","(0.21271 0.85458 -0.04148)","(-0.20532 0.82991 0.28478)","(-0.14172 0.85934 0.30144)","(-0.14863 0.87232 0.27354)","(-0.14315 0.94435 0.33460)","(0.12532 0.69191 -0.06436)","(0.14535 0.69624 -0.09386)","(0.11090 0.75508 -0.04509)"
70,1.1333,1,1.1333,1,1,grip_normal,two_hand_one_hand,hand_right,hand_right,0.000000,0.595299,0.038084,-1.000000,1.000000,-1.000000,false,3,true,true,0.499782,0.972929,-0.018962,-0.971269,0.500218,1.018962,0.068787,0.041631,"(-0.23918 0.91342 0.29855)","(-0.25882 0.85582 0.33060)","(0.17561 0.84426 -0.02564)","(0.21271 0.85458 -0.04148)","(-0.20532 0.82991 0.28478)","(-0.14172 0.85934 0.30144)","(-0.14863 0.87232 0.27354)","(-0.14315 0.94435 0.33460)","(0.12532 0.69191 -0.06436)","(0.14535 0.69624 -0.09386)","(0.11090 0.75508 -0.04509)"
71,1.1500,1,1.1500,1,1,grip_normal,two_hand_one_hand,hand_right,hand_right,0.000000,0.595299,0.038084,-1.000000,1.000000,-1.000000,false,3,true,true,0.499782,0.972929,-0.018962,-0.971269,0.500218,1.018962,0.068787,0.041631,"(-0.23918 0.91342 0.29855)","(-0.25882 0.85582 0.33060)","(0.17561 0.84426 -0.02564)","(0.21271 0.85458 -0.04148)","(-0.20532 0.82991 0.28478)","(-0.14172 0.85934 0.30144)","(-0.14863 0.87232 0.27354)","(-0.14315 0.94435 0.33460)","(0.12532 0.69191 -0.06436)","(0.14535 0.69624 -0.09386)","(0.11090 0.75508 -0.04509)"
72,1.1667,1,1.1667,1,1,grip_normal,two_hand_one_hand,hand_right,hand_right,0.000000,0.595299,0.038084,-1.000000,1.000000,-1.000000,false,3,true,true,0.499782,0.972929,-0.018962,-0.971269,0.500218,1.018962,0.068787,0.041631,"(-0.23918 0.91342 0.29855)","(-0.25882 0.85582 0.33060)","(0.17561 0.84426 -0.02564)","(0.21271 0.85458 -0.04148)","(-0.20532 0.82991 0.28478)","(-0.14172 0.85934 0.30144)","(-0.14863 0.87232 0.27354)","(-0.14315 0.94435 0.33460)","(0.12532 0.69191 -0.06436)","(0.14535 0.69624 -0.09386)","(0.11090 0.75508 -0.04509)"
73,1.1833,1,1.1833,1,1,grip_normal,two_hand_one_hand,hand_right,hand_right,0.000000,0.595299,0.038084,-1.000000,1.000000,-1.000000,false,3,true,true,0.499782,0.972929,-0.018962,-0.971269,0.500218,1.018962,0.068787,0.041631,"(-0.23918 0.91342 0.29855)","(-0.25882 0.85582 0.33060)","(0.17561 0.84426 -0.02564)","(0.21271 0.85458 -0.04148)","(-0.20532 0.82991 0.28478)","(-0.14172 0.85934 0.30144)","(-0.14863 0.87232 0.27354)","(-0.14315 0.94435 0.33460)","(0.12532 0.69191 -0.06436)","(0.14535 0.69624 -0.09386)","(0.11090 0.75508 -0.04509)"
74,1.2000,1,1.2000,1,1,grip_normal,two_hand_one_hand,hand_right,hand_right,0.000000,0.595299,0.038084,-1.000000,1.000000,-1.000000,false,3,true,true,0.499782,0.972929,-0.018962,-0.971269,0.500218,1.018962,0.068787,0.041631,"(-0.23918 0.91342 0.29855)","(-0.25882 0.85582 0.33060)","(0.17561 0.84426 -0.02564)","(0.21271 0.85458 -0.04148)","(-0.20532 0.82991 0.28478)","(-0.14172 0.85934 0.30144)","(-0.14863 0.87232 0.27354)","(-0.14315 0.94435 0.33460)","(0.12532 0.69191 -0.06436)","(0.14535 0.69624 -0.09386)","(0.11090 0.75508 -0.04509)"
75,1.2167,1,1.2167,1,1,grip_normal,two_hand_one_hand,hand_right,hand_right,0.000000,0.595299,0.038084,-1.000000,1.000000,-1.000000,false,3,true,true,0.499782,0.972929,-0.018962,-0.971269,0.500218,1.018962,0.068787,0.041631,"(-0.23918 0.91342 0.29855)","(-0.25882 0.85582 0.33060)","(0.17561 0.84426 -0.02564)","(0.21271 0.85458 -0.04148)","(-0.20532 0.82991 0.28478)","(-0.14172 0.85934 0.30144)","(-0.14863 0.87232 0.27354)","(-0.14315 0.94435 0.33460)","(0.12532 0.69191 -0.06436)","(0.14535 0.69624 -0.09386)","(0.11090 0.75508 -0.04509)"
76,1.2333,1,1.2333,1,1,grip_normal,two_hand_one_hand,hand_right,hand_right,0.000000,0.595299,0.038084,-1.000000,1.000000,-1.000000,false,3,true,true,0.499782,0.972929,-0.018962,-0.971269,0.500218,1.018962,0.068787,0.041631,"(-0.23918 0.91342 0.29855)","(-0.25882 0.85582 0.33060)","(0.17561 0.84426 -0.02564)","(0.21271 0.85458 -0.04148)","(-0.20532 0.82991 0.28478)","(-0.14172 0.85934 0.30144)","(-0.14863 0.87232 0.27354)","(-0.14315 0.94435 0.33460)","(0.12532 0.69191 -0.06436)","(0.14535 0.69624 -0.09386)","(0.11090 0.75508 -0.04509)"
77,1.2500,1,1.2500,1,1,grip_normal,two_hand_one_hand,hand_right,hand_right,0.000000,0.595299,0.038084,-1.000000,1.000000,-1.000000,false,3,true,true,0.499782,0.972929,-0.018962,-0.971269,0.500218,1.018962,0.068787,0.041631,"(-0.23918 0.91342 0.29855)","(-0.25882 0.85582 0.33060)","(0.17561 0.84426 -0.02564)","(0.21271 0.85458 -0.04148)","(-0.20532 0.82991 0.28478)","(-0.14172 0.85934 0.30144)","(-0.14863 0.87232 0.27354)","(-0.14315 0.94435 0.33460)","(0.12532 0.69191 -0.06436)","(0.14535 0.69624 -0.09386)","(0.11090 0.75508 -0.04509)"
78,1.2667,1,1.2667,1,1,grip_normal,two_hand_one_hand,hand_right,hand_right,0.000000,0.595299,0.038084,-1.000000,1.000000,-1.000000,false,3,true,true,0.499782,0.972929,-0.018962,-0.971269,0.500218,1.018962,0.068787,0.041631,"(-0.23918 0.91342 0.29855)","(-0.25882 0.85582 0.33060)","(0.17561 0.84426 -0.02564)","(0.21271 0.85458 -0.04148)","(-0.20532 0.82991 0.28478)","(-0.14172 0.85934 0.30144)","(-0.14863 0.87232 0.27354)","(-0.14315 0.94435 0.33460)","(0.12532 0.69191 -0.06436)","(0.14535 0.69624 -0.09386)","(0.11090 0.75508 -0.04509)"
79,1.2833,1,1.2833,1,1,grip_normal,two_hand_one_hand,hand_right,hand_right,0.000000,0.595299,0.038084,-1.000000,1.000000,-1.000000,false,3,true,true,0.499782,0.972929,-0.018962,-0.971269,0.500218,1.018962,0.068787,0.041631,"(-0.23918 0.91342 0.29855)","(-0.25882 0.85582 0.33060)","(0.17561 0.84426 -0.02564)","(0.21271 0.85458 -0.04148)","(-0.20532 0.82991 0.28478)","(-0.14172 0.85934 0.30144)","(-0.14863 0.87232 0.27354)","(-0.14315 0.94435 0.33460)","(0.12532 0.69191 -0.06436)","(0.14535 0.69624 -0.09386)","(0.11090 0.75508 -0.04509)"
80,1.3000,1,1.3000,1,1,grip_normal,two_hand_one_hand,hand_right,hand_right,0.000000,0.595299,0.038084,-1.000000,1.000000,-1.000000,false,3,true,true,0.499782,0.972929,-0.018962,-0.971269,0.500218,1.018962,0.068787,0.041631,"(-0.23918 0.91342 0.29855)","(-0.25882 0.85582 0.33060)","(0.17561 0.84426 -0.02564)","(0.21271 0.85458 -0.04148)","(-0.20532 0.82991 0.28478)","(-0.14172 0.85934 0.30144)","(-0.14863 0.87232 0.27354)","(-0.14315 0.94435 0.33460)","(0.12532 0.69191 -0.06436)","(0.14535 0.69624 -0.09386)","(0.11090 0.75508 -0.04509)"
81,1.3167,1,1.3167,1,1,grip_normal,two_hand_one_hand,hand_right,hand_right,0.000000,0.595299,0.038084,-1.000000,1.000000,-1.000000,false,3,true,true,0.499782,0.972929,-0.018962,-0.971269,0.500218,1.018962,0.068787,0.041631,"(-0.23918 0.91342 0.29855)","(-0.25882 0.85582 0.33060)","(0.17561 0.84426 -0.02564)","(0.21271 0.85458 -0.04148)","(-0.20532 0.82991 0.28478)","(-0.14172 0.85934 0.30144)","(-0.14863 0.87232 0.27354)","(-0.14315 0.94435 0.33460)","(0.12532 0.69191 -0.06436)","(0.14535 0.69624 -0.09386)","(0.11090 0.75508 -0.04509)"
82,1.3333,1,1.3333,1,1,grip_normal,two_hand_one_hand,hand_right,hand_right,0.000000,0.595299,0.038084,-1.000000,1.000000,-1.000000,false,3,true,true,0.499782,0.972929,-0.018962,-0.971269,0.500218,1.018962,0.068787,0.041631,"(-0.23918 0.91342 0.29855)","(-0.25882 0.85582 0.33060)","(0.17561 0.84426 -0.02564)","(0.21271 0.85458 -0.04148)","(-0.20532 0.82991 0.28478)","(-0.14172 0.85934 0.30144)","(-0.14863 0.87232 0.27354)","(-0.14315 0.94435 0.33460)","(0.12532 0.69191 -0.06436)","(0.14535 0.69624 -0.09386)","(0.11090 0.75508 -0.04509)"
83,1.3500,1,1.3500,1,1,grip_normal,two_hand_one_hand,hand_right,hand_right,0.000000,0.595299,0.038084,-1.000000,1.000000,-1.000000,false,3,true,true,0.499782,0.972929,-0.018962,-0.971269,0.500218,1.018962,0.068787,0.041631,"(-0.23918 0.91342 0.29855)","(-0.25882 0.85582 0.33060)","(0.17561 0.84426 -0.02564)","(0.21271 0.85458 -0.04148)","(-0.20532 0.82991 0.28478)","(-0.14172 0.85934 0.30144)","(-0.14863 0.87232 0.27354)","(-0.14315 0.94435 0.33460)","(0.12532 0.69191 -0.06436)","(0.14535 0.69624 -0.09386)","(0.11090 0.75508 -0.04509)"
84,1.3667,1,1.3667,1,1,grip_normal,two_hand_one_hand,hand_right,hand_right,0.000000,0.595299,0.038084,-1.000000,1.000000,-1.000000,false,3,true,true,0.499782,0.972929,-0.018962,-0.971269,0.500218,1.018962,0.068787,0.041631,"(-0.23918 0.91342 0.29855)","(-0.25882 0.85582 0.33060)","(0.17561 0.84426 -0.02564)","(0.21271 0.85458 -0.04148)","(-0.20532 0.82991 0.28478)","(-0.14172 0.85934 0.30144)","(-0.14863 0.87232 0.27354)","(-0.14315 0.94435 0.33460)","(0.12532 0.69191 -0.06436)","(0.14535 0.69624 -0.09386)","(0.11090 0.75508 -0.04509)"
85,1.3833,1,1.3833,1,1,grip_normal,two_hand_one_hand,hand_right,hand_right,0.000000,0.595299,0.038084,-1.000000,1.000000,-1.000000,false,3,true,true,0.499782,0.972929,-0.018962,-0.971269,0.500218,1.018962,0.068787,0.041631,"(-0.23918 0.91342 0.29855)","(-0.25882 0.85582 0.33060)","(0.17561 0.84426 -0.02564)","(0.21271 0.85458 -0.04148)","(-0.20532 0.82991 0.28478)","(-0.14172 0.85934 0.30144)","(-0.14863 0.87232 0.27354)","(-0.14315 0.94435 0.33460)","(0.12532 0.69191 -0.06436)","(0.14535 0.69624 -0.09386)","(0.11090 0.75508 -0.04509)"
86,1.4000,1,1.4000,1,1,grip_normal,two_hand_one_hand,hand_right,hand_right,0.000000,0.595299,0.038084,-1.000000,1.000000,-1.000000,false,3,true,true,0.499782,0.972929,-0.018962,-0.971269,0.500218,1.018962,0.068787,0.041631,"(-0.23918 0.91342 0.29855)","(-0.25882 0.85582 0.33060)","(0.17561 0.84426 -0.02564)","(0.21271 0.85458 -0.04148)","(-0.20532 0.82991 0.28478)","(-0.14172 0.85934 0.30144)","(-0.14863 0.87232 0.27354)","(-0.14315 0.94435 0.33460)","(0.12532 0.69191 -0.06436)","(0.14535 0.69624 -0.09386)","(0.11090 0.75508 -0.04509)"
87,1.4167,1,1.4167,1,1,grip_normal,two_hand_one_hand,hand_right,hand_right,0.000000,0.595299,0.038084,-1.000000,1.000000,-1.000000,false,3,true,true,0.499782,0.972929,-0.018962,-0.971269,0.500218,1.018962,0.068787,0.041631,"(-0.23918 0.91342 0.29855)","(-0.25882 0.85582 0.33060)","(0.17561 0.84426 -0.02564)","(0.21271 0.85458 -0.04148)","(-0.20532 0.82991 0.28478)","(-0.14172 0.85934 0.30144)","(-0.14863 0.87232 0.27354)","(-0.14315 0.94435 0.33460)","(0.12532 0.69191 -0.06436)","(0.14535 0.69624 -0.09386)","(0.11090 0.75508 -0.04509)"
88,1.4333,1,1.4333,1,1,grip_normal,two_hand_one_hand,hand_right,hand_right,0.000000,0.595299,0.038084,-1.000000,1.000000,-1.000000,false,3,true,true,0.499782,0.972929,-0.018962,-0.971269,0.500218,1.018962,0.068787,0.041631,"(-0.23918 0.91342 0.29855)","(-0.25882 0.85582 0.33060)","(0.17561 0.84426 -0.02564)","(0.21271 0.85458 -0.04148)","(-0.20532 0.82991 0.28478)","(-0.14172 0.85934 0.30144)","(-0.14863 0.87232 0.27354)","(-0.14315 0.94435 0.33460)","(0.12532 0.69191 -0.06436)","(0.14535 0.69624 -0.09386)","(0.11090 0.75508 -0.04509)"
89,1.4500,1,1.4500,1,1,grip_normal,two_hand_one_hand,hand_right,hand_right,0.000000,0.595299,0.038084,-1.000000,1.000000,-1.000000,false,3,true,true,0.499782,0.972929,-0.018962,-0.971269,0.500218,1.018962,0.068787,0.041631,"(-0.23918 0.91342 0.29855)","(-0.25882 0.85582 0.33060)","(0.17561 0.84426 -0.02564)","(0.21271 0.85458 -0.04148)","(-0.20532 0.82991 0.28478)","(-0.14172 0.85934 0.30144)","(-0.14863 0.87232 0.27354)","(-0.14315 0.94435 0.33460)","(0.12532 0.69191 -0.06436)","(0.14535 0.69624 -0.09386)","(0.11090 0.75508 -0.04509)"
90,1.4667,1,1.4667,1,1,grip_normal,two_hand_one_hand,hand_right,hand_right,0.000000,0.595299,0.038084,-1.000000,1.000000,-1.000000,false,3,true,true,0.499782,0.972929,-0.018962,-0.971269,0.500218,1.018962,0.068787,0.041631,"(-0.23918 0.91342 0.29855)","(-0.25882 0.85582 0.33060)","(0.17561 0.84426 -0.02564)","(0.21271 0.85458 -0.04148)","(-0.20532 0.82991 0.28478)","(-0.14172 0.85934 0.30144)","(-0.14863 0.87232 0.27354)","(-0.14315 0.94435 0.33460)","(0.12532 0.69191 -0.06436)","(0.14535 0.69624 -0.09386)","(0.11090 0.75508 -0.04509)"
91,1.4833,1,1.4833,1,1,grip_normal,two_hand_one_hand,hand_right,hand_right,0.000000,0.595299,0.038084,-1.000000,1.000000,-1.000000,false,3,true,true,0.499782,0.972929,-0.018962,-0.971269,0.500218,1.018962,0.068787,0.041631,"(-0.23918 0.91342 0.29855)","(-0.25882 0.85582 0.33060)","(0.17561 0.84426 -0.02564)","(0.21271 0.85458 -0.04148)","(-0.20532 0.82991 0.28478)","(-0.14172 0.85934 0.30144)","(-0.14863 0.87232 0.27354)","(-0.14315 0.94435 0.33460)","(0.12532 0.69191 -0.06436)","(0.14535 0.69624 -0.09386)","(0.11090 0.75508 -0.04509)"
92,1.5000,1,1.5000,1,1,grip_normal,two_hand_one_hand,hand_right,hand_right,0.000000,0.595299,0.038084,-1.000000,1.000000,-1.000000,false,3,true,true,0.499782,0.972929,-0.018962,-0.971269,0.500218,1.018962,0.068787,0.041631,"(-0.23918 0.91342 0.29855)","(-0.25882 0.85582 0.33060)","(0.17561 0.84426 -0.02564)","(0.21271 0.85458 -0.04148)","(-0.20532 0.82991 0.28478)","(-0.14172 0.85934 0.30144)","(-0.14863 0.87232 0.27354)","(-0.14315 0.94435 0.33460)","(0.12532 0.69191 -0.06436)","(0.14535 0.69624 -0.09386)","(0.11090 0.75508 -0.04509)"
93,1.5167,1,1.5167,1,1,grip_normal,two_hand_one_hand,hand_right,hand_right,0.000000,0.595299,0.038084,-1.000000,1.000000,-1.000000,false,3,true,true,0.499782,0.972929,-0.018962,-0.971269,0.500218,1.018962,0.068787,0.041631,"(-0.23918 0.91342 0.29855)","(-0.25882 0.85582 0.33060)","(0.17561 0.84426 -0.02564)","(0.21271 0.85458 -0.04148)","(-0.20532 0.82991 0.28478)","(-0.14172 0.85934 0.30144)","(-0.14863 0.87232 0.27354)","(-0.14315 0.94435 0.33460)","(0.12532 0.69191 -0.06436)","(0.14535 0.69624 -0.09386)","(0.11090 0.75508 -0.04509)"
94,1.5333,1,1.5333,1,1,grip_normal,two_hand_one_hand,hand_right,hand_right,0.000000,0.595299,0.038084,-1.000000,1.000000,-1.000000,false,3,true,true,0.499782,0.972929,-0.018962,-0.971269,0.500218,1.018962,0.068787,0.041631,"(-0.23918 0.91342 0.29855)","(-0.25882 0.85582 0.33060)","(0.17561 0.84426 -0.02564)","(0.21271 0.85458 -0.04148)","(-0.20532 0.82991 0.28478)","(-0.14172 0.85934 0.30144)","(-0.14863 0.87232 0.27354)","(-0.14315 0.94435 0.33460)","(0.12532 0.69191 -0.06436)","(0.14535 0.69624 -0.09386)","(0.11090 0.75508 -0.04509)"
95,1.5500,1,1.5500,1,1,grip_normal,two_hand_one_hand,hand_right,hand_right,0.000000,0.595299,0.038084,-1.000000,1.000000,-1.000000,false,3,true,true,0.499782,0.972929,-0.018962,-0.971269,0.500218,1.018962,0.068787,0.041631,"(-0.23918 0.91342 0.29855)","(-0.25882 0.85582 0.33060)","(0.17561 0.84426 -0.02564)","(0.21271 0.85458 -0.04148)","(-0.20532 0.82991 0.28478)","(-0.14172 0.85934 0.30144)","(-0.14863 0.87232 0.27354)","(-0.14315 0.94435 0.33460)","(0.12532 0.69191 -0.06436)","(0.14535 0.69624 -0.09386)","(0.11090 0.75508 -0.04509)"
96,1.5667,1,1.5667,1,1,grip_normal,two_hand_one_hand,hand_right,hand_right,0.000000,0.595299,0.038084,-1.000000,1.000000,-1.000000,false,3,true,true,0.499782,0.972929,-0.018962,-0.971269,0.500218,1.018962,0.068787,0.041631,"(-0.23918 0.91342 0.29855)","(-0.25882 0.85582 0.33060)","(0.17561 0.84426 -0.02564)","(0.21271 0.85458 -0.04148)","(-0.20532 0.82991 0.28478)","(-0.14172 0.85934 0.30144)","(-0.14863 0.87232 0.27354)","(-0.14315 0.94435 0.33460)","(0.12532 0.69191 -0.06436)","(0.14535 0.69624 -0.09386)","(0.11090 0.75508 -0.04509)"
97,1.5833,1,1.5833,1,1,grip_normal,two_hand_one_hand,hand_right,hand_right,0.000000,0.595299,0.038084,-1.000000,1.000000,-1.000000,false,3,true,true,0.499782,0.972929,-0.018962,-0.971269,0.500218,1.018962,0.068787,0.041631,"(-0.23918 0.91342 0.29855)","(-0.25882 0.85582 0.33060)","(0.17561 0.84426 -0.02564)","(0.21271 0.85458 -0.04148)","(-0.20532 0.82991 0.28478)","(-0.14172 0.85934 0.30144)","(-0.14863 0.87232 0.27354)","(-0.14315 0.94435 0.33460)","(0.12532 0.69191 -0.06436)","(0.14535 0.69624 -0.09386)","(0.11090 0.75508 -0.04509)"
98,1.6000,1,1.6000,1,1,grip_normal,two_hand_one_hand,hand_right,hand_right,0.000000,0.595299,0.038084,-1.000000,1.000000,-1.000000,false,3,true,true,0.499782,0.972929,-0.018962,-0.971269,0.500218,1.018962,0.068787,0.041631,"(-0.23918 0.91342 0.29855)","(-0.25882 0.85582 0.33060)","(0.17561 0.84426 -0.02564)","(0.21271 0.85458 -0.04148)","(-0.20532 0.82991 0.28478)","(-0.14172 0.85934 0.30144)","(-0.14863 0.87232 0.27354)","(-0.14315 0.94435 0.33460)","(0.12532 0.69191 -0.06436)","(0.14535 0.69624 -0.09386)","(0.11090 0.75508 -0.04509)"
99,1.6167,1,1.6167,1,1,grip_normal,two_hand_one_hand,hand_right,hand_right,0.000000,0.595299,0.038084,-1.000000,1.000000,-1.000000,false,3,true,true,0.499782,0.972929,-0.018962,-0.971269,0.500218,1.018962,0.068787,0.041631,"(-0.23918 0.91342 0.29855)","(-0.25882 0.85582 0.33060)","(0.17561 0.84426 -0.02564)","(0.21271 0.85458 -0.04148)","(-0.20532 0.82991 0.28478)","(-0.14172 0.85934 0.30144)","(-0.14863 0.87232 0.27354)","(-0.14315 0.94435 0.33460)","(0.12532 0.69191 -0.06436)","(0.14535 0.69624 -0.09386)","(0.11090 0.75508 -0.04509)"
100,1.6333,1,1.6333,1,1,grip_normal,two_hand_one_hand,hand_right,hand_right,0.000000,0.595299,0.038084,-1.000000,1.000000,-1.000000,false,3,true,true,0.499782,0.972929,-0.018962,-0.971269,0.500218,1.018962,0.068787,0.041631,"(-0.23918 0.91342 0.29855)","(-0.25882 0.85582 0.33060)","(0.17561 0.84426 -0.02564)","(0.21271 0.85458 -0.04148)","(-0.20532 0.82991 0.28478)","(-0.14172 0.85934 0.30144)","(-0.14863 0.87232 0.27354)","(-0.14315 0.94435 0.33460)","(0.12532 0.69191 -0.06436)","(0.14535 0.69624 -0.09386)","(0.11090 0.75508 -0.04509)"
101,1.6500,1,1.6500,1,1,grip_normal,two_hand_one_hand,hand_right,hand_right,0.000000,0.595299,0.038084,-1.000000,1.000000,-1.000000,false,3,true,true,0.499782,0.972929,-0.018962,-0.971269,0.500218,1.018962,0.068787,0.041631,"(-0.23918 0.91342 0.29855)","(-0.25882 0.85582 0.33060)","(0.17561 0.84426 -0.02564)","(0.21271 0.85458 -0.04148)","(-0.20532 0.82991 0.28478)","(-0.14172 0.85934 0.30144)","(-0.14863 0.87232 0.27354)","(-0.14315 0.94435 0.33460)","(0.12532 0.69191 -0.06436)","(0.14535 0.69624 -0.09386)","(0.11090 0.75508 -0.04509)"
102,1.6667,1,1.6667,1,1,grip_normal,two_hand_one_hand,hand_right,hand_right,0.000000,0.595299,0.038084,-1.000000,1.000000,-1.000000,false,3,true,true,0.499782,0.972929,-0.018962,-0.971269,0.500218,1.018962,0.068787,0.041631,"(-0.23918 0.91342 0.29855)","(-0.25882 0.85582 0.33060)","(0.17561 0.84426 -0.02564)","(0.21271 0.85458 -0.04148)","(-0.20532 0.82991 0.28478)","(-0.14172 0.85934 0.30144)","(-0.14863 0.87232 0.27354)","(-0.14315 0.94435 0.33460)","(0.12532 0.69191 -0.06436)","(0.14535 0.69624 -0.09386)","(0.11090 0.75508 -0.04509)"
103,1.6833,1,1.6833,1,1,grip_normal,two_hand_one_hand,hand_right,hand_right,0.000000,0.595299,0.038084,-1.000000,1.000000,-1.000000,false,3,true,true,0.499782,0.972929,-0.018962,-0.971269,0.500218,1.018962,0.068787,0.041631,"(-0.23918 0.91342 0.29855)","(-0.25882 0.85582 0.33060)","(0.17561 0.84426 -0.02564)","(0.21271 0.85458 -0.04148)","(-0.20532 0.82991 0.28478)","(-0.14172 0.85934 0.30144)","(-0.14863 0.87232 0.27354)","(-0.14315 0.94435 0.33460)","(0.12532 0.69191 -0.06436)","(0.14535 0.69624 -0.09386)","(0.11090 0.75508 -0.04509)"
104,1.7000,1,1.7000,1,1,grip_normal,two_hand_one_hand,hand_right,hand_right,0.000000,0.595299,0.038084,-1.000000,1.000000,-1.000000,false,3,true,true,0.499782,0.972929,-0.018962,-0.971269,0.500218,1.018962,0.068787,0.041631,"(-0.23918 0.91342 0.29855)","(-0.25882 0.85582 0.33060)","(0.17561 0.84426 -0.02564)","(0.21271 0.85458 -0.04148)","(-0.20532 0.82991 0.28478)","(-0.14172 0.85934 0.30144)","(-0.14863 0.87232 0.27354)","(-0.14315 0.94435 0.33460)","(0.12532 0.69191 -0.06436)","(0.14535 0.69624 -0.09386)","(0.11090 0.75508 -0.04509)"
105,1.7167,1,1.7167,1,1,grip_normal,two_hand_one_hand,hand_right,hand_right,0.000000,0.595299,0.038084,-1.000000,1.000000,-1.000000,false,3,true,true,0.499782,0.972929,-0.018962,-0.971269,0.500218,1.018962,0.068787,0.041631,"(-0.23918 0.91342 0.29855)","(-0.25882 0.85582 0.33060)","(0.17561 0.84426 -0.02564)","(0.21271 0.85458 -0.04148)","(-0.20532 0.82991 0.28478)","(-0.14172 0.85934 0.30144)","(-0.14863 0.87232 0.27354)","(-0.14315 0.94435 0.33460)","(0.12532 0.69191 -0.06436)","(0.14535 0.69624 -0.09386)","(0.11090 0.75508 -0.04509)"
106,1.7333,1,1.7333,1,1,grip_normal,two_hand_one_hand,hand_right,hand_right,0.000000,0.595299,0.038084,-1.000000,1.000000,-1.000000,false,3,true,true,0.499782,0.972929,-0.018962,-0.971269,0.500218,1.018962,0.068787,0.041631,"(-0.23918 0.91342 0.29855)","(-0.25882 0.85582 0.33060)","(0.17561 0.84426 -0.02564)","(0.21271 0.85458 -0.04148)","(-0.20532 0.82991 0.28478)","(-0.14172 0.85934 0.30144)","(-0.14863 0.87232 0.27354)","(-0.14315 0.94435 0.33460)","(0.12532 0.69191 -0.06436)","(0.14535 0.69624 -0.09386)","(0.11090 0.75508 -0.04509)"
107,1.7500,1,1.7500,1,1,grip_normal,two_hand_one_hand,hand_right,hand_right,0.000000,0.595299,0.038084,-1.000000,1.000000,-1.000000,false,3,true,true,0.499782,0.972929,-0.018962,-0.971269,0.500218,1.018962,0.068787,0.041631,"(-0.23918 0.91342 0.29855)","(-0.25882 0.85582 0.33060)","(0.17561 0.84426 -0.02564)","(0.21271 0.85458 -0.04148)","(-0.20532 0.82991 0.28478)","(-0.14172 0.85934 0.30144)","(-0.14863 0.87232 0.27354)","(-0.14315 0.94435 0.33460)","(0.12532 0.69191 -0.06436)","(0.14535 0.69624 -0.09386)","(0.11090 0.75508 -0.04509)"
108,1.7667,1,1.7667,1,1,grip_normal,two_hand_one_hand,hand_right,hand_right,0.000000,0.595299,0.038084,-1.000000,1.000000,-1.000000,false,3,true,true,0.499782,0.972929,-0.018962,-0.971269,0.500218,1.018962,0.068787,0.041631,"(-0.23918 0.91342 0.29855)","(-0.25882 0.85582 0.33060)","(0.17561 0.84426 -0.02564)","(0.21271 0.85458 -0.04148)","(-0.20532 0.82991 0.28478)","(-0.14172 0.85934 0.30144)","(-0.14863 0.87232 0.27354)","(-0.14315 0.94435 0.33460)","(0.12532 0.69191 -0.06436)","(0.14535 0.69624 -0.09386)","(0.11090 0.75508 -0.04509)"
109,1.7833,1,1.7833,1,1,grip_normal,two_hand_one_hand,hand_right,hand_right,0.000000,0.595299,0.038084,-1.000000,1.000000,-1.000000,false,3,true,true,0.499782,0.972929,-0.018962,-0.971269,0.500218,1.018962,0.068787,0.041631,"(-0.23918 0.91342 0.29855)","(-0.25882 0.85582 0.33060)","(0.17561 0.84426 -0.02564)","(0.21271 0.85458 -0.04148)","(-0.20532 0.82991 0.28478)","(-0.14172 0.85934 0.30144)","(-0.14863 0.87232 0.27354)","(-0.14315 0.94435 0.33460)","(0.12532 0.69191 -0.06436)","(0.14535 0.69624 -0.09386)","(0.11090 0.75508 -0.04509)"
110,1.8000,1,1.8000,1,1,grip_normal,two_hand_one_hand,hand_right,hand_right,0.000000,0.595299,0.038084,-1.000000,1.000000,-1.000000,false,3,true,true,0.499782,0.972929,-0.018962,-0.971269,0.500218,1.018962,0.068787,0.041631,"(-0.23918 0.91342 0.29855)","(-0.25882 0.85582 0.33060)","(0.17561 0.84426 -0.02564)","(0.21271 0.85458 -0.04148)","(-0.20532 0.82991 0.28478)","(-0.14172 0.85934 0.30144)","(-0.14863 0.87232 0.27354)","(-0.14315 0.94435 0.33460)","(0.12532 0.69191 -0.06436)","(0.14535 0.69624 -0.09386)","(0.11090 0.75508 -0.04509)"
111,1.8167,1,1.8167,1,1,grip_normal,two_hand_one_hand,hand_right,hand_right,0.000000,0.595299,0.038084,-1.000000,1.000000,-1.000000,false,3,true,true,0.499782,0.972929,-0.018962,-0.971269,0.500218,1.018962,0.068787,0.041631,"(-0.23918 0.91342 0.29855)","(-0.25882 0.85582 0.33060)","(0.17561 0.84426 -0.02564)","(0.21271 0.85458 -0.04148)","(-0.20532 0.82991 0.28478)","(-0.14172 0.85934 0.30144)","(-0.14863 0.87232 0.27354)","(-0.14315 0.94435 0.33460)","(0.12532 0.69191 -0.06436)","(0.14535 0.69624 -0.09386)","(0.11090 0.75508 -0.04509)"
112,1.8333,1,1.8333,1,1,grip_normal,two_hand_one_hand,hand_right,hand_right,0.000000,0.595299,0.038084,-1.000000,1.000000,-1.000000,false,3,true,true,0.499782,0.972929,-0.018962,-0.971269,0.500218,1.018962,0.068787,0.041631,"(-0.23918 0.91342 0.29855)","(-0.25882 0.85582 0.33060)","(0.17561 0.84426 -0.02564)","(0.21271 0.85458 -0.04148)","(-0.20532 0.82991 0.28478)","(-0.14172 0.85934 0.30144)","(-0.14863 0.87232 0.27354)","(-0.14315 0.94435 0.33460)","(0.12532 0.69191 -0.06436)","(0.14535 0.69624 -0.09386)","(0.11090 0.75508 -0.04509)"
113,1.8500,1,1.8500,1,1,grip_normal,two_hand_one_hand,hand_right,hand_right,0.000000,0.595299,0.038084,-1.000000,1.000000,-1.000000,false,3,true,true,0.499782,0.972929,-0.018962,-0.971269,0.500218,1.018962,0.068787,0.041631,"(-0.23918 0.91342 0.29855)","(-0.25882 0.85582 0.33060)","(0.17561 0.84426 -0.02564)","(0.21271 0.85458 -0.04148)","(-0.20532 0.82991 0.28478)","(-0.14172 0.85934 0.30144)","(-0.14863 0.87232 0.27354)","(-0.14315 0.94435 0.33460)","(0.12532 0.69191 -0.06436)","(0.14535 0.69624 -0.09386)","(0.11090 0.75508 -0.04509)"
114,1.8667,1,1.8667,1,1,grip_normal,two_hand_one_hand,hand_right,hand_right,0.000000,0.595299,0.038084,-1.000000,1.000000,-1.000000,false,3,true,true,0.499782,0.972929,-0.018962,-0.971269,0.500218,1.018962,0.068787,0.041631,"(-0.23918 0.91342 0.29855)","(-0.25882 0.85582 0.33060)","(0.17561 0.84426 -0.02564)","(0.21271 0.85458 -0.04148)","(-0.20532 0.82991 0.28478)","(-0.14172 0.85934 0.30144)","(-0.14863 0.87232 0.27354)","(-0.14315 0.94435 0.33460)","(0.12532 0.69191 -0.06436)","(0.14535 0.69624 -0.09386)","(0.11090 0.75508 -0.04509)"
115,1.8833,1,1.8833,1,1,grip_normal,two_hand_one_hand,hand_right,hand_right,0.000000,0.595299,0.038084,-1.000000,1.000000,-1.000000,false,3,true,true,0.499782,0.972929,-0.018962,-0.971269,0.500218,1.018962,0.068787,0.041631,"(-0.23918 0.91342 0.29855)","(-0.25882 0.85582 0.33060)","(0.17561 0.84426 -0.02564)","(0.21271 0.85458 -0.04148)","(-0.20532 0.82991 0.28478)","(-0.14172 0.85934 0.30144)","(-0.14863 0.87232 0.27354)","(-0.14315 0.94435 0.33460)","(0.12532 0.69191 -0.06436)","(0.14535 0.69624 -0.09386)","(0.11090 0.75508 -0.04509)"
116,1.9000,1,1.9000,1,1,grip_normal,two_hand_one_hand,hand_right,hand_right,0.000000,0.595299,0.038084,-1.000000,1.000000,-1.000000,false,3,true,true,0.499782,0.972929,-0.018962,-0.971269,0.500218,1.018962,0.068787,0.041631,"(-0.23918 0.91342 0.29855)","(-0.25882 0.85582 0.33060)","(0.17561 0.84426 -0.02564)","(0.21271 0.85458 -0.04148)","(-0.20532 0.82991 0.28478)","(-0.14172 0.85934 0.30144)","(-0.14863 0.87232 0.27354)","(-0.14315 0.94435 0.33460)","(0.12532 0.69191 -0.06436)","(0.14535 0.69624 -0.09386)","(0.11090 0.75508 -0.04509)"
117,1.9167,1,1.9167,1,1,grip_normal,two_hand_one_hand,hand_right,hand_right,0.000000,0.595299,0.038084,-1.000000,1.000000,-1.000000,false,3,true,true,0.499782,0.972929,-0.018962,-0.971269,0.500218,1.018962,0.068787,0.041631,"(-0.23918 0.91342 0.29855)","(-0.25882 0.85582 0.33060)","(0.17561 0.84426 -0.02564)","(0.21271 0.85458 -0.04148)","(-0.20532 0.82991 0.28478)","(-0.14172 0.85934 0.30144)","(-0.14863 0.87232 0.27354)","(-0.14315 0.94435 0.33460)","(0.12532 0.69191 -0.06436)","(0.14535 0.69624 -0.09386)","(0.11090 0.75508 -0.04509)"
118,1.9333,1,1.9333,1,1,grip_normal,two_hand_one_hand,hand_right,hand_right,0.000000,0.595299,0.038084,-1.000000,1.000000,-1.000000,false,3,true,true,0.499782,0.972929,-0.018962,-0.971269,0.500218,1.018962,0.068787,0.041631,"(-0.23918 0.91342 0.29855)","(-0.25882 0.85582 0.33060)","(0.17561 0.84426 -0.02564)","(0.21271 0.85458 -0.04148)","(-0.20532 0.82991 0.28478)","(-0.14172 0.85934 0.30144)","(-0.14863 0.87232 0.27354)","(-0.14315 0.94435 0.33460)","(0.12532 0.69191 -0.06436)","(0.14535 0.69624 -0.09386)","(0.11090 0.75508 -0.04509)"
119,1.9500,1,1.9500,1,1,grip_normal,two_hand_one_hand,hand_right,hand_right,0.000000,0.595299,0.038084,-1.000000,1.000000,-1.000000,false,3,true,true,0.499782,0.972929,-0.018962,-0.971269,0.500218,1.018962,0.068787,0.041631,"(-0.23918 0.91342 0.29855)","(-0.25882 0.85582 0.33060)","(0.17561 0.84426 -0.02564)","(0.21271 0.85458 -0.04148)","(-0.20532 0.82991 0.28478)","(-0.14172 0.85934 0.30144)","(-0.14863 0.87232 0.27354)","(-0.14315 0.94435 0.33460)","(0.12532 0.69191 -0.06436)","(0.14535 0.69624 -0.09386)","(0.11090 0.75508 -0.04509)"
120,1.9667,1,1.9667,1,1,grip_normal,two_hand_one_hand,hand_right,hand_right,0.000000,0.595299,0.038084,-1.000000,1.000000,-1.000000,false,3,true,true,0.499782,0.972929,-0.018962,-0.971269,0.500218,1.018962,0.068787,0.041631,"(-0.23918 0.91342 0.29855)","(-0.25882 0.85582 0.33060)","(0.17561 0.84426 -0.02564)","(0.21271 0.85458 -0.04148)","(-0.20532 0.82991 0.28478)","(-0.14172 0.85934 0.30144)","(-0.14863 0.87232 0.27354)","(-0.14315 0.94435 0.33460)","(0.12532 0.69191 -0.06436)","(0.14535 0.69624 -0.09386)","(0.11090 0.75508 -0.04509)"
121,1.9833,1,1.9833,1,1,grip_normal,two_hand_one_hand,hand_right,hand_right,0.000000,0.595299,0.038084,-1.000000,1.000000,-1.000000,false,3,true,true,0.499782,0.972929,-0.018962,-0.971269,0.500218,1.018962,0.068787,0.041631,"(-0.23918 0.91342 0.29855)","(-0.25882 0.85582 0.33060)","(0.17561 0.84426 -0.02564)","(0.21271 0.85458 -0.04148)","(-0.20532 0.82991 0.28478)","(-0.14172 0.85934 0.30144)","(-0.14863 0.87232 0.27354)","(-0.14315 0.94435 0.33460)","(0.12532 0.69191 -0.06436)","(0.14535 0.69624 -0.09386)","(0.11090 0.75508 -0.04509)"
122,2.0000,1,2.0000,1,1,grip_normal,two_hand_one_hand,hand_right,hand_right,0.000000,0.595299,0.038084,-1.000000,1.000000,-1.000000,false,3,true,true,0.499782,0.972929,-0.018962,-0.971269,0.500218,1.018962,0.068787,0.041631,"(-0.23918 0.91342 0.29855)","(-0.25882 0.85582 0.33060)","(0.17561 0.84426 -0.02564)","(0.21271 0.85458 -0.04148)","(-0.20532 0.82991 0.28478)","(-0.14172 0.85934 0.30144)","(-0.14863 0.87232 0.27354)","(-0.14315 0.94435 0.33460)","(0.12532 0.69191 -0.06436)","(0.14535 0.69624 -0.09386)","(0.11090 0.75508 -0.04509)"
123,2.0167,1,2.0167,1,1,grip_normal,two_hand_one_hand,hand_right,hand_right,0.000000,0.595299,0.038084,-1.000000,1.000000,-1.000000,false,3,true,true,0.499782,0.972929,-0.018962,-0.971269,0.500218,1.018962,0.068787,0.041631,"(-0.23918 0.91342 0.29855)","(-0.25882 0.85582 0.33060)","(0.17561 0.84426 -0.02564)","(0.21271 0.85458 -0.04148)","(-0.20532 0.82991 0.28478)","(-0.14172 0.85934 0.30144)","(-0.14863 0.87232 0.27354)","(-0.14315 0.94435 0.33460)","(0.12532 0.69191 -0.06436)","(0.14535 0.69624 -0.09386)","(0.11090 0.75508 -0.04509)"
124,2.0333,1,2.0333,1,1,grip_normal,two_hand_one_hand,hand_right,hand_right,0.000000,0.595299,0.038084,-1.000000,1.000000,-1.000000,false,3,true,true,0.499782,0.972929,-0.018962,-0.971269,0.500218,1.018962,0.068787,0.041631,"(-0.23918 0.91342 0.29855)","(-0.25882 0.85582 0.33060)","(0.17561 0.84426 -0.02564)","(0.21271 0.85458 -0.04148)","(-0.20532 0.82991 0.28478)","(-0.14172 0.85934 0.30144)","(-0.14863 0.87232 0.27354)","(-0.14315 0.94435 0.33460)","(0.12532 0.69191 -0.06436)","(0.14535 0.69624 -0.09386)","(0.11090 0.75508 -0.04509)"
125,2.0500,1,2.0500,1,1,grip_normal,two_hand_one_hand,hand_right,hand_right,0.000000,0.595299,0.038084,-1.000000,1.000000,-1.000000,false,3,true,true,0.499782,0.972929,-0.018962,-0.971269,0.500218,1.018962,0.068787,0.041631,"(-0.23918 0.91342 0.29855)","(-0.25882 0.85582 0.33060)","(0.17561 0.84426 -0.02564)","(0.21271 0.85458 -0.04148)","(-0.20532 0.82991 0.28478)","(-0.14172 0.85934 0.30144)","(-0.14863 0.87232 0.27354)","(-0.14315 0.94435 0.33460)","(0.12532 0.69191 -0.06436)","(0.14535 0.69624 -0.09386)","(0.11090 0.75508 -0.04509)"
126,2.0667,1,2.0667,1,1,grip_normal,two_hand_one_hand,hand_right,hand_right,0.000000,0.595299,0.038084,-1.000000,1.000000,-1.000000,false,3,true,true,0.499782,0.972929,-0.018962,-0.971269,0.500218,1.018962,0.068787,0.041631,"(-0.23918 0.91342 0.29855)","(-0.25882 0.85582 0.33060)","(0.17561 0.84426 -0.02564)","(0.21271 0.85458 -0.04148)","(-0.20532 0.82991 0.28478)","(-0.14172 0.85934 0.30144)","(-0.14863 0.87232 0.27354)","(-0.14315 0.94435 0.33460)","(0.12532 0.69191 -0.06436)","(0.14535 0.69624 -0.09386)","(0.11090 0.75508 -0.04509)"
127,2.0833,1,2.0833,1,1,grip_normal,two_hand_one_hand,hand_right,hand_right,0.000000,0.595299,0.038084,-1.000000,1.000000,-1.000000,false,3,true,true,0.499782,0.972929,-0.018962,-0.971269,0.500218,1.018962,0.068787,0.041631,"(-0.23918 0.91342 0.29855)","(-0.25882 0.85582 0.33060)","(0.17561 0.84426 -0.02564)","(0.21271 0.85458 -0.04148)","(-0.20532 0.82991 0.28478)","(-0.14172 0.85934 0.30144)","(-0.14863 0.87232 0.27354)","(-0.14315 0.94435 0.33460)","(0.12532 0.69191 -0.06436)","(0.14535 0.69624 -0.09386)","(0.11090 0.75508 -0.04509)"
128,2.1000,1,2.1000,1,1,grip_normal,two_hand_one_hand,hand_right,hand_right,0.000000,0.595299,0.038084,-1.000000,1.000000,-1.000000,false,3,true,true,0.499782,0.972929,-0.018962,-0.971269,0.500218,1.018962,0.068787,0.041631,"(-0.23918 0.91342 0.29855)","(-0.25882 0.85582 0.33060)","(0.17561 0.84426 -0.02564)","(0.21271 0.85458 -0.04148)","(-0.20532 0.82991 0.28478)","(-0.14172 0.85934 0.30144)","(-0.14863 0.87232 0.27354)","(-0.14315 0.94435 0.33460)","(0.12532 0.69191 -0.06436)","(0.14535 0.69624 -0.09386)","(0.11090 0.75508 -0.04509)"
129,2.1167,1,2.1167,1,1,grip_normal,two_hand_one_hand,hand_right,hand_right,0.000000,0.595299,0.038084,-1.000000,1.000000,-1.000000,false,3,true,true,0.499782,0.972929,-0.018962,-0.971269,0.500218,1.018962,0.068787,0.041631,"(-0.23918 0.91342 0.29855)","(-0.25882 0.85582 0.33060)","(0.17561 0.84426 -0.02564)","(0.21271 0.85458 -0.04148)","(-0.20532 0.82991 0.28478)","(-0.14172 0.85934 0.30144)","(-0.14863 0.87232 0.27354)","(-0.14315 0.94435 0.33460)","(0.12532 0.69191 -0.06436)","(0.14535 0.69624 -0.09386)","(0.11090 0.75508 -0.04509)"
130,2.1333,1,2.1333,1,1,grip_normal,two_hand_one_hand,hand_right,hand_right,0.000000,0.595299,0.038084,-1.000000,1.000000,-1.000000,false,3,true,true,0.499782,0.972929,-0.018962,-0.971269,0.500218,1.018962,0.068787,0.041631,"(-0.23918 0.91342 0.29855)","(-0.25882 0.85582 0.33060)","(0.17561 0.84426 -0.02564)","(0.21271 0.85458 -0.04148)","(-0.20532 0.82991 0.28478)","(-0.14172 0.85934 0.30144)","(-0.14863 0.87232 0.27354)","(-0.14315 0.94435 0.33460)","(0.12532 0.69191 -0.06436)","(0.14535 0.69624 -0.09386)","(0.11090 0.75508 -0.04509)"
131,2.1500,1,2.1500,1,1,grip_normal,two_hand_one_hand,hand_right,hand_right,0.000000,0.595299,0.038084,-1.000000,1.000000,-1.000000,false,3,true,true,0.499782,0.972929,-0.018962,-0.971269,0.500218,1.018962,0.068787,0.041631,"(-0.23918 0.91342 0.29855)","(-0.25882 0.85582 0.33060)","(0.17561 0.84426 -0.02564)","(0.21271 0.85458 -0.04148)","(-0.20532 0.82991 0.28478)","(-0.14172 0.85934 0.30144)","(-0.14863 0.87232 0.27354)","(-0.14315 0.94435 0.33460)","(0.12532 0.69191 -0.06436)","(0.14535 0.69624 -0.09386)","(0.11090 0.75508 -0.04509)"
132,2.1667,1,2.1667,1,1,grip_normal,two_hand_one_hand,hand_right,hand_right,0.000000,0.595299,0.038084,-1.000000,1.000000,-1.000000,false,3,true,true,0.499782,0.972929,-0.018962,-0.971269,0.500218,1.018962,0.068787,0.041631,"(-0.23918 0.91342 0.29855)","(-0.25882 0.85582 0.33060)","(0.17561 0.84426 -0.02564)","(0.21271 0.85458 -0.04148)","(-0.20532 0.82991 0.28478)","(-0.14172 0.85934 0.30144)","(-0.14863 0.87232 0.27354)","(-0.14315 0.94435 0.33460)","(0.12532 0.69191 -0.06436)","(0.14535 0.69624 -0.09386)","(0.11090 0.75508 -0.04509)"
133,2.1833,1,2.1833,1,1,grip_normal,two_hand_one_hand,hand_right,hand_right,0.000000,0.595299,0.038084,-1.000000,1.000000,-1.000000,false,3,true,true,0.499782,0.972929,-0.018962,-0.971269,0.500218,1.018962,0.068787,0.041631,"(-0.23918 0.91342 0.29855)","(-0.25882 0.85582 0.33060)","(0.17561 0.84426 -0.02564)","(0.21271 0.85458 -0.04148)","(-0.20532 0.82991 0.28478)","(-0.14172 0.85934 0.30144)","(-0.14863 0.87232 0.27354)","(-0.14315 0.94435 0.33460)","(0.12532 0.69191 -0.06436)","(0.14535 0.69624 -0.09386)","(0.11090 0.75508 -0.04509)"
134,2.2000,1,2.2000,1,1,grip_normal,two_hand_one_hand,hand_right,hand_right,0.000000,0.595299,0.038084,-1.000000,1.000000,-1.000000,false,3,true,true,0.499782,0.972929,-0.018962,-0.971269,0.500218,1.018962,0.068787,0.041631,"(-0.23918 0.91342 0.29855)","(-0.25882 0.85582 0.33060)","(0.17561 0.84426 -0.02564)","(0.21271 0.85458 -0.04148)","(-0.20532 0.82991 0.28478)","(-0.14172 0.85934 0.30144)","(-0.14863 0.87232 0.27354)","(-0.14315 0.94435 0.33460)","(0.12532 0.69191 -0.06436)","(0.14535 0.69624 -0.09386)","(0.11090 0.75508 -0.04509)"
135,2.2167,1,2.2167,1,1,grip_normal,two_hand_one_hand,hand_right,hand_right,0.000000,0.595299,0.038084,-1.000000,1.000000,-1.000000,false,3,true,true,0.499782,0.972929,-0.018962,-0.971269,0.500218,1.018962,0.068787,0.041631,"(-0.23918 0.91342 0.29855)","(-0.25882 0.85582 0.33060)","(0.17561 0.84426 -0.02564)","(0.21271 0.85458 -0.04148)","(-0.20532 0.82991 0.28478)","(-0.14172 0.85934 0.30144)","(-0.14863 0.87232 0.27354)","(-0.14315 0.94435 0.33460)","(0.12532 0.69191 -0.06436)","(0.14535 0.69624 -0.09386)","(0.11090 0.75508 -0.04509)"
136,2.2333,1,2.2333,1,1,grip_normal,two_hand_one_hand,hand_right,hand_right,0.000000,0.595299,0.038084,-1.000000,1.000000,-1.000000,false,3,true,true,0.499782,0.972929,-0.018962,-0.971269,0.500218,1.018962,0.068787,0.041631,"(-0.23918 0.91342 0.29855)","(-0.25882 0.85582 0.33060)","(0.17561 0.84426 -0.02564)","(0.21271 0.85458 -0.04148)","(-0.20532 0.82991 0.28478)","(-0.14172 0.85934 0.30144)","(-0.14863 0.87232 0.27354)","(-0.14315 0.94435 0.33460)","(0.12532 0.69191 -0.06436)","(0.14535 0.69624 -0.09386)","(0.11090 0.75508 -0.04509)"
137,2.2500,1,2.2500,1,1,grip_normal,two_hand_one_hand,hand_right,hand_right,0.000000,0.595299,0.038084,-1.000000,1.000000,-1.000000,false,3,true,true,0.499782,0.972929,-0.018962,-0.971269,0.500218,1.018962,0.068787,0.041631,"(-0.23918 0.91342 0.29855)","(-0.25882 0.85582 0.33060)","(0.17561 0.84426 -0.02564)","(0.21271 0.85458 -0.04148)","(-0.20532 0.82991 0.28478)","(-0.14172 0.85934 0.30144)","(-0.14863 0.87232 0.27354)","(-0.14315 0.94435 0.33460)","(0.12532 0.69191 -0.06436)","(0.14535 0.69624 -0.09386)","(0.11090 0.75508 -0.04509)"
138,2.2667,1,2.2667,1,1,grip_normal,two_hand_one_hand,hand_right,hand_right,0.000000,0.595299,0.038084,-1.000000,1.000000,-1.000000,false,3,true,true,0.499782,0.972929,-0.018962,-0.971269,0.500218,1.018962,0.068787,0.041631,"(-0.23918 0.91342 0.29855)","(-0.25882 0.85582 0.33060)","(0.17561 0.84426 -0.02564)","(0.21271 0.85458 -0.04148)","(-0.20532 0.82991 0.28478)","(-0.14172 0.85934 0.30144)","(-0.14863 0.87232 0.27354)","(-0.14315 0.94435 0.33460)","(0.12532 0.69191 -0.06436)","(0.14535 0.69624 -0.09386)","(0.11090 0.75508 -0.04509)"
139,2.2833,1,2.2833,1,1,grip_normal,two_hand_one_hand,hand_right,hand_right,0.000000,0.595299,0.038084,-1.000000,1.000000,-1.000000,false,3,true,true,0.499782,0.972929,-0.018962,-0.971269,0.500218,1.018962,0.068787,0.041631,"(-0.23918 0.91342 0.29855)","(-0.25882 0.85582 0.33060)","(0.17561 0.84426 -0.02564)","(0.21271 0.85458 -0.04148)","(-0.20532 0.82991 0.28478)","(-0.14172 0.85934 0.30144)","(-0.14863 0.87232 0.27354)","(-0.14315 0.94435 0.33460)","(0.12532 0.69191 -0.06436)","(0.14535 0.69624 -0.09386)","(0.11090 0.75508 -0.04509)"
140,2.3000,1,2.3000,1,1,grip_normal,two_hand_one_hand,hand_right,hand_right,0.000000,0.595299,0.038084,-1.000000,1.000000,-1.000000,false,3,true,true,0.499782,0.972929,-0.018962,-0.971269,0.500218,1.018962,0.068787,0.041631,"(-0.23918 0.91342 0.29855)","(-0.25882 0.85582 0.33060)","(0.17561 0.84426 -0.02564)","(0.21271 0.85458 -0.04148)","(-0.20532 0.82991 0.28478)","(-0.14172 0.85934 0.30144)","(-0.14863 0.87232 0.27354)","(-0.14315 0.94435 0.33460)","(0.12532 0.69191 -0.06436)","(0.14535 0.69624 -0.09386)","(0.11090 0.75508 -0.04509)"
141,2.3167,1,2.3167,1,1,grip_normal,two_hand_one_hand,hand_right,hand_right,0.000000,0.595299,0.038084,-1.000000,1.000000,-1.000000,false,3,true,true,0.499782,0.972929,-0.018962,-0.971269,0.500218,1.018962,0.068787,0.041631,"(-0.23918 0.91342 0.29855)","(-0.25882 0.85582 0.33060)","(0.17561 0.84426 -0.02564)","(0.21271 0.85458 -0.04148)","(-0.20532 0.82991 0.28478)","(-0.14172 0.85934 0.30144)","(-0.14863 0.87232 0.27354)","(-0.14315 0.94435 0.33460)","(0.12532 0.69191 -0.06436)","(0.14535 0.69624 -0.09386)","(0.11090 0.75508 -0.04509)"
142,2.3333,1,2.3333,1,1,grip_normal,two_hand_one_hand,hand_right,hand_right,0.000000,0.595299,0.038084,-1.000000,1.000000,-1.000000,false,3,true,true,0.499782,0.972929,-0.018962,-0.971269,0.500218,1.018962,0.068787,0.041631,"(-0.23918 0.91342 0.29855)","(-0.25882 0.85582 0.33060)","(0.17561 0.84426 -0.02564)","(0.21271 0.85458 -0.04148)","(-0.20532 0.82991 0.28478)","(-0.14172 0.85934 0.30144)","(-0.14863 0.87232 0.27354)","(-0.14315 0.94435 0.33460)","(0.12532 0.69191 -0.06436)","(0.14535 0.69624 -0.09386)","(0.11090 0.75508 -0.04509)"
143,2.3500,1,2.3500,1,1,grip_normal,two_hand_one_hand,hand_right,hand_right,0.000000,0.595299,0.038084,-1.000000,1.000000,-1.000000,false,3,true,true,0.499782,0.972929,-0.018962,-0.971269,0.500218,1.018962,0.068787,0.041631,"(-0.23918 0.91342 0.29855)","(-0.25882 0.85582 0.33060)","(0.17561 0.84426 -0.02564)","(0.21271 0.85458 -0.04148)","(-0.20532 0.82991 0.28478)","(-0.14172 0.85934 0.30144)","(-0.14863 0.87232 0.27354)","(-0.14315 0.94435 0.33460)","(0.12532 0.69191 -0.06436)","(0.14535 0.69624 -0.09386)","(0.11090 0.75508 -0.04509)"
144,2.3667,1,2.3667,1,1,grip_normal,two_hand_one_hand,hand_right,hand_right,0.000000,0.595299,0.038084,-1.000000,1.000000,-1.000000,false,3,true,true,0.499782,0.972929,-0.018962,-0.971269,0.500218,1.018962,0.068787,0.041631,"(-0.23918 0.91342 0.29855)","(-0.25882 0.85582 0.33060)","(0.17561 0.84426 -0.02564)","(0.21271 0.85458 -0.04148)","(-0.20532 0.82991 0.28478)","(-0.14172 0.85934 0.30144)","(-0.14863 0.87232 0.27354)","(-0.14315 0.94435 0.33460)","(0.12532 0.69191 -0.06436)","(0.14535 0.69624 -0.09386)","(0.11090 0.75508 -0.04509)"
145,2.3833,1,2.3833,1,1,grip_normal,two_hand_one_hand,hand_right,hand_right,0.000000,0.595299,0.038084,-1.000000,1.000000,-1.000000,false,3,true,true,0.499782,0.972929,-0.018962,-0.971269,0.500218,1.018962,0.068787,0.041631,"(-0.23918 0.91342 0.29855)","(-0.25882 0.85582 0.33060)","(0.17561 0.84426 -0.02564)","(0.21271 0.85458 -0.04148)","(-0.20532 0.82991 0.28478)","(-0.14172 0.85934 0.30144)","(-0.14863 0.87232 0.27354)","(-0.14315 0.94435 0.33460)","(0.12532 0.69191 -0.06436)","(0.14535 0.69624 -0.09386)","(0.11090 0.75508 -0.04509)"
146,2.4000,1,2.4000,1,1,grip_normal,two_hand_one_hand,hand_right,hand_right,0.000000,0.595299,0.038084,-1.000000,1.000000,-1.000000,false,3,true,true,0.499782,0.972929,-0.018962,-0.971269,0.500218,1.018962,0.068787,0.041631,"(-0.23918 0.91342 0.29855)","(-0.25882 0.85582 0.33060)","(0.17561 0.84426 -0.02564)","(0.21271 0.85458 -0.04148)","(-0.20532 0.82991 0.28478)","(-0.14172 0.85934 0.30144)","(-0.14863 0.87232 0.27354)","(-0.14315 0.94435 0.33460)","(0.12532 0.69191 -0.06436)","(0.14535 0.69624 -0.09386)","(0.11090 0.75508 -0.04509)"
147,2.4167,1,2.4167,1,1,grip_normal,two_hand_one_hand,hand_right,hand_right,0.000000,0.595299,0.038084,-1.000000,1.000000,-1.000000,false,3,true,true,0.499782,0.972929,-0.018962,-0.971269,0.500218,1.018962,0.068787,0.041631,"(-0.23918 0.91342 0.29855)","(-0.25882 0.85582 0.33060)","(0.17561 0.84426 -0.02564)","(0.21271 0.85458 -0.04148)","(-0.20532 0.82991 0.28478)","(-0.14172 0.85934 0.30144)","(-0.14863 0.87232 0.27354)","(-0.14315 0.94435 0.33460)","(0.12532 0.69191 -0.06436)","(0.14535 0.69624 -0.09386)","(0.11090 0.75508 -0.04509)"
148,2.4333,1,2.4333,1,1,grip_normal,two_hand_one_hand,hand_right,hand_right,0.000000,0.595299,0.038084,-1.000000,1.000000,-1.000000,false,3,true,true,0.499782,0.972929,-0.018962,-0.971269,0.500218,1.018962,0.068787,0.041631,"(-0.23918 0.91342 0.29855)","(-0.25882 0.85582 0.33060)","(0.17561 0.84426 -0.02564)","(0.21271 0.85458 -0.04148)","(-0.20532 0.82991 0.28478)","(-0.14172 0.85934 0.30144)","(-0.14863 0.87232 0.27354)","(-0.14315 0.94435 0.33460)","(0.12532 0.69191 -0.06436)","(0.14535 0.69624 -0.09386)","(0.11090 0.75508 -0.04509)"
149,2.4500,1,2.4500,1,1,grip_normal,two_hand_one_hand,hand_right,hand_right,0.000000,0.595299,0.038084,-1.000000,1.000000,-1.000000,false,3,true,true,0.499782,0.972929,-0.018962,-0.971269,0.500218,1.018962,0.068787,0.041631,"(-0.23918 0.91342 0.29855)","(-0.25882 0.85582 0.33060)","(0.17561 0.84426 -0.02564)","(0.21271 0.85458 -0.04148)","(-0.20532 0.82991 0.28478)","(-0.14172 0.85934 0.30144)","(-0.14863 0.87232 0.27354)","(-0.14315 0.94435 0.33460)","(0.12532 0.69191 -0.06436)","(0.14535 0.69624 -0.09386)","(0.11090 0.75508 -0.04509)"
150,2.4667,1,2.4667,1,1,grip_normal,two_hand_one_hand,hand_right,hand_right,0.000000,0.595299,0.038084,-1.000000,1.000000,-1.000000,false,3,true,true,0.499782,0.972929,-0.018962,-0.971269,0.500218,1.018962,0.068787,0.041631,"(-0.23918 0.91342 0.29855)","(-0.25882 0.85582 0.33060)","(0.17561 0.84426 -0.02564)","(0.21271 0.85458 -0.04148)","(-0.20532 0.82991 0.28478)","(-0.14172 0.85934 0.30144)","(-0.14863 0.87232 0.27354)","(-0.14315 0.94435 0.33460)","(0.12532 0.69191 -0.06436)","(0.14535 0.69624 -0.09386)","(0.11090 0.75508 -0.04509)"
151,2.4833,1,2.4833,1,1,grip_normal,two_hand_one_hand,hand_right,hand_right,0.000000,0.595299,0.038084,-1.000000,1.000000,-1.000000,false,3,true,true,0.499782,0.972929,-0.018962,-0.971269,0.500218,1.018962,0.068787,0.041631,"(-0.23918 0.91342 0.29855)","(-0.25882 0.85582 0.33060)","(0.17561 0.84426 -0.02564)","(0.21271 0.85458 -0.04148)","(-0.20532 0.82991 0.28478)","(-0.14172 0.85934 0.30144)","(-0.14863 0.87232 0.27354)","(-0.14315 0.94435 0.33460)","(0.12532 0.69191 -0.06436)","(0.14535 0.69624 -0.09386)","(0.11090 0.75508 -0.04509)"
152,2.5000,1,2.5000,1,1,grip_normal,two_hand_one_hand,hand_right,hand_right,0.000000,0.595299,0.038084,-1.000000,1.000000,-1.000000,false,3,true,true,0.499782,0.972929,-0.018962,-0.971269,0.500218,1.018962,0.068787,0.041631,"(-0.23918 0.91342 0.29855)","(-0.25882 0.85582 0.33060)","(0.17561 0.84426 -0.02564)","(0.21271 0.85458 -0.04148)","(-0.20532 0.82991 0.28478)","(-0.14172 0.85934 0.30144)","(-0.14863 0.87232 0.27354)","(-0.14315 0.94435 0.33460)","(0.12532 0.69191 -0.06436)","(0.14535 0.69624 -0.09386)","(0.11090 0.75508 -0.04509)"
153,2.5167,1,2.5167,1,1,grip_normal,two_hand_one_hand,hand_right,hand_right,0.000000,0.595299,0.038084,-1.000000,1.000000,-1.000000,false,3,true,true,0.499782,0.972929,-0.018962,-0.971269,0.500218,1.018962,0.068787,0.041631,"(-0.23918 0.91342 0.29855)","(-0.25882 0.85582 0.33060)","(0.17561 0.84426 -0.02564)","(0.21271 0.85458 -0.04148)","(-0.20532 0.82991 0.28478)","(-0.14172 0.85934 0.30144)","(-0.14863 0.87232 0.27354)","(-0.14315 0.94435 0.33460)","(0.12532 0.69191 -0.06436)","(0.14535 0.69624 -0.09386)","(0.11090 0.75508 -0.04509)"
154,2.5333,1,2.5333,1,1,grip_normal,two_hand_one_hand,hand_right,hand_right,0.000000,0.595299,0.038084,-1.000000,1.000000,-1.000000,false,3,true,true,0.499782,0.972929,-0.018962,-0.971269,0.500218,1.018962,0.068787,0.041631,"(-0.23918 0.91342 0.29855)","(-0.25882 0.85582 0.33060)","(0.17561 0.84426 -0.02564)","(0.21271 0.85458 -0.04148)","(-0.20532 0.82991 0.28478)","(-0.14172 0.85934 0.30144)","(-0.14863 0.87232 0.27354)","(-0.14315 0.94435 0.33460)","(0.12532 0.69191 -0.06436)","(0.14535 0.69624 -0.09386)","(0.11090 0.75508 -0.04509)"
155,2.5500,1,2.5500,1,1,grip_normal,two_hand_one_hand,hand_right,hand_right,0.000000,0.595299,0.038084,-1.000000,1.000000,-1.000000,false,3,true,true,0.499782,0.972929,-0.018962,-0.971269,0.500218,1.018962,0.068787,0.041631,"(-0.23918 0.91342 0.29855)","(-0.25882 0.85582 0.33060)","(0.17561 0.84426 -0.02564)","(0.21271 0.85458 -0.04148)","(-0.20532 0.82991 0.28478)","(-0.14172 0.85934 0.30144)","(-0.14863 0.87232 0.27354)","(-0.14315 0.94435 0.33460)","(0.12532 0.69191 -0.06436)","(0.14535 0.69624 -0.09386)","(0.11090 0.75508 -0.04509)"
156,2.5667,1,2.5667,1,1,grip_normal,two_hand_one_hand,hand_right,hand_right,0.000000,0.595299,0.038084,-1.000000,1.000000,-1.000000,false,3,true,true,0.499782,0.972929,-0.018962,-0.971269,0.500218,1.018962,0.068787,0.041631,"(-0.23918 0.91342 0.29855)","(-0.25882 0.85582 0.33060)","(0.17561 0.84426 -0.02564)","(0.21271 0.85458 -0.04148)","(-0.20532 0.82991 0.28478)","(-0.14172 0.85934 0.30144)","(-0.14863 0.87232 0.27354)","(-0.14315 0.94435 0.33460)","(0.12532 0.69191 -0.06436)","(0.14535 0.69624 -0.09386)","(0.11090 0.75508 -0.04509)"
157,2.5833,1,2.5833,1,1,grip_normal,two_hand_one_hand,hand_right,hand_right,0.000000,0.595299,0.038084,-1.000000,1.000000,-1.000000,false,3,true,true,0.499782,0.972929,-0.018962,-0.971269,0.500218,1.018962,0.068787,0.041631,"(-0.23918 0.91342 0.29855)","(-0.25882 0.85582 0.33060)","(0.17561 0.84426 -0.02564)","(0.21271 0.85458 -0.04148)","(-0.20532 0.82991 0.28478)","(-0.14172 0.85934 0.30144)","(-0.14863 0.87232 0.27354)","(-0.14315 0.94435 0.33460)","(0.12532 0.69191 -0.06436)","(0.14535 0.69624 -0.09386)","(0.11090 0.75508 -0.04509)"
158,2.6000,1,2.6000,1,1,grip_normal,two_hand_one_hand,hand_right,hand_right,0.000000,0.595299,0.038084,-1.000000,1.000000,-1.000000,false,3,true,true,0.499782,0.972929,-0.018962,-0.971269,0.500218,1.018962,0.068787,0.041631,"(-0.23918 0.91342 0.29855)","(-0.25882 0.85582 0.33060)","(0.17561 0.84426 -0.02564)","(0.21271 0.85458 -0.04148)","(-0.20532 0.82991 0.28478)","(-0.14172 0.85934 0.30144)","(-0.14863 0.87232 0.27354)","(-0.14315 0.94435 0.33460)","(0.12532 0.69191 -0.06436)","(0.14535 0.69624 -0.09386)","(0.11090 0.75508 -0.04509)"
159,2.6167,1,2.6167,1,1,grip_normal,two_hand_one_hand,hand_right,hand_right,0.000000,0.595299,0.038084,-1.000000,1.000000,-1.000000,false,3,true,true,0.499782,0.972929,-0.018962,-0.971269,0.500218,1.018962,0.068787,0.041631,"(-0.23918 0.91342 0.29855)","(-0.25882 0.85582 0.33060)","(0.17561 0.84426 -0.02564)","(0.21271 0.85458 -0.04148)","(-0.20532 0.82991 0.28478)","(-0.14172 0.85934 0.30144)","(-0.14863 0.87232 0.27354)","(-0.14315 0.94435 0.33460)","(0.12532 0.69191 -0.06436)","(0.14535 0.69624 -0.09386)","(0.11090 0.75508 -0.04509)"
160,2.6333,1,2.6333,1,1,grip_normal,two_hand_one_hand,hand_right,hand_right,0.000000,0.595299,0.038084,-1.000000,1.000000,-1.000000,false,3,true,true,0.499782,0.972929,-0.018962,-0.971269,0.500218,1.018962,0.068787,0.041631,"(-0.23918 0.91342 0.29855)","(-0.25882 0.85582 0.33060)","(0.17561 0.84426 -0.02564)","(0.21271 0.85458 -0.04148)","(-0.20532 0.82991 0.28478)","(-0.14172 0.85934 0.30144)","(-0.14863 0.87232 0.27354)","(-0.14315 0.94435 0.33460)","(0.12532 0.69191 -0.06436)","(0.14535 0.69624 -0.09386)","(0.11090 0.75508 -0.04509)"
161,2.6500,1,2.6500,1,1,grip_normal,two_hand_one_hand,hand_right,hand_right,0.000000,0.595299,0.038084,-1.000000,1.000000,-1.000000,false,3,true,true,0.499782,0.972929,-0.018962,-0.971269,0.500218,1.018962,0.068787,0.041631,"(-0.23918 0.91342 0.29855)","(-0.25882 0.85582 0.33060)","(0.17561 0.84426 -0.02564)","(0.21271 0.85458 -0.04148)","(-0.20532 0.82991 0.28478)","(-0.14172 0.85934 0.30144)","(-0.14863 0.87232 0.27354)","(-0.14315 0.94435 0.33460)","(0.12532 0.69191 -0.06436)","(0.14535 0.69624 -0.09386)","(0.11090 0.75508 -0.04509)"
162,2.6667,1,2.6667,1,1,grip_normal,two_hand_one_hand,hand_right,hand_right,0.000000,0.595299,0.038084,-1.000000,1.000000,-1.000000,false,3,true,true,0.499782,0.972929,-0.018962,-0.971269,0.500218,1.018962,0.068787,0.041631,"(-0.23918 0.91342 0.29855)","(-0.25882 0.85582 0.33060)","(0.17561 0.84426 -0.02564)","(0.21271 0.85458 -0.04148)","(-0.20532 0.82991 0.28478)","(-0.14172 0.85934 0.30144)","(-0.14863 0.87232 0.27354)","(-0.14315 0.94435 0.33460)","(0.12532 0.69191 -0.06436)","(0.14535 0.69624 -0.09386)","(0.11090 0.75508 -0.04509)"
163,2.6833,1,2.6833,1,1,grip_normal,two_hand_one_hand,hand_right,hand_right,0.000000,0.595299,0.038084,-1.000000,1.000000,-1.000000,false,3,true,true,0.499782,0.972929,-0.018962,-0.971269,0.500218,1.018962,0.068787,0.041631,"(-0.23918 0.91342 0.29855)","(-0.25882 0.85582 0.33060)","(0.17561 0.84426 -0.02564)","(0.21271 0.85458 -0.04148)","(-0.20532 0.82991 0.28478)","(-0.14172 0.85934 0.30144)","(-0.14863 0.87232 0.27354)","(-0.14315 0.94435 0.33460)","(0.12532 0.69191 -0.06436)","(0.14535 0.69624 -0.09386)","(0.11090 0.75508 -0.04509)"
164,2.7000,1,2.7000,1,1,grip_normal,two_hand_one_hand,hand_right,hand_right,0.000000,0.595299,0.038084,-1.000000,1.000000,-1.000000,false,3,true,true,0.499782,0.972929,-0.018962,-0.971269,0.500218,1.018962,0.068787,0.041631,"(-0.23918 0.91342 0.29855)","(-0.25882 0.85582 0.33060)","(0.17561 0.84426 -0.02564)","(0.21271 0.85458 -0.04148)","(-0.20532 0.82991 0.28478)","(-0.14172 0.85934 0.30144)","(-0.14863 0.87232 0.27354)","(-0.14315 0.94435 0.33460)","(0.12532 0.69191 -0.06436)","(0.14535 0.69624 -0.09386)","(0.11090 0.75508 -0.04509)"
165,2.7167,1,2.7167,1,1,grip_normal,two_hand_one_hand,hand_right,hand_right,0.000000,0.595299,0.038084,-1.000000,1.000000,-1.000000,false,3,true,true,0.499782,0.972929,-0.018962,-0.971269,0.500218,1.018962,0.068787,0.041631,"(-0.23918 0.91342 0.29855)","(-0.25882 0.85582 0.33060)","(0.17561 0.84426 -0.02564)","(0.21271 0.85458 -0.04148)","(-0.20532 0.82991 0.28478)","(-0.14172 0.85934 0.30144)","(-0.14863 0.87232 0.27354)","(-0.14315 0.94435 0.33460)","(0.12532 0.69191 -0.06436)","(0.14535 0.69624 -0.09386)","(0.11090 0.75508 -0.04509)"
166,2.7333,1,2.7333,1,1,grip_normal,two_hand_one_hand,hand_right,hand_right,0.000000,0.595299,0.038084,-1.000000,1.000000,-1.000000,false,3,true,true,0.499782,0.972929,-0.018962,-0.971269,0.500218,1.018962,0.068787,0.041631,"(-0.23918 0.91342 0.29855)","(-0.25882 0.85582 0.33060)","(0.17561 0.84426 -0.02564)","(0.21271 0.85458 -0.04148)","(-0.20532 0.82991 0.28478)","(-0.14172 0.85934 0.30144)","(-0.14863 0.87232 0.27354)","(-0.14315 0.94435 0.33460)","(0.12532 0.69191 -0.06436)","(0.14535 0.69624 -0.09386)","(0.11090 0.75508 -0.04509)"
167,2.7500,1,2.7500,1,1,grip_normal,two_hand_one_hand,hand_right,hand_right,0.000000,0.595299,0.038084,-1.000000,1.000000,-1.000000,false,3,true,true,0.499782,0.972929,-0.018962,-0.971269,0.500218,1.018962,0.068787,0.041631,"(-0.23918 0.91342 0.29855)","(-0.25882 0.85582 0.33060)","(0.17561 0.84426 -0.02564)","(0.21271 0.85458 -0.04148)","(-0.20532 0.82991 0.28478)","(-0.14172 0.85934 0.30144)","(-0.14863 0.87232 0.27354)","(-0.14315 0.94435 0.33460)","(0.12532 0.69191 -0.06436)","(0.14535 0.69624 -0.09386)","(0.11090 0.75508 -0.04509)"
168,2.7667,1,2.7667,1,1,grip_normal,two_hand_one_hand,hand_right,hand_right,0.000000,0.595299,0.038084,-1.000000,1.000000,-1.000000,false,3,true,true,0.499782,0.972929,-0.018962,-0.971269,0.500218,1.018962,0.068787,0.041631,"(-0.23918 0.91342 0.29855)","(-0.25882 0.85582 0.33060)","(0.17561 0.84426 -0.02564)","(0.21271 0.85458 -0.04148)","(-0.20532 0.82991 0.28478)","(-0.14172 0.85934 0.30144)","(-0.14863 0.87232 0.27354)","(-0.14315 0.94435 0.33460)","(0.12532 0.69191 -0.06436)","(0.14535 0.69624 -0.09386)","(0.11090 0.75508 -0.04509)"
169,2.7833,1,2.7833,1,1,grip_normal,two_hand_one_hand,hand_right,hand_right,0.000000,0.595299,0.038084,-1.000000,1.000000,-1.000000,false,3,true,true,0.499782,0.972929,-0.018962,-0.971269,0.500218,1.018962,0.068787,0.041631,"(-0.23918 0.91342 0.29855)","(-0.25882 0.85582 0.33060)","(0.17561 0.84426 -0.02564)","(0.21271 0.85458 -0.04148)","(-0.20532 0.82991 0.28478)","(-0.14172 0.85934 0.30144)","(-0.14863 0.87232 0.27354)","(-0.14315 0.94435 0.33460)","(0.12532 0.69191 -0.06436)","(0.14535 0.69624 -0.09386)","(0.11090 0.75508 -0.04509)"
170,2.8000,1,2.8000,1,1,grip_normal,two_hand_one_hand,hand_right,hand_right,0.000000,0.595299,0.038084,-1.000000,1.000000,-1.000000,false,3,true,true,0.499782,0.972929,-0.018962,-0.971269,0.500218,1.018962,0.068787,0.041631,"(-0.23918 0.91342 0.29855)","(-0.25882 0.85582 0.33060)","(0.17561 0.84426 -0.02564)","(0.21271 0.85458 -0.04148)","(-0.20532 0.82991 0.28478)","(-0.14172 0.85934 0.30144)","(-0.14863 0.87232 0.27354)","(-0.14315 0.94435 0.33460)","(0.12532 0.69191 -0.06436)","(0.14535 0.69624 -0.09386)","(0.11090 0.75508 -0.04509)"
171,2.8167,1,2.8167,1,1,grip_normal,two_hand_one_hand,hand_right,hand_right,0.000000,0.595299,0.038084,-1.000000,1.000000,-1.000000,false,3,true,true,0.499782,0.972929,-0.018962,-0.971269,0.500218,1.018962,0.068787,0.041631,"(-0.23918 0.91342 0.29855)","(-0.25882 0.85582 0.33060)","(0.17561 0.84426 -0.02564)","(0.21271 0.85458 -0.04148)","(-0.20532 0.82991 0.28478)","(-0.14172 0.85934 0.30144)","(-0.14863 0.87232 0.27354)","(-0.14315 0.94435 0.33460)","(0.12532 0.69191 -0.06436)","(0.14535 0.69624 -0.09386)","(0.11090 0.75508 -0.04509)"
172,2.8333,1,2.8333,1,1,grip_normal,two_hand_one_hand,hand_right,hand_right,0.000000,0.595299,0.038084,-1.000000,1.000000,-1.000000,false,3,true,true,0.499782,0.972929,-0.018962,-0.971269,0.500218,1.018962,0.068787,0.041631,"(-0.23918 0.91342 0.29855)","(-0.25882 0.85582 0.33060)","(0.17561 0.84426 -0.02564)","(0.21271 0.85458 -0.04148)","(-0.20532 0.82991 0.28478)","(-0.14172 0.85934 0.30144)","(-0.14863 0.87232 0.27354)","(-0.14315 0.94435 0.33460)","(0.12532 0.69191 -0.06436)","(0.14535 0.69624 -0.09386)","(0.11090 0.75508 -0.04509)"
173,2.8500,1,2.8500,1,1,grip_normal,two_hand_one_hand,hand_right,hand_right,0.000000,0.595299,0.038084,-1.000000,1.000000,-1.000000,false,3,true,true,0.499782,0.972929,-0.018962,-0.971269,0.500218,1.018962,0.068787,0.041631,"(-0.23918 0.91342 0.29855)","(-0.25882 0.85582 0.33060)","(0.17561 0.84426 -0.02564)","(0.21271 0.85458 -0.04148)","(-0.20532 0.82991 0.28478)","(-0.14172 0.85934 0.30144)","(-0.14863 0.87232 0.27354)","(-0.14315 0.94435 0.33460)","(0.12532 0.69191 -0.06436)","(0.14535 0.69624 -0.09386)","(0.11090 0.75508 -0.04509)"
174,2.8667,1,2.8667,1,1,grip_normal,two_hand_one_hand,hand_right,hand_right,0.000000,0.595299,0.038084,-1.000000,1.000000,-1.000000,false,3,true,true,0.499782,0.972929,-0.018962,-0.971269,0.500218,1.018962,0.068787,0.041631,"(-0.23918 0.91342 0.29855)","(-0.25882 0.85582 0.33060)","(0.17561 0.84426 -0.02564)","(0.21271 0.85458 -0.04148)","(-0.20532 0.82991 0.28478)","(-0.14172 0.85934 0.30144)","(-0.14863 0.87232 0.27354)","(-0.14315 0.94435 0.33460)","(0.12532 0.69191 -0.06436)","(0.14535 0.69624 -0.09386)","(0.11090 0.75508 -0.04509)"
175,2.8833,1,2.8833,1,1,grip_normal,two_hand_one_hand,hand_right,hand_right,0.000000,0.595299,0.038084,-1.000000,1.000000,-1.000000,false,3,true,true,0.499782,0.972929,-0.018962,-0.971269,0.500218,1.018962,0.068787,0.041631,"(-0.23918 0.91342 0.29855)","(-0.25882 0.85582 0.33060)","(0.17561 0.84426 -0.02564)","(0.21271 0.85458 -0.04148)","(-0.20532 0.82991 0.28478)","(-0.14172 0.85934 0.30144)","(-0.14863 0.87232 0.27354)","(-0.14315 0.94435 0.33460)","(0.12532 0.69191 -0.06436)","(0.14535 0.69624 -0.09386)","(0.11090 0.75508 -0.04509)"
176,2.9000,1,2.9000,1,1,grip_normal,two_hand_one_hand,hand_right,hand_right,0.000000,0.595299,0.038084,-1.000000,1.000000,-1.000000,false,3,true,true,0.499782,0.972929,-0.018962,-0.971269,0.500218,1.018962,0.068787,0.041631,"(-0.23918 0.91342 0.29855)","(-0.25882 0.85582 0.33060)","(0.17561 0.84426 -0.02564)","(0.21271 0.85458 -0.04148)","(-0.20532 0.82991 0.28478)","(-0.14172 0.85934 0.30144)","(-0.14863 0.87232 0.27354)","(-0.14315 0.94435 0.33460)","(0.12532 0.69191 -0.06436)","(0.14535 0.69624 -0.09386)","(0.11090 0.75508 -0.04509)"
177,2.9167,1,2.9167,1,1,grip_normal,two_hand_one_hand,hand_right,hand_right,0.000000,0.595299,0.038084,-1.000000,1.000000,-1.000000,false,3,true,true,0.499782,0.972929,-0.018962,-0.971269,0.500218,1.018962,0.068787,0.041631,"(-0.23918 0.91342 0.29855)","(-0.25882 0.85582 0.33060)","(0.17561 0.84426 -0.02564)","(0.21271 0.85458 -0.04148)","(-0.20532 0.82991 0.28478)","(-0.14172 0.85934 0.30144)","(-0.14863 0.87232 0.27354)","(-0.14315 0.94435 0.33460)","(0.12532 0.69191 -0.06436)","(0.14535 0.69624 -0.09386)","(0.11090 0.75508 -0.04509)"
178,2.9333,1,2.9333,1,1,grip_normal,two_hand_one_hand,hand_right,hand_right,0.000000,0.595299,0.038084,-1.000000,1.000000,-1.000000,false,3,true,true,0.499782,0.972929,-0.018962,-0.971269,0.500218,1.018962,0.068787,0.041631,"(-0.23918 0.91342 0.29855)","(-0.25882 0.85582 0.33060)","(0.17561 0.84426 -0.02564)","(0.21271 0.85458 -0.04148)","(-0.20532 0.82991 0.28478)","(-0.14172 0.85934 0.30144)","(-0.14863 0.87232 0.27354)","(-0.14315 0.94435 0.33460)","(0.12532 0.69191 -0.06436)","(0.14535 0.69624 -0.09386)","(0.11090 0.75508 -0.04509)"
179,2.9500,1,2.9500,1,1,grip_normal,two_hand_one_hand,hand_right,hand_right,0.000000,0.595299,0.038084,-1.000000,1.000000,-1.000000,false,3,true,true,0.499782,0.972929,-0.018962,-0.971269,0.500218,1.018962,0.068787,0.041631,"(-0.23918 0.91342 0.29855)","(-0.25882 0.85582 0.33060)","(0.17561 0.84426 -0.02564)","(0.21271 0.85458 -0.04148)","(-0.20532 0.82991 0.28478)","(-0.14172 0.85934 0.30144)","(-0.14863 0.87232 0.27354)","(-0.14315 0.94435 0.33460)","(0.12532 0.69191 -0.06436)","(0.14535 0.69624 -0.09386)","(0.11090 0.75508 -0.04509)"
180,2.9667,1,2.9667,1,1,grip_normal,two_hand_one_hand,hand_right,hand_right,0.000000,0.595299,0.038084,-1.000000,1.000000,-1.000000,false,3,true,true,0.499782,0.972929,-0.018962,-0.971269,0.500218,1.018962,0.068787,0.041631,"(-0.23918 0.91342 0.29855)","(-0.25882 0.85582 0.33060)","(0.17561 0.84426 -0.02564)","(0.21271 0.85458 -0.04148)","(-0.20532 0.82991 0.28478)","(-0.14172 0.85934 0.30144)","(-0.14863 0.87232 0.27354)","(-0.14315 0.94435 0.33460)","(0.12532 0.69191 -0.06436)","(0.14535 0.69624 -0.09386)","(0.11090 0.75508 -0.04509)"
181,2.9833,1,2.9833,1,1,grip_normal,two_hand_one_hand,hand_right,hand_right,0.000000,0.595299,0.038084,-1.000000,1.000000,-1.000000,false,3,true,true,0.499782,0.972929,-0.018962,-0.971269,0.500218,1.018962,0.068787,0.041631,"(-0.23918 0.91342 0.29855)","(-0.25882 0.85582 0.33060)","(0.17561 0.84426 -0.02564)","(0.21271 0.85458 -0.04148)","(-0.20532 0.82991 0.28478)","(-0.14172 0.85934 0.30144)","(-0.14863 0.87232 0.27354)","(-0.14315 0.94435 0.33460)","(0.12532 0.69191 -0.06436)","(0.14535 0.69624 -0.09386)","(0.11090 0.75508 -0.04509)"
182,3.0000,1,3.0000,1,1,grip_normal,two_hand_one_hand,hand_right,hand_right,0.000000,0.595299,0.038084,-1.000000,1.000000,-1.000000,false,3,true,true,0.499782,0.972929,-0.018962,-0.971269,0.500218,1.018962,0.068787,0.041631,"(-0.23918 0.91342 0.29855)","(-0.25882 0.85582 0.33060)","(0.17561 0.84426 -0.02564)","(0.21271 0.85458 -0.04148)","(-0.20532 0.82991 0.28478)","(-0.14172 0.85934 0.30144)","(-0.14863 0.87232 0.27354)","(-0.14315 0.94435 0.33460)","(0.12532 0.69191 -0.06436)","(0.14535 0.69624 -0.09386)","(0.11090 0.75508 -0.04509)"
183,3.0167,1,3.0167,1,1,grip_normal,two_hand_one_hand,hand_right,hand_right,0.000000,0.595299,0.038084,-1.000000,1.000000,-1.000000,false,3,true,true,0.499782,0.972929,-0.018962,-0.971269,0.500218,1.018962,0.068787,0.041631,"(-0.23918 0.91342 0.29855)","(-0.25882 0.85582 0.33060)","(0.17561 0.84426 -0.02564)","(0.21271 0.85458 -0.04148)","(-0.20532 0.82991 0.28478)","(-0.14172 0.85934 0.30144)","(-0.14863 0.87232 0.27354)","(-0.14315 0.94435 0.33460)","(0.12532 0.69191 -0.06436)","(0.14535 0.69624 -0.09386)","(0.11090 0.75508 -0.04509)"
184,3.0167,2,0.0000,2,1,grip_normal,two_hand_one_hand,hand_right,hand_right,0.000000,0.595299,0.038084,-1.000000,1.000000,-1.000000,false,3,true,true,0.499782,0.972929,-0.018962,-0.971269,0.500218,1.018962,0.068787,0.041631,"(-0.23918 0.91342 0.29855)","(-0.25882 0.85582 0.33060)","(0.17561 0.84426 -0.02564)","(0.21271 0.85458 -0.04148)","(-0.20532 0.82991 0.28478)","(-0.14172 0.85934 0.30144)","(-0.14863 0.87232 0.27354)","(-0.14315 0.94435 0.33460)","(0.12532 0.69191 -0.06436)","(0.14535 0.69624 -0.09386)","(0.11090 0.75508 -0.04509)"
185,3.0333,2,0.0167,2,1,grip_normal,two_hand_one_hand,hand_right,hand_right,0.000000,0.595299,0.038084,-1.000000,1.000000,-1.000000,false,3,true,true,0.499782,0.972929,-0.018962,-0.971269,0.500218,1.018962,0.068787,0.041631,"(-0.23918 0.91342 0.29855)","(-0.25882 0.85582 0.33060)","(0.17561 0.84426 -0.02564)","(0.21271 0.85458 -0.04148)","(-0.20532 0.82991 0.28478)","(-0.14172 0.85934 0.30144)","(-0.14863 0.87232 0.27354)","(-0.14315 0.94435 0.33460)","(0.12532 0.69191 -0.06436)","(0.14535 0.69624 -0.09386)","(0.11090 0.75508 -0.04509)"
186,3.0500,2,0.0333,2,1,grip_normal,two_hand_one_hand,hand_right,hand_right,0.000000,0.595299,0.038084,-1.000000,1.000000,-1.000000,false,3,true,true,0.499782,0.972929,-0.018962,-0.971269,0.500218,1.018962,0.068787,0.041631,"(-0.23918 0.91342 0.29855)","(-0.25882 0.85582 0.33060)","(0.17561 0.84426 -0.02564)","(0.21271 0.85458 -0.04148)","(-0.20532 0.82991 0.28478)","(-0.14172 0.85934 0.30144)","(-0.14863 0.87232 0.27354)","(-0.14315 0.94435 0.33460)","(0.12532 0.69191 -0.06436)","(0.14535 0.69624 -0.09386)","(0.11090 0.75508 -0.04509)"
187,3.0667,2,0.0500,2,1,grip_normal,two_hand_one_hand,hand_right,hand_right,0.000000,0.595299,0.038084,-1.000000,1.000000,-1.000000,false,3,true,true,0.499782,0.972929,-0.018962,-0.971269,0.500218,1.018962,0.068787,0.041631,"(-0.23918 0.91342 0.29855)","(-0.25882 0.85582 0.33060)","(0.17561 0.84426 -0.02564)","(0.21271 0.85458 -0.04148)","(-0.20532 0.82991 0.28478)","(-0.14172 0.85934 0.30144)","(-0.14863 0.87232 0.27354)","(-0.14315 0.94435 0.33460)","(0.12532 0.69191 -0.06436)","(0.14535 0.69624 -0.09386)","(0.11090 0.75508 -0.04509)"
188,3.0833,2,0.0667,2,1,grip_normal,two_hand_one_hand,hand_right,hand_right,0.000000,0.595299,0.038084,-1.000000,1.000000,-1.000000,false,3,true,true,0.499782,0.972929,-0.018962,-0.971269,0.500218,1.018962,0.068787,0.041631,"(-0.23918 0.91342 0.29855)","(-0.25882 0.85582 0.33060)","(0.17561 0.84426 -0.02564)","(0.21271 0.85458 -0.04148)","(-0.20532 0.82991 0.28478)","(-0.14172 0.85934 0.30144)","(-0.14863 0.87232 0.27354)","(-0.14315 0.94435 0.33460)","(0.12532 0.69191 -0.06436)","(0.14535 0.69624 -0.09386)","(0.11090 0.75508 -0.04509)"
189,3.1000,2,0.0833,2,1,grip_normal,two_hand_one_hand,hand_right,hand_right,0.000000,0.595299,0.038084,-1.000000,1.000000,-1.000000,false,3,true,true,0.499782,0.972929,-0.018962,-0.971269,0.500218,1.018962,0.068787,0.041631,"(-0.23918 0.91342 0.29855)","(-0.25882 0.85582 0.33060)","(0.17561 0.84426 -0.02564)","(0.21271 0.85458 -0.04148)","(-0.20532 0.82991 0.28478)","(-0.14172 0.85934 0.30144)","(-0.14863 0.87232 0.27354)","(-0.14315 0.94435 0.33460)","(0.12532 0.69191 -0.06436)","(0.14535 0.69624 -0.09386)","(0.11090 0.75508 -0.04509)"
190,3.1167,2,0.1000,2,1,grip_normal,two_hand_one_hand,hand_right,hand_right,0.000000,0.595299,0.038084,-1.000000,1.000000,-1.000000,false,3,true,true,0.499782,0.972929,-0.018962,-0.971269,0.500218,1.018962,0.068787,0.041631,"(-0.23918 0.91342 0.29855)","(-0.25882 0.85582 0.33060)","(0.17561 0.84426 -0.02564)","(0.21271 0.85458 -0.04148)","(-0.20532 0.82991 0.28478)","(-0.14172 0.85934 0.30144)","(-0.14863 0.87232 0.27354)","(-0.14315 0.94435 0.33460)","(0.12532 0.69191 -0.06436)","(0.14535 0.69624 -0.09386)","(0.11090 0.75508 -0.04509)"
191,3.1333,2,0.1167,2,1,grip_normal,two_hand_one_hand,hand_right,hand_right,0.000000,0.595299,0.038084,-1.000000,1.000000,-1.000000,false,3,true,true,0.499782,0.972929,-0.018962,-0.971269,0.500218,1.018962,0.068787,0.041631,"(-0.23918 0.91342 0.29855)","(-0.25882 0.85582 0.33060)","(0.17561 0.84426 -0.02564)","(0.21271 0.85458 -0.04148)","(-0.20532 0.82991 0.28478)","(-0.14172 0.85934 0.30144)","(-0.14863 0.87232 0.27354)","(-0.14315 0.94435 0.33460)","(0.12532 0.69191 -0.06436)","(0.14535 0.69624 -0.09386)","(0.11090 0.75508 -0.04509)"
192,3.1500,2,0.1333,2,1,grip_normal,two_hand_one_hand,hand_right,hand_right,0.000000,0.595299,0.038084,-1.000000,1.000000,-1.000000,false,3,true,true,0.499782,0.972929,-0.018962,-0.971269,0.500218,1.018962,0.068787,0.041631,"(-0.23918 0.91342 0.29855)","(-0.25882 0.85582 0.33060)","(0.17561 0.84426 -0.02564)","(0.21271 0.85458 -0.04148)","(-0.20532 0.82991 0.28478)","(-0.14172 0.85934 0.30144)","(-0.14863 0.87232 0.27354)","(-0.14315 0.94435 0.33460)","(0.12532 0.69191 -0.06436)","(0.14535 0.69624 -0.09386)","(0.11090 0.75508 -0.04509)"
193,3.1667,2,0.1500,2,1,grip_normal,two_hand_one_hand,hand_right,hand_right,0.000000,0.595299,0.038084,-1.000000,1.000000,-1.000000,false,3,true,true,0.499782,0.972929,-0.018962,-0.971269,0.500218,1.018962,0.068787,0.041631,"(-0.23918 0.91342 0.29855)","(-0.25882 0.85582 0.33060)","(0.17561 0.84426 -0.02564)","(0.21271 0.85458 -0.04148)","(-0.20532 0.82991 0.28478)","(-0.14172 0.85934 0.30144)","(-0.14863 0.87232 0.27354)","(-0.14315 0.94435 0.33460)","(0.12532 0.69191 -0.06436)","(0.14535 0.69624 -0.09386)","(0.11090 0.75508 -0.04509)"
194,3.1833,2,0.1667,2,1,grip_normal,two_hand_one_hand,hand_right,hand_right,0.000000,0.595299,0.038084,-1.000000,1.000000,-1.000000,false,3,true,true,0.499782,0.972929,-0.018962,-0.971269,0.500218,1.018962,0.068787,0.041631,"(-0.23918 0.91342 0.29855)","(-0.25882 0.85582 0.33060)","(0.17561 0.84426 -0.02564)","(0.21271 0.85458 -0.04148)","(-0.20532 0.82991 0.28478)","(-0.14172 0.85934 0.30144)","(-0.14863 0.87232 0.27354)","(-0.14315 0.94435 0.33460)","(0.12532 0.69191 -0.06436)","(0.14535 0.69624 -0.09386)","(0.11090 0.75508 -0.04509)"
195,3.2000,2,0.1833,2,1,grip_normal,two_hand_one_hand,hand_right,hand_right,0.000000,0.595299,0.038084,-1.000000,1.000000,-1.000000,false,3,true,true,0.499782,0.972929,-0.018962,-0.971269,0.500218,1.018962,0.068787,0.041631,"(-0.23918 0.91342 0.29855)","(-0.25882 0.85582 0.33060)","(0.17561 0.84426 -0.02564)","(0.21271 0.85458 -0.04148)","(-0.20532 0.82991 0.28478)","(-0.14172 0.85934 0.30144)","(-0.14863 0.87232 0.27354)","(-0.14315 0.94435 0.33460)","(0.12532 0.69191 -0.06436)","(0.14535 0.69624 -0.09386)","(0.11090 0.75508 -0.04509)"
196,3.2167,2,0.2000,2,1,grip_normal,two_hand_one_hand,hand_right,hand_right,0.000000,0.595299,0.038084,-1.000000,1.000000,-1.000000,false,3,true,true,0.499782,0.972929,-0.018962,-0.971269,0.500218,1.018962,0.068787,0.041631,"(-0.23918 0.91342 0.29855)","(-0.25882 0.85582 0.33060)","(0.17561 0.84426 -0.02564)","(0.21271 0.85458 -0.04148)","(-0.20532 0.82991 0.28478)","(-0.14172 0.85934 0.30144)","(-0.14863 0.87232 0.27354)","(-0.14315 0.94435 0.33460)","(0.12532 0.69191 -0.06436)","(0.14535 0.69624 -0.09386)","(0.11090 0.75508 -0.04509)"
197,3.2333,2,0.2167,2,1,grip_normal,two_hand_one_hand,hand_right,hand_right,0.000000,0.595299,0.038084,-1.000000,1.000000,-1.000000,false,3,true,true,0.499782,0.972929,-0.018962,-0.971269,0.500218,1.018962,0.068787,0.041631,"(-0.23918 0.91342 0.29855)","(-0.25882 0.85582 0.33060)","(0.17561 0.84426 -0.02564)","(0.21271 0.85458 -0.04148)","(-0.20532 0.82991 0.28478)","(-0.14172 0.85934 0.30144)","(-0.14863 0.87232 0.27354)","(-0.14315 0.94435 0.33460)","(0.12532 0.69191 -0.06436)","(0.14535 0.69624 -0.09386)","(0.11090 0.75508 -0.04509)"
198,3.2500,2,0.2333,2,1,grip_normal,two_hand_one_hand,hand_right,hand_right,0.000000,0.595299,0.038084,-1.000000,1.000000,-1.000000,false,3,true,true,0.499782,0.972929,-0.018962,-0.971269,0.500218,1.018962,0.068787,0.041631,"(-0.23918 0.91342 0.29855)","(-0.25882 0.85582 0.33060)","(0.17561 0.84426 -0.02564)","(0.21271 0.85458 -0.04148)","(-0.20532 0.82991 0.28478)","(-0.14172 0.85934 0.30144)","(-0.14863 0.87232 0.27354)","(-0.14315 0.94435 0.33460)","(0.12532 0.69191 -0.06436)","(0.14535 0.69624 -0.09386)","(0.11090 0.75508 -0.04509)"
199,3.2667,2,0.2500,2,1,grip_normal,two_hand_one_hand,hand_right,hand_right,0.000000,0.595299,0.038084,-1.000000,1.000000,-1.000000,false,3,true,true,0.499782,0.972929,-0.018962,-0.971269,0.500218,1.018962,0.068787,0.041631,"(-0.23918 0.91342 0.29855)","(-0.25882 0.85582 0.33060)","(0.17561 0.84426 -0.02564)","(0.21271 0.85458 -0.04148)","(-0.20532 0.82991 0.28478)","(-0.14172 0.85934 0.30144)","(-0.14863 0.87232 0.27354)","(-0.14315 0.94435 0.33460)","(0.12532 0.69191 -0.06436)","(0.14535 0.69624 -0.09386)","(0.11090 0.75508 -0.04509)"
200,3.2833,2,0.2667,2,1,grip_normal,two_hand_one_hand,hand_right,hand_right,0.000000,0.595299,0.038084,-1.000000,1.000000,-1.000000,false,3,true,true,0.499782,0.972929,-0.018962,-0.971269,0.500218,1.018962,0.068787,0.041631,"(-0.23918 0.91342 0.29855)","(-0.25882 0.85582 0.33060)","(0.17561 0.84426 -0.02564)","(0.21271 0.85458 -0.04148)","(-0.20532 0.82991 0.28478)","(-0.14172 0.85934 0.30144)","(-0.14863 0.87232 0.27354)","(-0.14315 0.94435 0.33460)","(0.12532 0.69191 -0.06436)","(0.14535 0.69624 -0.09386)","(0.11090 0.75508 -0.04509)"
201,3.3000,2,0.2833,2,1,grip_normal,two_hand_one_hand,hand_right,hand_right,0.000000,0.595299,0.038084,-1.000000,1.000000,-1.000000,false,3,true,true,0.499782,0.972929,-0.018962,-0.971269,0.500218,1.018962,0.068787,0.041631,"(-0.23918 0.91342 0.29855)","(-0.25882 0.85582 0.33060)","(0.17561 0.84426 -0.02564)","(0.21271 0.85458 -0.04148)","(-0.20532 0.82991 0.28478)","(-0.14172 0.85934 0.30144)","(-0.14863 0.87232 0.27354)","(-0.14315 0.94435 0.33460)","(0.12532 0.69191 -0.06436)","(0.14535 0.69624 -0.09386)","(0.11090 0.75508 -0.04509)"
202,3.3167,2,0.3000,2,1,grip_normal,two_hand_one_hand,hand_right,hand_right,0.000000,0.595299,0.038084,-1.000000,1.000000,-1.000000,false,3,true,true,0.499782,0.972929,-0.018962,-0.971269,0.500218,1.018962,0.068787,0.041631,"(-0.23918 0.91342 0.29855)","(-0.25882 0.85582 0.33060)","(0.17561 0.84426 -0.02564)","(0.21271 0.85458 -0.04148)","(-0.20532 0.82991 0.28478)","(-0.14172 0.85934 0.30144)","(-0.14863 0.87232 0.27354)","(-0.14315 0.94435 0.33460)","(0.12532 0.69191 -0.06436)","(0.14535 0.69624 -0.09386)","(0.11090 0.75508 -0.04509)"
203,3.3333,2,0.3167,2,1,grip_normal,two_hand_one_hand,hand_right,hand_right,0.000000,0.595299,0.038084,-1.000000,1.000000,-1.000000,false,3,true,true,0.499782,0.972929,-0.018962,-0.971269,0.500218,1.018962,0.068787,0.041631,"(-0.23918 0.91342 0.29855)","(-0.25882 0.85582 0.33060)","(0.17561 0.84426 -0.02564)","(0.21271 0.85458 -0.04148)","(-0.20532 0.82991 0.28478)","(-0.14172 0.85934 0.30144)","(-0.14863 0.87232 0.27354)","(-0.14315 0.94435 0.33460)","(0.12532 0.69191 -0.06436)","(0.14535 0.69624 -0.09386)","(0.11090 0.75508 -0.04509)"
204,3.3500,2,0.3333,2,1,grip_normal,two_hand_one_hand,hand_right,hand_right,0.000000,0.595299,0.038084,-1.000000,1.000000,-1.000000,false,3,true,true,0.499782,0.972929,-0.018962,-0.971269,0.500218,1.018962,0.068787,0.041631,"(-0.23918 0.91342 0.29855)","(-0.25882 0.85582 0.33060)","(0.17561 0.84426 -0.02564)","(0.21271 0.85458 -0.04148)","(-0.20532 0.82991 0.28478)","(-0.14172 0.85934 0.30144)","(-0.14863 0.87232 0.27354)","(-0.14315 0.94435 0.33460)","(0.12532 0.69191 -0.06436)","(0.14535 0.69624 -0.09386)","(0.11090 0.75508 -0.04509)"
205,3.3667,2,0.3500,2,1,grip_normal,two_hand_one_hand,hand_right,hand_right,0.000000,0.595299,0.038084,-1.000000,1.000000,-1.000000,false,3,true,true,0.499782,0.972929,-0.018962,-0.971269,0.500218,1.018962,0.068787,0.041631,"(-0.23918 0.91342 0.29855)","(-0.25882 0.85582 0.33060)","(0.17561 0.84426 -0.02564)","(0.21271 0.85458 -0.04148)","(-0.20532 0.82991 0.28478)","(-0.14172 0.85934 0.30144)","(-0.14863 0.87232 0.27354)","(-0.14315 0.94435 0.33460)","(0.12532 0.69191 -0.06436)","(0.14535 0.69624 -0.09386)","(0.11090 0.75508 -0.04509)"
206,3.3833,2,0.3667,2,1,grip_normal,two_hand_one_hand,hand_right,hand_right,0.000000,0.595299,0.038084,-1.000000,1.000000,-1.000000,false,3,true,true,0.499782,0.972929,-0.018962,-0.971269,0.500218,1.018962,0.068787,0.041631,"(-0.23918 0.91342 0.29855)","(-0.25882 0.85582 0.33060)","(0.17561 0.84426 -0.02564)","(0.21271 0.85458 -0.04148)","(-0.20532 0.82991 0.28478)","(-0.14172 0.85934 0.30144)","(-0.14863 0.87232 0.27354)","(-0.14315 0.94435 0.33460)","(0.12532 0.69191 -0.06436)","(0.14535 0.69624 -0.09386)","(0.11090 0.75508 -0.04509)"
207,3.4000,2,0.3833,2,1,grip_normal,two_hand_one_hand,hand_right,hand_right,0.000000,0.595299,0.038084,-1.000000,1.000000,-1.000000,false,3,true,true,0.499782,0.972929,-0.018962,-0.971269,0.500218,1.018962,0.068787,0.041631,"(-0.23918 0.91342 0.29855)","(-0.25882 0.85582 0.33060)","(0.17561 0.84426 -0.02564)","(0.21271 0.85458 -0.04148)","(-0.20532 0.82991 0.28478)","(-0.14172 0.85934 0.30144)","(-0.14863 0.87232 0.27354)","(-0.14315 0.94435 0.33460)","(0.12532 0.69191 -0.06436)","(0.14535 0.69624 -0.09386)","(0.11090 0.75508 -0.04509)"
208,3.4167,2,0.4000,2,1,grip_normal,two_hand_one_hand,hand_right,hand_right,0.000000,0.595299,0.038084,-1.000000,1.000000,-1.000000,false,3,true,true,0.499782,0.972929,-0.018962,-0.971269,0.500218,1.018962,0.068787,0.041631,"(-0.23918 0.91342 0.29855)","(-0.25882 0.85582 0.33060)","(0.17561 0.84426 -0.02564)","(0.21271 0.85458 -0.04148)","(-0.20532 0.82991 0.28478)","(-0.14172 0.85934 0.30144)","(-0.14863 0.87232 0.27354)","(-0.14315 0.94435 0.33460)","(0.12532 0.69191 -0.06436)","(0.14535 0.69624 -0.09386)","(0.11090 0.75508 -0.04509)"
209,3.4333,2,0.4167,2,1,grip_normal,two_hand_one_hand,hand_right,hand_right,0.000000,0.595299,0.038084,-1.000000,1.000000,-1.000000,false,3,true,true,0.499782,0.972929,-0.018962,-0.971269,0.500218,1.018962,0.068787,0.041631,"(-0.23918 0.91342 0.29855)","(-0.25882 0.85582 0.33060)","(0.17561 0.84426 -0.02564)","(0.21271 0.85458 -0.04148)","(-0.20532 0.82991 0.28478)","(-0.14172 0.85934 0.30144)","(-0.14863 0.87232 0.27354)","(-0.14315 0.94435 0.33460)","(0.12532 0.69191 -0.06436)","(0.14535 0.69624 -0.09386)","(0.11090 0.75508 -0.04509)"
210,3.4500,2,0.4333,2,1,grip_normal,two_hand_one_hand,hand_right,hand_right,0.000000,0.595299,0.038084,-1.000000,1.000000,-1.000000,false,3,true,true,0.499782,0.972929,-0.018962,-0.971269,0.500218,1.018962,0.068787,0.041631,"(-0.23918 0.91342 0.29855)","(-0.25882 0.85582 0.33060)","(0.17561 0.84426 -0.02564)","(0.21271 0.85458 -0.04148)","(-0.20532 0.82991 0.28478)","(-0.14172 0.85934 0.30144)","(-0.14863 0.87232 0.27354)","(-0.14315 0.94435 0.33460)","(0.12532 0.69191 -0.06436)","(0.14535 0.69624 -0.09386)","(0.11090 0.75508 -0.04509)"
211,3.4667,2,0.4500,2,1,grip_normal,two_hand_one_hand,hand_right,hand_right,0.000000,0.595299,0.038084,-1.000000,1.000000,-1.000000,false,3,true,true,0.499782,0.972929,-0.018962,-0.971269,0.500218,1.018962,0.068787,0.041631,"(-0.23918 0.91342 0.29855)","(-0.25882 0.85582 0.33060)","(0.17561 0.84426 -0.02564)","(0.21271 0.85458 -0.04148)","(-0.20532 0.82991 0.28478)","(-0.14172 0.85934 0.30144)","(-0.14863 0.87232 0.27354)","(-0.14315 0.94435 0.33460)","(0.12532 0.69191 -0.06436)","(0.14535 0.69624 -0.09386)","(0.11090 0.75508 -0.04509)"
212,3.4833,2,0.4667,2,1,grip_normal,two_hand_one_hand,hand_right,hand_right,0.000000,0.595299,0.038084,-1.000000,1.000000,-1.000000,false,3,true,true,0.499782,0.972929,-0.018962,-0.971269,0.500218,1.018962,0.068787,0.041631,"(-0.23918 0.91342 0.29855)","(-0.25882 0.85582 0.33060)","(0.17561 0.84426 -0.02564)","(0.21271 0.85458 -0.04148)","(-0.20532 0.82991 0.28478)","(-0.14172 0.85934 0.30144)","(-0.14863 0.87232 0.27354)","(-0.14315 0.94435 0.33460)","(0.12532 0.69191 -0.06436)","(0.14535 0.69624 -0.09386)","(0.11090 0.75508 -0.04509)"
213,3.5000,2,0.4833,2,1,grip_normal,two_hand_one_hand,hand_right,hand_right,0.000000,0.595299,0.038084,-1.000000,1.000000,-1.000000,false,3,true,true,0.499782,0.972929,-0.018962,-0.971269,0.500218,1.018962,0.068787,0.041631,"(-0.23918 0.91342 0.29855)","(-0.25882 0.85582 0.33060)","(0.17561 0.84426 -0.02564)","(0.21271 0.85458 -0.04148)","(-0.20532 0.82991 0.28478)","(-0.14172 0.85934 0.30144)","(-0.14863 0.87232 0.27354)","(-0.14315 0.94435 0.33460)","(0.12532 0.69191 -0.06436)","(0.14535 0.69624 -0.09386)","(0.11090 0.75508 -0.04509)"
214,3.5167,2,0.5000,2,1,grip_normal,two_hand_one_hand,hand_right,hand_right,0.000000,0.595299,0.038084,-1.000000,1.000000,-1.000000,false,3,true,true,0.499782,0.972929,-0.018962,-0.971269,0.500218,1.018962,0.068787,0.041631,"(-0.23918 0.91342 0.29855)","(-0.25882 0.85582 0.33060)","(0.17561 0.84426 -0.02564)","(0.21271 0.85458 -0.04148)","(-0.20532 0.82991 0.28478)","(-0.14172 0.85934 0.30144)","(-0.14863 0.87232 0.27354)","(-0.14315 0.94435 0.33460)","(0.12532 0.69191 -0.06436)","(0.14535 0.69624 -0.09386)","(0.11090 0.75508 -0.04509)"
215,3.5333,2,0.5167,2,1,grip_normal,two_hand_one_hand,hand_right,hand_right,0.000000,0.595299,0.038084,-1.000000,1.000000,-1.000000,false,3,true,true,0.499782,0.972929,-0.018962,-0.971269,0.500218,1.018962,0.068787,0.041631,"(-0.23918 0.91342 0.29855)","(-0.25882 0.85582 0.33060)","(0.17561 0.84426 -0.02564)","(0.21271 0.85458 -0.04148)","(-0.20532 0.82991 0.28478)","(-0.14172 0.85934 0.30144)","(-0.14863 0.87232 0.27354)","(-0.14315 0.94435 0.33460)","(0.12532 0.69191 -0.06436)","(0.14535 0.69624 -0.09386)","(0.11090 0.75508 -0.04509)"
216,3.5500,2,0.5333,2,1,grip_normal,two_hand_one_hand,hand_right,hand_right,0.000000,0.595299,0.038084,-1.000000,1.000000,-1.000000,false,3,true,true,0.499782,0.972929,-0.018962,-0.971269,0.500218,1.018962,0.068787,0.041631,"(-0.23918 0.91342 0.29855)","(-0.25882 0.85582 0.33060)","(0.17561 0.84426 -0.02564)","(0.21271 0.85458 -0.04148)","(-0.20532 0.82991 0.28478)","(-0.14172 0.85934 0.30144)","(-0.14863 0.87232 0.27354)","(-0.14315 0.94435 0.33460)","(0.12532 0.69191 -0.06436)","(0.14535 0.69624 -0.09386)","(0.11090 0.75508 -0.04509)"
217,3.5667,2,0.5500,2,1,grip_normal,two_hand_one_hand,hand_right,hand_right,0.000000,0.595299,0.038084,-1.000000,1.000000,-1.000000,false,3,true,true,0.499782,0.972929,-0.018962,-0.971269,0.500218,1.018962,0.068787,0.041631,"(-0.23918 0.91342 0.29855)","(-0.25882 0.85582 0.33060)","(0.17561 0.84426 -0.02564)","(0.21271 0.85458 -0.04148)","(-0.20532 0.82991 0.28478)","(-0.14172 0.85934 0.30144)","(-0.14863 0.87232 0.27354)","(-0.14315 0.94435 0.33460)","(0.12532 0.69191 -0.06436)","(0.14535 0.69624 -0.09386)","(0.11090 0.75508 -0.04509)"
218,3.5833,2,0.5667,2,1,grip_normal,two_hand_one_hand,hand_right,hand_right,0.000000,0.595299,0.038084,-1.000000,1.000000,-1.000000,false,3,true,true,0.499782,0.972929,-0.018962,-0.971269,0.500218,1.018962,0.068787,0.041631,"(-0.23918 0.91342 0.29855)","(-0.25882 0.85582 0.33060)","(0.17561 0.84426 -0.02564)","(0.21271 0.85458 -0.04148)","(-0.20532 0.82991 0.28478)","(-0.14172 0.85934 0.30144)","(-0.14863 0.87232 0.27354)","(-0.14315 0.94435 0.33460)","(0.12532 0.69191 -0.06436)","(0.14535 0.69624 -0.09386)","(0.11090 0.75508 -0.04509)"
219,3.6000,2,0.5833,2,1,grip_normal,two_hand_one_hand,hand_right,hand_right,0.000000,0.595299,0.038084,-1.000000,1.000000,-1.000000,false,3,true,true,0.499782,0.972929,-0.018962,-0.971269,0.500218,1.018962,0.068787,0.041631,"(-0.23918 0.91342 0.29855)","(-0.25882 0.85582 0.33060)","(0.17561 0.84426 -0.02564)","(0.21271 0.85458 -0.04148)","(-0.20532 0.82991 0.28478)","(-0.14172 0.85934 0.30144)","(-0.14863 0.87232 0.27354)","(-0.14315 0.94435 0.33460)","(0.12532 0.69191 -0.06436)","(0.14535 0.69624 -0.09386)","(0.11090 0.75508 -0.04509)"
220,3.6167,2,0.6000,2,1,grip_normal,two_hand_one_hand,hand_right,hand_right,0.000000,0.595299,0.038084,-1.000000,1.000000,-1.000000,false,3,true,true,0.499782,0.972929,-0.018962,-0.971269,0.500218,1.018962,0.068787,0.041631,"(-0.23918 0.91342 0.29855)","(-0.25882 0.85582 0.33060)","(0.17561 0.84426 -0.02564)","(0.21271 0.85458 -0.04148)","(-0.20532 0.82991 0.28478)","(-0.14172 0.85934 0.30144)","(-0.14863 0.87232 0.27354)","(-0.14315 0.94435 0.33460)","(0.12532 0.69191 -0.06436)","(0.14535 0.69624 -0.09386)","(0.11090 0.75508 -0.04509)"
221,3.6333,2,0.6167,2,1,grip_normal,two_hand_one_hand,hand_right,hand_right,0.000000,0.595299,0.038084,-1.000000,1.000000,-1.000000,false,3,true,true,0.499782,0.972929,-0.018962,-0.971269,0.500218,1.018962,0.068787,0.041631,"(-0.23918 0.91342 0.29855)","(-0.25882 0.85582 0.33060)","(0.17561 0.84426 -0.02564)","(0.21271 0.85458 -0.04148)","(-0.20532 0.82991 0.28478)","(-0.14172 0.85934 0.30144)","(-0.14863 0.87232 0.27354)","(-0.14315 0.94435 0.33460)","(0.12532 0.69191 -0.06436)","(0.14535 0.69624 -0.09386)","(0.11090 0.75508 -0.04509)"
222,3.6500,2,0.6333,2,1,grip_normal,two_hand_one_hand,hand_right,hand_right,0.000000,0.595299,0.038084,-1.000000,1.000000,-1.000000,false,3,true,true,0.499782,0.972929,-0.018962,-0.971269,0.500218,1.018962,0.068787,0.041631,"(-0.23918 0.91342 0.29855)","(-0.25882 0.85582 0.33060)","(0.17561 0.84426 -0.02564)","(0.21271 0.85458 -0.04148)","(-0.20532 0.82991 0.28478)","(-0.14172 0.85934 0.30144)","(-0.14863 0.87232 0.27354)","(-0.14315 0.94435 0.33460)","(0.12532 0.69191 -0.06436)","(0.14535 0.69624 -0.09386)","(0.11090 0.75508 -0.04509)"
223,3.6667,2,0.6500,2,1,grip_normal,two_hand_one_hand,hand_right,hand_right,0.000000,0.595299,0.038084,-1.000000,1.000000,-1.000000,false,3,true,true,0.499782,0.972929,-0.018962,-0.971269,0.500218,1.018962,0.068787,0.041631,"(-0.23918 0.91342 0.29855)","(-0.25882 0.85582 0.33060)","(0.17561 0.84426 -0.02564)","(0.21271 0.85458 -0.04148)","(-0.20532 0.82991 0.28478)","(-0.14172 0.85934 0.30144)","(-0.14863 0.87232 0.27354)","(-0.14315 0.94435 0.33460)","(0.12532 0.69191 -0.06436)","(0.14535 0.69624 -0.09386)","(0.11090 0.75508 -0.04509)"
224,3.6833,2,0.6667,2,1,grip_normal,two_hand_one_hand,hand_right,hand_right,0.000000,0.595299,0.038084,-1.000000,1.000000,-1.000000,false,3,true,true,0.499782,0.972929,-0.018962,-0.971269,0.500218,1.018962,0.068787,0.041631,"(-0.23918 0.91342 0.29855)","(-0.25882 0.85582 0.33060)","(0.17561 0.84426 -0.02564)","(0.21271 0.85458 -0.04148)","(-0.20532 0.82991 0.28478)","(-0.14172 0.85934 0.30144)","(-0.14863 0.87232 0.27354)","(-0.14315 0.94435 0.33460)","(0.12532 0.69191 -0.06436)","(0.14535 0.69624 -0.09386)","(0.11090 0.75508 -0.04509)"
225,3.7000,2,0.6833,2,1,grip_normal,two_hand_one_hand,hand_right,hand_right,0.000000,0.595299,0.038084,-1.000000,1.000000,-1.000000,false,3,true,true,0.499782,0.972929,-0.018962,-0.971269,0.500218,1.018962,0.068787,0.041631,"(-0.23918 0.91342 0.29855)","(-0.25882 0.85582 0.33060)","(0.17561 0.84426 -0.02564)","(0.21271 0.85458 -0.04148)","(-0.20532 0.82991 0.28478)","(-0.14172 0.85934 0.30144)","(-0.14863 0.87232 0.27354)","(-0.14315 0.94435 0.33460)","(0.12532 0.69191 -0.06436)","(0.14535 0.69624 -0.09386)","(0.11090 0.75508 -0.04509)"
226,3.7167,2,0.7000,2,1,grip_normal,two_hand_one_hand,hand_right,hand_right,0.000000,0.595299,0.038084,-1.000000,1.000000,-1.000000,false,3,true,true,0.499782,0.972929,-0.018962,-0.971269,0.500218,1.018962,0.068787,0.041631,"(-0.23918 0.91342 0.29855)","(-0.25882 0.85582 0.33060)","(0.17561 0.84426 -0.02564)","(0.21271 0.85458 -0.04148)","(-0.20532 0.82991 0.28478)","(-0.14172 0.85934 0.30144)","(-0.14863 0.87232 0.27354)","(-0.14315 0.94435 0.33460)","(0.12532 0.69191 -0.06436)","(0.14535 0.69624 -0.09386)","(0.11090 0.75508 -0.04509)"
227,3.7333,2,0.7167,2,1,grip_normal,two_hand_one_hand,hand_right,hand_right,0.000000,0.595299,0.038084,-1.000000,1.000000,-1.000000,false,3,true,true,0.499782,0.972929,-0.018962,-0.971269,0.500218,1.018962,0.068787,0.041631,"(-0.23918 0.91342 0.29855)","(-0.25882 0.85582 0.33060)","(0.17561 0.84426 -0.02564)","(0.21271 0.85458 -0.04148)","(-0.20532 0.82991 0.28478)","(-0.14172 0.85934 0.30144)","(-0.14863 0.87232 0.27354)","(-0.14315 0.94435 0.33460)","(0.12532 0.69191 -0.06436)","(0.14535 0.69624 -0.09386)","(0.11090 0.75508 -0.04509)"
228,3.7500,2,0.7333,2,1,grip_normal,two_hand_one_hand,hand_right,hand_right,0.000000,0.595299,0.038084,-1.000000,1.000000,-1.000000,false,3,true,true,0.499782,0.972929,-0.018962,-0.971269,0.500218,1.018962,0.068787,0.041631,"(-0.23918 0.91342 0.29855)","(-0.25882 0.85582 0.33060)","(0.17561 0.84426 -0.02564)","(0.21271 0.85458 -0.04148)","(-0.20532 0.82991 0.28478)","(-0.14172 0.85934 0.30144)","(-0.14863 0.87232 0.27354)","(-0.14315 0.94435 0.33460)","(0.12532 0.69191 -0.06436)","(0.14535 0.69624 -0.09386)","(0.11090 0.75508 -0.04509)"
229,3.7667,2,0.7500,2,1,grip_normal,two_hand_one_hand,hand_right,hand_right,0.000000,0.595299,0.038084,-1.000000,1.000000,-1.000000,false,3,true,true,0.499782,0.972929,-0.018962,-0.971269,0.500218,1.018962,0.068787,0.041631,"(-0.23918 0.91342 0.29855)","(-0.25882 0.85582 0.33060)","(0.17561 0.84426 -0.02564)","(0.21271 0.85458 -0.04148)","(-0.20532 0.82991 0.28478)","(-0.14172 0.85934 0.30144)","(-0.14863 0.87232 0.27354)","(-0.14315 0.94435 0.33460)","(0.12532 0.69191 -0.06436)","(0.14535 0.69624 -0.09386)","(0.11090 0.75508 -0.04509)"
230,3.7833,2,0.7667,2,1,grip_normal,two_hand_one_hand,hand_right,hand_right,0.000000,0.595299,0.038084,-1.000000,1.000000,-1.000000,false,3,true,true,0.499782,0.972929,-0.018962,-0.971269,0.500218,1.018962,0.068787,0.041631,"(-0.23918 0.91342 0.29855)","(-0.25882 0.85582 0.33060)","(0.17561 0.84426 -0.02564)","(0.21271 0.85458 -0.04148)","(-0.20532 0.82991 0.28478)","(-0.14172 0.85934 0.30144)","(-0.14863 0.87232 0.27354)","(-0.14315 0.94435 0.33460)","(0.12532 0.69191 -0.06436)","(0.14535 0.69624 -0.09386)","(0.11090 0.75508 -0.04509)"
231,3.8000,2,0.7833,2,1,grip_normal,two_hand_one_hand,hand_right,hand_right,0.000000,0.595299,0.038084,-1.000000,1.000000,-1.000000,false,3,true,true,0.499782,0.972929,-0.018962,-0.971269,0.500218,1.018962,0.068787,0.041631,"(-0.23918 0.91342 0.29855)","(-0.25882 0.85582 0.33060)","(0.17561 0.84426 -0.02564)","(0.21271 0.85458 -0.04148)","(-0.20532 0.82991 0.28478)","(-0.14172 0.85934 0.30144)","(-0.14863 0.87232 0.27354)","(-0.14315 0.94435 0.33460)","(0.12532 0.69191 -0.06436)","(0.14535 0.69624 -0.09386)","(0.11090 0.75508 -0.04509)"
232,3.8167,2,0.8000,2,1,grip_normal,two_hand_one_hand,hand_right,hand_right,0.000000,0.595299,0.038084,-1.000000,1.000000,-1.000000,false,3,true,true,0.499782,0.972929,-0.018962,-0.971269,0.500218,1.018962,0.068787,0.041631,"(-0.23918 0.91342 0.29855)","(-0.25882 0.85582 0.33060)","(0.17561 0.84426 -0.02564)","(0.21271 0.85458 -0.04148)","(-0.20532 0.82991 0.28478)","(-0.14172 0.85934 0.30144)","(-0.14863 0.87232 0.27354)","(-0.14315 0.94435 0.33460)","(0.12532 0.69191 -0.06436)","(0.14535 0.69624 -0.09386)","(0.11090 0.75508 -0.04509)"
233,3.8333,2,0.8167,2,1,grip_normal,two_hand_one_hand,hand_right,hand_right,0.000000,0.595299,0.038084,-1.000000,1.000000,-1.000000,false,3,true,true,0.499782,0.972929,-0.018962,-0.971269,0.500218,1.018962,0.068787,0.041631,"(-0.23918 0.91342 0.29855)","(-0.25882 0.85582 0.33060)","(0.17561 0.84426 -0.02564)","(0.21271 0.85458 -0.04148)","(-0.20532 0.82991 0.28478)","(-0.14172 0.85934 0.30144)","(-0.14863 0.87232 0.27354)","(-0.14315 0.94435 0.33460)","(0.12532 0.69191 -0.06436)","(0.14535 0.69624 -0.09386)","(0.11090 0.75508 -0.04509)"
234,3.8500,2,0.8333,2,1,grip_normal,two_hand_one_hand,hand_right,hand_right,0.000000,0.595299,0.038084,-1.000000,1.000000,-1.000000,false,3,true,true,0.499782,0.972929,-0.018962,-0.971269,0.500218,1.018962,0.068787,0.041631,"(-0.23918 0.91342 0.29855)","(-0.25882 0.85582 0.33060)","(0.17561 0.84426 -0.02564)","(0.21271 0.85458 -0.04148)","(-0.20532 0.82991 0.28478)","(-0.14172 0.85934 0.30144)","(-0.14863 0.87232 0.27354)","(-0.14315 0.94435 0.33460)","(0.12532 0.69191 -0.06436)","(0.14535 0.69624 -0.09386)","(0.11090 0.75508 -0.04509)"
235,3.8667,2,0.8500,2,1,grip_normal,two_hand_one_hand,hand_right,hand_right,0.000000,0.595299,0.038084,-1.000000,1.000000,-1.000000,false,3,true,true,0.499782,0.972929,-0.018962,-0.971269,0.500218,1.018962,0.068787,0.041631,"(-0.23918 0.91342 0.29855)","(-0.25882 0.85582 0.33060)","(0.17561 0.84426 -0.02564)","(0.21271 0.85458 -0.04148)","(-0.20532 0.82991 0.28478)","(-0.14172 0.85934 0.30144)","(-0.14863 0.87232 0.27354)","(-0.14315 0.94435 0.33460)","(0.12532 0.69191 -0.06436)","(0.14535 0.69624 -0.09386)","(0.11090 0.75508 -0.04509)"
236,3.8833,2,0.8667,2,1,grip_normal,two_hand_one_hand,hand_right,hand_right,0.000000,0.595299,0.038084,-1.000000,1.000000,-1.000000,false,3,true,true,0.499782,0.972929,-0.018962,-0.971269,0.500218,1.018962,0.068787,0.041631,"(-0.23918 0.91342 0.29855)","(-0.25882 0.85582 0.33060)","(0.17561 0.84426 -0.02564)","(0.21271 0.85458 -0.04148)","(-0.20532 0.82991 0.28478)","(-0.14172 0.85934 0.30144)","(-0.14863 0.87232 0.27354)","(-0.14315 0.94435 0.33460)","(0.12532 0.69191 -0.06436)","(0.14535 0.69624 -0.09386)","(0.11090 0.75508 -0.04509)"
237,3.9000,2,0.8833,2,1,grip_normal,two_hand_one_hand,hand_right,hand_right,0.000000,0.595299,0.038084,-1.000000,1.000000,-1.000000,false,3,true,true,0.499782,0.972929,-0.018962,-0.971269,0.500218,1.018962,0.068787,0.041631,"(-0.23918 0.91342 0.29855)","(-0.25882 0.85582 0.33060)","(0.17561 0.84426 -0.02564)","(0.21271 0.85458 -0.04148)","(-0.20532 0.82991 0.28478)","(-0.14172 0.85934 0.30144)","(-0.14863 0.87232 0.27354)","(-0.14315 0.94435 0.33460)","(0.12532 0.69191 -0.06436)","(0.14535 0.69624 -0.09386)","(0.11090 0.75508 -0.04509)"
238,3.9167,2,0.9000,2,1,grip_normal,two_hand_one_hand,hand_right,hand_right,0.000000,0.595299,0.038084,-1.000000,1.000000,-1.000000,false,3,true,true,0.499782,0.972929,-0.018962,-0.971269,0.500218,1.018962,0.068787,0.041631,"(-0.23918 0.91342 0.29855)","(-0.25882 0.85582 0.33060)","(0.17561 0.84426 -0.02564)","(0.21271 0.85458 -0.04148)","(-0.20532 0.82991 0.28478)","(-0.14172 0.85934 0.30144)","(-0.14863 0.87232 0.27354)","(-0.14315 0.94435 0.33460)","(0.12532 0.69191 -0.06436)","(0.14535 0.69624 -0.09386)","(0.11090 0.75508 -0.04509)"
239,3.9333,2,0.9167,2,1,grip_normal,two_hand_one_hand,hand_right,hand_right,0.000000,0.595299,0.038084,-1.000000,1.000000,-1.000000,false,3,true,true,0.499782,0.972929,-0.018962,-0.971269,0.500218,1.018962,0.068787,0.041631,"(-0.23918 0.91342 0.29855)","(-0.25882 0.85582 0.33060)","(0.17561 0.84426 -0.02564)","(0.21271 0.85458 -0.04148)","(-0.20532 0.82991 0.28478)","(-0.14172 0.85934 0.30144)","(-0.14863 0.87232 0.27354)","(-0.14315 0.94435 0.33460)","(0.12532 0.69191 -0.06436)","(0.14535 0.69624 -0.09386)","(0.11090 0.75508 -0.04509)"
240,3.9500,2,0.9333,2,1,grip_normal,two_hand_one_hand,hand_right,hand_right,0.000000,0.595299,0.038084,-1.000000,1.000000,-1.000000,false,3,true,true,0.499782,0.972929,-0.018962,-0.971269,0.500218,1.018962,0.068787,0.041631,"(-0.23918 0.91342 0.29855)","(-0.25882 0.85582 0.33060)","(0.17561 0.84426 -0.02564)","(0.21271 0.85458 -0.04148)","(-0.20532 0.82991 0.28478)","(-0.14172 0.85934 0.30144)","(-0.14863 0.87232 0.27354)","(-0.14315 0.94435 0.33460)","(0.12532 0.69191 -0.06436)","(0.14535 0.69624 -0.09386)","(0.11090 0.75508 -0.04509)"
241,3.9667,2,0.9500,2,1,grip_normal,two_hand_one_hand,hand_right,hand_right,0.000000,0.595299,0.038084,-1.000000,1.000000,-1.000000,false,3,true,true,0.499782,0.972929,-0.018962,-0.971269,0.500218,1.018962,0.068787,0.041631,"(-0.23918 0.91342 0.29855)","(-0.25882 0.85582 0.33060)","(0.17561 0.84426 -0.02564)","(0.21271 0.85458 -0.04148)","(-0.20532 0.82991 0.28478)","(-0.14172 0.85934 0.30144)","(-0.14863 0.87232 0.27354)","(-0.14315 0.94435 0.33460)","(0.12532 0.69191 -0.06436)","(0.14535 0.69624 -0.09386)","(0.11090 0.75508 -0.04509)"
242,3.9833,2,0.9667,2,1,grip_normal,two_hand_one_hand,hand_right,hand_right,0.000000,0.595299,0.038084,-1.000000,1.000000,-1.000000,false,3,true,true,0.499782,0.972929,-0.018962,-0.971269,0.500218,1.018962,0.068787,0.041631,"(-0.23918 0.91342 0.29855)","(-0.25882 0.85582 0.33060)","(0.17561 0.84426 -0.02564)","(0.21271 0.85458 -0.04148)","(-0.20532 0.82991 0.28478)","(-0.14172 0.85934 0.30144)","(-0.14863 0.87232 0.27354)","(-0.14315 0.94435 0.33460)","(0.12532 0.69191 -0.06436)","(0.14535 0.69624 -0.09386)","(0.11090 0.75508 -0.04509)"
243,4.0000,2,0.9833,2,1,grip_normal,two_hand_one_hand,hand_right,hand_right,0.000000,0.595299,0.038084,-1.000000,1.000000,-1.000000,false,3,true,true,0.499782,0.972929,-0.018962,-0.971269,0.500218,1.018962,0.068787,0.041631,"(-0.23918 0.91342 0.29855)","(-0.25882 0.85582 0.33060)","(0.17561 0.84426 -0.02564)","(0.21271 0.85458 -0.04148)","(-0.20532 0.82991 0.28478)","(-0.14172 0.85934 0.30144)","(-0.14863 0.87232 0.27354)","(-0.14315 0.94435 0.33460)","(0.12532 0.69191 -0.06436)","(0.14535 0.69624 -0.09386)","(0.11090 0.75508 -0.04509)"
244,4.0167,2,1.0000,2,1,grip_normal,two_hand_one_hand,hand_right,hand_right,0.000000,0.595299,0.038084,-1.000000,1.000000,-1.000000,false,3,true,true,0.499782,0.972929,-0.018962,-0.971269,0.500218,1.018962,0.068787,0.041631,"(-0.23918 0.91342 0.29855)","(-0.25882 0.85582 0.33060)","(0.17561 0.84426 -0.02564)","(0.21271 0.85458 -0.04148)","(-0.20532 0.82991 0.28478)","(-0.14172 0.85934 0.30144)","(-0.14863 0.87232 0.27354)","(-0.14315 0.94435 0.33460)","(0.12532 0.69191 -0.06436)","(0.14535 0.69624 -0.09386)","(0.11090 0.75508 -0.04509)"
245,4.0333,2,1.0167,2,1,grip_normal,two_hand_one_hand,hand_right,hand_right,0.000000,0.595299,0.038084,-1.000000,1.000000,-1.000000,false,3,true,true,0.499782,0.972929,-0.018962,-0.971269,0.500218,1.018962,0.068787,0.041631,"(-0.23918 0.91342 0.29855)","(-0.25882 0.85582 0.33060)","(0.17561 0.84426 -0.02564)","(0.21271 0.85458 -0.04148)","(-0.20532 0.82991 0.28478)","(-0.14172 0.85934 0.30144)","(-0.14863 0.87232 0.27354)","(-0.14315 0.94435 0.33460)","(0.12532 0.69191 -0.06436)","(0.14535 0.69624 -0.09386)","(0.11090 0.75508 -0.04509)"
246,4.0500,2,1.0333,2,1,grip_normal,two_hand_one_hand,hand_right,hand_right,0.000000,0.595299,0.038084,-1.000000,1.000000,-1.000000,false,3,true,true,0.499782,0.972929,-0.018962,-0.971269,0.500218,1.018962,0.068787,0.041631,"(-0.23918 0.91342 0.29855)","(-0.25882 0.85582 0.33060)","(0.17561 0.84426 -0.02564)","(0.21271 0.85458 -0.04148)","(-0.20532 0.82991 0.28478)","(-0.14172 0.85934 0.30144)","(-0.14863 0.87232 0.27354)","(-0.14315 0.94435 0.33460)","(0.12532 0.69191 -0.06436)","(0.14535 0.69624 -0.09386)","(0.11090 0.75508 -0.04509)"
247,4.0667,2,1.0500,2,1,grip_normal,two_hand_one_hand,hand_right,hand_right,0.000000,0.595299,0.038084,-1.000000,1.000000,-1.000000,false,3,true,true,0.499782,0.972929,-0.018962,-0.971269,0.500218,1.018962,0.068787,0.041631,"(-0.23918 0.91342 0.29855)","(-0.25882 0.85582 0.33060)","(0.17561 0.84426 -0.02564)","(0.21271 0.85458 -0.04148)","(-0.20532 0.82991 0.28478)","(-0.14172 0.85934 0.30144)","(-0.14863 0.87232 0.27354)","(-0.14315 0.94435 0.33460)","(0.12532 0.69191 -0.06436)","(0.14535 0.69624 -0.09386)","(0.11090 0.75508 -0.04509)"
248,4.0833,2,1.0667,2,1,grip_normal,two_hand_one_hand,hand_right,hand_right,0.000000,0.595299,0.038084,-1.000000,1.000000,-1.000000,false,3,true,true,0.499782,0.972929,-0.018962,-0.971269,0.500218,1.018962,0.068787,0.041631,"(-0.23918 0.91342 0.29855)","(-0.25882 0.85582 0.33060)","(0.17561 0.84426 -0.02564)","(0.21271 0.85458 -0.04148)","(-0.20532 0.82991 0.28478)","(-0.14172 0.85934 0.30144)","(-0.14863 0.87232 0.27354)","(-0.14315 0.94435 0.33460)","(0.12532 0.69191 -0.06436)","(0.14535 0.69624 -0.09386)","(0.11090 0.75508 -0.04509)"
249,4.1000,2,1.0833,2,1,grip_normal,two_hand_one_hand,hand_right,hand_right,0.000000,0.595299,0.038084,-1.000000,1.000000,-1.000000,false,3,true,true,0.499782,0.972929,-0.018962,-0.971269,0.500218,1.018962,0.068787,0.041631,"(-0.23918 0.91342 0.29855)","(-0.25882 0.85582 0.33060)","(0.17561 0.84426 -0.02564)","(0.21271 0.85458 -0.04148)","(-0.20532 0.82991 0.28478)","(-0.14172 0.85934 0.30144)","(-0.14863 0.87232 0.27354)","(-0.14315 0.94435 0.33460)","(0.12532 0.69191 -0.06436)","(0.14535 0.69624 -0.09386)","(0.11090 0.75508 -0.04509)"
250,4.1167,2,1.1000,2,1,grip_normal,two_hand_one_hand,hand_right,hand_right,0.000000,0.595299,0.038084,-1.000000,1.000000,-1.000000,false,3,true,true,0.499782,0.972929,-0.018962,-0.971269,0.500218,1.018962,0.068787,0.041631,"(-0.23918 0.91342 0.29855)","(-0.25882 0.85582 0.33060)","(0.17561 0.84426 -0.02564)","(0.21271 0.85458 -0.04148)","(-0.20532 0.82991 0.28478)","(-0.14172 0.85934 0.30144)","(-0.14863 0.87232 0.27354)","(-0.14315 0.94435 0.33460)","(0.12532 0.69191 -0.06436)","(0.14535 0.69624 -0.09386)","(0.11090 0.75508 -0.04509)"
251,4.1333,2,1.1167,2,1,grip_normal,two_hand_one_hand,hand_right,hand_right,0.000000,0.595299,0.038084,-1.000000,1.000000,-1.000000,false,3,true,true,0.499782,0.972929,-0.018962,-0.971269,0.500218,1.018962,0.068787,0.041631,"(-0.23918 0.91342 0.29855)","(-0.25882 0.85582 0.33060)","(0.17561 0.84426 -0.02564)","(0.21271 0.85458 -0.04148)","(-0.20532 0.82991 0.28478)","(-0.14172 0.85934 0.30144)","(-0.14863 0.87232 0.27354)","(-0.14315 0.94435 0.33460)","(0.12532 0.69191 -0.06436)","(0.14535 0.69624 -0.09386)","(0.11090 0.75508 -0.04509)"
252,4.1500,2,1.1333,2,1,grip_normal,two_hand_one_hand,hand_right,hand_right,0.000000,0.595299,0.038084,-1.000000,1.000000,-1.000000,false,3,true,true,0.499782,0.972929,-0.018962,-0.971269,0.500218,1.018962,0.068787,0.041631,"(-0.23918 0.91342 0.29855)","(-0.25882 0.85582 0.33060)","(0.17561 0.84426 -0.02564)","(0.21271 0.85458 -0.04148)","(-0.20532 0.82991 0.28478)","(-0.14172 0.85934 0.30144)","(-0.14863 0.87232 0.27354)","(-0.14315 0.94435 0.33460)","(0.12532 0.69191 -0.06436)","(0.14535 0.69624 -0.09386)","(0.11090 0.75508 -0.04509)"
253,4.1667,2,1.1500,2,1,grip_normal,two_hand_one_hand,hand_right,hand_right,0.000000,0.595299,0.038084,-1.000000,1.000000,-1.000000,false,3,true,true,0.499782,0.972929,-0.018962,-0.971269,0.500218,1.018962,0.068787,0.041631,"(-0.23918 0.91342 0.29855)","(-0.25882 0.85582 0.33060)","(0.17561 0.84426 -0.02564)","(0.21271 0.85458 -0.04148)","(-0.20532 0.82991 0.28478)","(-0.14172 0.85934 0.30144)","(-0.14863 0.87232 0.27354)","(-0.14315 0.94435 0.33460)","(0.12532 0.69191 -0.06436)","(0.14535 0.69624 -0.09386)","(0.11090 0.75508 -0.04509)"
254,4.1833,2,1.1667,2,1,grip_normal,two_hand_one_hand,hand_right,hand_right,0.000000,0.595299,0.038084,-1.000000,1.000000,-1.000000,false,3,true,true,0.499782,0.972929,-0.018962,-0.971269,0.500218,1.018962,0.068787,0.041631,"(-0.23918 0.91342 0.29855)","(-0.25882 0.85582 0.33060)","(0.17561 0.84426 -0.02564)","(0.21271 0.85458 -0.04148)","(-0.20532 0.82991 0.28478)","(-0.14172 0.85934 0.30144)","(-0.14863 0.87232 0.27354)","(-0.14315 0.94435 0.33460)","(0.12532 0.69191 -0.06436)","(0.14535 0.69624 -0.09386)","(0.11090 0.75508 -0.04509)"
255,4.2000,2,1.1833,2,1,grip_normal,two_hand_one_hand,hand_right,hand_right,0.000000,0.595299,0.038084,-1.000000,1.000000,-1.000000,false,3,true,true,0.499782,0.972929,-0.018962,-0.971269,0.500218,1.018962,0.068787,0.041631,"(-0.23918 0.91342 0.29855)","(-0.25882 0.85582 0.33060)","(0.17561 0.84426 -0.02564)","(0.21271 0.85458 -0.04148)","(-0.20532 0.82991 0.28478)","(-0.14172 0.85934 0.30144)","(-0.14863 0.87232 0.27354)","(-0.14315 0.94435 0.33460)","(0.12532 0.69191 -0.06436)","(0.14535 0.69624 -0.09386)","(0.11090 0.75508 -0.04509)"
256,4.2167,2,1.2000,2,1,grip_normal,two_hand_one_hand,hand_right,hand_right,0.000000,0.595299,0.038084,-1.000000,1.000000,-1.000000,false,3,true,true,0.499782,0.972929,-0.018962,-0.971269,0.500218,1.018962,0.068787,0.041631,"(-0.23918 0.91342 0.29855)","(-0.25882 0.85582 0.33060)","(0.17561 0.84426 -0.02564)","(0.21271 0.85458 -0.04148)","(-0.20532 0.82991 0.28478)","(-0.14172 0.85934 0.30144)","(-0.14863 0.87232 0.27354)","(-0.14315 0.94435 0.33460)","(0.12532 0.69191 -0.06436)","(0.14535 0.69624 -0.09386)","(0.11090 0.75508 -0.04509)"
257,4.2333,2,1.2167,2,1,grip_normal,two_hand_one_hand,hand_right,hand_right,0.000000,0.595299,0.038084,-1.000000,1.000000,-1.000000,false,3,true,true,0.499782,0.972929,-0.018962,-0.971269,0.500218,1.018962,0.068787,0.041631,"(-0.23918 0.91342 0.29855)","(-0.25882 0.85582 0.33060)","(0.17561 0.84426 -0.02564)","(0.21271 0.85458 -0.04148)","(-0.20532 0.82991 0.28478)","(-0.14172 0.85934 0.30144)","(-0.14863 0.87232 0.27354)","(-0.14315 0.94435 0.33460)","(0.12532 0.69191 -0.06436)","(0.14535 0.69624 -0.09386)","(0.11090 0.75508 -0.04509)"
258,4.2500,2,1.2333,2,1,grip_normal,two_hand_one_hand,hand_right,hand_right,0.000000,0.595299,0.038084,-1.000000,1.000000,-1.000000,false,3,true,true,0.499782,0.972929,-0.018962,-0.971269,0.500218,1.018962,0.068787,0.041631,"(-0.23918 0.91342 0.29855)","(-0.25882 0.85582 0.33060)","(0.17561 0.84426 -0.02564)","(0.21271 0.85458 -0.04148)","(-0.20532 0.82991 0.28478)","(-0.14172 0.85934 0.30144)","(-0.14863 0.87232 0.27354)","(-0.14315 0.94435 0.33460)","(0.12532 0.69191 -0.06436)","(0.14535 0.69624 -0.09386)","(0.11090 0.75508 -0.04509)"
259,4.2667,2,1.2500,2,1,grip_normal,two_hand_one_hand,hand_right,hand_right,0.000000,0.595299,0.038084,-1.000000,1.000000,-1.000000,false,3,true,true,0.499782,0.972929,-0.018962,-0.971269,0.500218,1.018962,0.068787,0.041631,"(-0.23918 0.91342 0.29855)","(-0.25882 0.85582 0.33060)","(0.17561 0.84426 -0.02564)","(0.21271 0.85458 -0.04148)","(-0.20532 0.82991 0.28478)","(-0.14172 0.85934 0.30144)","(-0.14863 0.87232 0.27354)","(-0.14315 0.94435 0.33460)","(0.12532 0.69191 -0.06436)","(0.14535 0.69624 -0.09386)","(0.11090 0.75508 -0.04509)"
260,4.2833,2,1.2667,2,1,grip_normal,two_hand_one_hand,hand_right,hand_right,0.000000,0.595299,0.038084,-1.000000,1.000000,-1.000000,false,3,true,true,0.499782,0.972929,-0.018962,-0.971269,0.500218,1.018962,0.068787,0.041631,"(-0.23918 0.91342 0.29855)","(-0.25882 0.85582 0.33060)","(0.17561 0.84426 -0.02564)","(0.21271 0.85458 -0.04148)","(-0.20532 0.82991 0.28478)","(-0.14172 0.85934 0.30144)","(-0.14863 0.87232 0.27354)","(-0.14315 0.94435 0.33460)","(0.12532 0.69191 -0.06436)","(0.14535 0.69624 -0.09386)","(0.11090 0.75508 -0.04509)"
261,4.3000,2,1.2833,2,1,grip_normal,two_hand_one_hand,hand_right,hand_right,0.000000,0.595299,0.038084,-1.000000,1.000000,-1.000000,false,3,true,true,0.499782,0.972929,-0.018962,-0.971269,0.500218,1.018962,0.068787,0.041631,"(-0.23918 0.91342 0.29855)","(-0.25882 0.85582 0.33060)","(0.17561 0.84426 -0.02564)","(0.21271 0.85458 -0.04148)","(-0.20532 0.82991 0.28478)","(-0.14172 0.85934 0.30144)","(-0.14863 0.87232 0.27354)","(-0.14315 0.94435 0.33460)","(0.12532 0.69191 -0.06436)","(0.14535 0.69624 -0.09386)","(0.11090 0.75508 -0.04509)"
262,4.3167,2,1.3000,2,1,grip_normal,two_hand_one_hand,hand_right,hand_right,0.000000,0.595299,0.038084,-1.000000,1.000000,-1.000000,false,3,true,true,0.499782,0.972929,-0.018962,-0.971269,0.500218,1.018962,0.068787,0.041631,"(-0.23918 0.91342 0.29855)","(-0.25882 0.85582 0.33060)","(0.17561 0.84426 -0.02564)","(0.21271 0.85458 -0.04148)","(-0.20532 0.82991 0.28478)","(-0.14172 0.85934 0.30144)","(-0.14863 0.87232 0.27354)","(-0.14315 0.94435 0.33460)","(0.12532 0.69191 -0.06436)","(0.14535 0.69624 -0.09386)","(0.11090 0.75508 -0.04509)"
263,4.3333,2,1.3167,2,1,grip_normal,two_hand_one_hand,hand_right,hand_right,0.000000,0.595299,0.038084,-1.000000,1.000000,-1.000000,false,3,true,true,0.499782,0.972929,-0.018962,-0.971269,0.500218,1.018962,0.068787,0.041631,"(-0.23918 0.91342 0.29855)","(-0.25882 0.85582 0.33060)","(0.17561 0.84426 -0.02564)","(0.21271 0.85458 -0.04148)","(-0.20532 0.82991 0.28478)","(-0.14172 0.85934 0.30144)","(-0.14863 0.87232 0.27354)","(-0.14315 0.94435 0.33460)","(0.12532 0.69191 -0.06436)","(0.14535 0.69624 -0.09386)","(0.11090 0.75508 -0.04509)"
264,4.3500,2,1.3333,2,1,grip_normal,two_hand_one_hand,hand_right,hand_right,0.000000,0.595299,0.038084,-1.000000,1.000000,-1.000000,false,3,true,true,0.499782,0.972929,-0.018962,-0.971269,0.500218,1.018962,0.068787,0.041631,"(-0.23918 0.91342 0.29855)","(-0.25882 0.85582 0.33060)","(0.17561 0.84426 -0.02564)","(0.21271 0.85458 -0.04148)","(-0.20532 0.82991 0.28478)","(-0.14172 0.85934 0.30144)","(-0.14863 0.87232 0.27354)","(-0.14315 0.94435 0.33460)","(0.12532 0.69191 -0.06436)","(0.14535 0.69624 -0.09386)","(0.11090 0.75508 -0.04509)"
265,4.3667,2,1.3500,2,1,grip_normal,two_hand_one_hand,hand_right,hand_right,0.000000,0.595299,0.038084,-1.000000,1.000000,-1.000000,false,3,true,true,0.499782,0.972929,-0.018962,-0.971269,0.500218,1.018962,0.068787,0.041631,"(-0.23918 0.91342 0.29855)","(-0.25882 0.85582 0.33060)","(0.17561 0.84426 -0.02564)","(0.21271 0.85458 -0.04148)","(-0.20532 0.82991 0.28478)","(-0.14172 0.85934 0.30144)","(-0.14863 0.87232 0.27354)","(-0.14315 0.94435 0.33460)","(0.12532 0.69191 -0.06436)","(0.14535 0.69624 -0.09386)","(0.11090 0.75508 -0.04509)"
266,4.3833,2,1.3667,2,1,grip_normal,two_hand_one_hand,hand_right,hand_right,0.000000,0.595299,0.038084,-1.000000,1.000000,-1.000000,false,3,true,true,0.499782,0.972929,-0.018962,-0.971269,0.500218,1.018962,0.068787,0.041631,"(-0.23918 0.91342 0.29855)","(-0.25882 0.85582 0.33060)","(0.17561 0.84426 -0.02564)","(0.21271 0.85458 -0.04148)","(-0.20532 0.82991 0.28478)","(-0.14172 0.85934 0.30144)","(-0.14863 0.87232 0.27354)","(-0.14315 0.94435 0.33460)","(0.12532 0.69191 -0.06436)","(0.14535 0.69624 -0.09386)","(0.11090 0.75508 -0.04509)"
267,4.4000,2,1.3833,2,1,grip_normal,two_hand_one_hand,hand_right,hand_right,0.000000,0.595299,0.038084,-1.000000,1.000000,-1.000000,false,3,true,true,0.499782,0.972929,-0.018962,-0.971269,0.500218,1.018962,0.068787,0.041631,"(-0.23918 0.91342 0.29855)","(-0.25882 0.85582 0.33060)","(0.17561 0.84426 -0.02564)","(0.21271 0.85458 -0.04148)","(-0.20532 0.82991 0.28478)","(-0.14172 0.85934 0.30144)","(-0.14863 0.87232 0.27354)","(-0.14315 0.94435 0.33460)","(0.12532 0.69191 -0.06436)","(0.14535 0.69624 -0.09386)","(0.11090 0.75508 -0.04509)"
268,4.4167,2,1.4000,2,1,grip_normal,two_hand_one_hand,hand_right,hand_right,0.000000,0.595299,0.038084,-1.000000,1.000000,-1.000000,false,3,true,true,0.499782,0.972929,-0.018962,-0.971269,0.500218,1.018962,0.068787,0.041631,"(-0.23918 0.91342 0.29855)","(-0.25882 0.85582 0.33060)","(0.17561 0.84426 -0.02564)","(0.21271 0.85458 -0.04148)","(-0.20532 0.82991 0.28478)","(-0.14172 0.85934 0.30144)","(-0.14863 0.87232 0.27354)","(-0.14315 0.94435 0.33460)","(0.12532 0.69191 -0.06436)","(0.14535 0.69624 -0.09386)","(0.11090 0.75508 -0.04509)"
269,4.4333,2,1.4167,2,1,grip_normal,two_hand_one_hand,hand_right,hand_right,0.000000,0.595299,0.038084,-1.000000,1.000000,-1.000000,false,3,true,true,0.499782,0.972929,-0.018962,-0.971269,0.500218,1.018962,0.068787,0.041631,"(-0.23918 0.91342 0.29855)","(-0.25882 0.85582 0.33060)","(0.17561 0.84426 -0.02564)","(0.21271 0.85458 -0.04148)","(-0.20532 0.82991 0.28478)","(-0.14172 0.85934 0.30144)","(-0.14863 0.87232 0.27354)","(-0.14315 0.94435 0.33460)","(0.12532 0.69191 -0.06436)","(0.14535 0.69624 -0.09386)","(0.11090 0.75508 -0.04509)"
270,4.4500,2,1.4333,2,1,grip_normal,two_hand_one_hand,hand_right,hand_right,0.000000,0.595299,0.038084,-1.000000,1.000000,-1.000000,false,3,true,true,0.499782,0.972929,-0.018962,-0.971269,0.500218,1.018962,0.068787,0.041631,"(-0.23918 0.91342 0.29855)","(-0.25882 0.85582 0.33060)","(0.17561 0.84426 -0.02564)","(0.21271 0.85458 -0.04148)","(-0.20532 0.82991 0.28478)","(-0.14172 0.85934 0.30144)","(-0.14863 0.87232 0.27354)","(-0.14315 0.94435 0.33460)","(0.12532 0.69191 -0.06436)","(0.14535 0.69624 -0.09386)","(0.11090 0.75508 -0.04509)"
271,4.4667,2,1.4500,2,1,grip_normal,two_hand_one_hand,hand_right,hand_right,0.000000,0.595299,0.038084,-1.000000,1.000000,-1.000000,false,3,true,true,0.499782,0.972929,-0.018962,-0.971269,0.500218,1.018962,0.068787,0.041631,"(-0.23918 0.91342 0.29855)","(-0.25882 0.85582 0.33060)","(0.17561 0.84426 -0.02564)","(0.21271 0.85458 -0.04148)","(-0.20532 0.82991 0.28478)","(-0.14172 0.85934 0.30144)","(-0.14863 0.87232 0.27354)","(-0.14315 0.94435 0.33460)","(0.12532 0.69191 -0.06436)","(0.14535 0.69624 -0.09386)","(0.11090 0.75508 -0.04509)"
272,4.4833,2,1.4667,2,1,grip_normal,two_hand_one_hand,hand_right,hand_right,0.000000,0.595299,0.038084,-1.000000,1.000000,-1.000000,false,3,true,true,0.499782,0.972929,-0.018962,-0.971269,0.500218,1.018962,0.068787,0.041631,"(-0.23918 0.91342 0.29855)","(-0.25882 0.85582 0.33060)","(0.17561 0.84426 -0.02564)","(0.21271 0.85458 -0.04148)","(-0.20532 0.82991 0.28478)","(-0.14172 0.85934 0.30144)","(-0.14863 0.87232 0.27354)","(-0.14315 0.94435 0.33460)","(0.12532 0.69191 -0.06436)","(0.14535 0.69624 -0.09386)","(0.11090 0.75508 -0.04509)"
273,4.5000,2,1.4833,2,1,grip_normal,two_hand_one_hand,hand_right,hand_right,0.000000,0.595299,0.038084,-1.000000,1.000000,-1.000000,false,3,true,true,0.499782,0.972929,-0.018962,-0.971269,0.500218,1.018962,0.068787,0.041631,"(-0.23918 0.91342 0.29855)","(-0.25882 0.85582 0.33060)","(0.17561 0.84426 -0.02564)","(0.21271 0.85458 -0.04148)","(-0.20532 0.82991 0.28478)","(-0.14172 0.85934 0.30144)","(-0.14863 0.87232 0.27354)","(-0.14315 0.94435 0.33460)","(0.12532 0.69191 -0.06436)","(0.14535 0.69624 -0.09386)","(0.11090 0.75508 -0.04509)"
274,4.5167,2,1.5000,2,1,grip_normal,two_hand_one_hand,hand_right,hand_right,0.000000,0.595299,0.038084,-1.000000,1.000000,-1.000000,false,3,true,true,0.499782,0.972929,-0.018962,-0.971269,0.500218,1.018962,0.068787,0.041631,"(-0.23918 0.91342 0.29855)","(-0.25882 0.85582 0.33060)","(0.17561 0.84426 -0.02564)","(0.21271 0.85458 -0.04148)","(-0.20532 0.82991 0.28478)","(-0.14172 0.85934 0.30144)","(-0.14863 0.87232 0.27354)","(-0.14315 0.94435 0.33460)","(0.12532 0.69191 -0.06436)","(0.14535 0.69624 -0.09386)","(0.11090 0.75508 -0.04509)"
275,4.5333,2,1.5167,2,1,grip_normal,two_hand_one_hand,hand_right,hand_right,0.000000,0.595299,0.038084,-1.000000,1.000000,-1.000000,false,3,true,true,0.499782,0.972929,-0.018962,-0.971269,0.500218,1.018962,0.068787,0.041631,"(-0.23918 0.91342 0.29855)","(-0.25882 0.85582 0.33060)","(0.17561 0.84426 -0.02564)","(0.21271 0.85458 -0.04148)","(-0.20532 0.82991 0.28478)","(-0.14172 0.85934 0.30144)","(-0.14863 0.87232 0.27354)","(-0.14315 0.94435 0.33460)","(0.12532 0.69191 -0.06436)","(0.14535 0.69624 -0.09386)","(0.11090 0.75508 -0.04509)"
276,4.5500,2,1.5333,2,1,grip_normal,two_hand_one_hand,hand_right,hand_right,0.000000,0.595299,0.038084,-1.000000,1.000000,-1.000000,false,3,true,true,0.499782,0.972929,-0.018962,-0.971269,0.500218,1.018962,0.068787,0.041631,"(-0.23918 0.91342 0.29855)","(-0.25882 0.85582 0.33060)","(0.17561 0.84426 -0.02564)","(0.21271 0.85458 -0.04148)","(-0.20532 0.82991 0.28478)","(-0.14172 0.85934 0.30144)","(-0.14863 0.87232 0.27354)","(-0.14315 0.94435 0.33460)","(0.12532 0.69191 -0.06436)","(0.14535 0.69624 -0.09386)","(0.11090 0.75508 -0.04509)"
277,4.5667,2,1.5500,2,1,grip_normal,two_hand_one_hand,hand_right,hand_right,0.000000,0.595299,0.038084,-1.000000,1.000000,-1.000000,false,3,true,true,0.499782,0.972929,-0.018962,-0.971269,0.500218,1.018962,0.068787,0.041631,"(-0.23918 0.91342 0.29855)","(-0.25882 0.85582 0.33060)","(0.17561 0.84426 -0.02564)","(0.21271 0.85458 -0.04148)","(-0.20532 0.82991 0.28478)","(-0.14172 0.85934 0.30144)","(-0.14863 0.87232 0.27354)","(-0.14315 0.94435 0.33460)","(0.12532 0.69191 -0.06436)","(0.14535 0.69624 -0.09386)","(0.11090 0.75508 -0.04509)"
278,4.5833,2,1.5667,2,1,grip_normal,two_hand_one_hand,hand_right,hand_right,0.000000,0.595299,0.038084,-1.000000,1.000000,-1.000000,false,3,true,true,0.499782,0.972929,-0.018962,-0.971269,0.500218,1.018962,0.068787,0.041631,"(-0.23918 0.91342 0.29855)","(-0.25882 0.85582 0.33060)","(0.17561 0.84426 -0.02564)","(0.21271 0.85458 -0.04148)","(-0.20532 0.82991 0.28478)","(-0.14172 0.85934 0.30144)","(-0.14863 0.87232 0.27354)","(-0.14315 0.94435 0.33460)","(0.12532 0.69191 -0.06436)","(0.14535 0.69624 -0.09386)","(0.11090 0.75508 -0.04509)"
279,4.6000,2,1.5833,2,1,grip_normal,two_hand_one_hand,hand_right,hand_right,0.000000,0.595299,0.038084,-1.000000,1.000000,-1.000000,false,3,true,true,0.499782,0.972929,-0.018962,-0.971269,0.500218,1.018962,0.068787,0.041631,"(-0.23918 0.91342 0.29855)","(-0.25882 0.85582 0.33060)","(0.17561 0.84426 -0.02564)","(0.21271 0.85458 -0.04148)","(-0.20532 0.82991 0.28478)","(-0.14172 0.85934 0.30144)","(-0.14863 0.87232 0.27354)","(-0.14315 0.94435 0.33460)","(0.12532 0.69191 -0.06436)","(0.14535 0.69624 -0.09386)","(0.11090 0.75508 -0.04509)"
280,4.6167,2,1.6000,2,1,grip_normal,two_hand_one_hand,hand_right,hand_right,0.000000,0.595299,0.038084,-1.000000,1.000000,-1.000000,false,3,true,true,0.499782,0.972929,-0.018962,-0.971269,0.500218,1.018962,0.068787,0.041631,"(-0.23918 0.91342 0.29855)","(-0.25882 0.85582 0.33060)","(0.17561 0.84426 -0.02564)","(0.21271 0.85458 -0.04148)","(-0.20532 0.82991 0.28478)","(-0.14172 0.85934 0.30144)","(-0.14863 0.87232 0.27354)","(-0.14315 0.94435 0.33460)","(0.12532 0.69191 -0.06436)","(0.14535 0.69624 -0.09386)","(0.11090 0.75508 -0.04509)"
281,4.6333,2,1.6167,2,1,grip_normal,two_hand_one_hand,hand_right,hand_right,0.000000,0.595299,0.038084,-1.000000,1.000000,-1.000000,false,3,true,true,0.499782,0.972929,-0.018962,-0.971269,0.500218,1.018962,0.068787,0.041631,"(-0.23918 0.91342 0.29855)","(-0.25882 0.85582 0.33060)","(0.17561 0.84426 -0.02564)","(0.21271 0.85458 -0.04148)","(-0.20532 0.82991 0.28478)","(-0.14172 0.85934 0.30144)","(-0.14863 0.87232 0.27354)","(-0.14315 0.94435 0.33460)","(0.12532 0.69191 -0.06436)","(0.14535 0.69624 -0.09386)","(0.11090 0.75508 -0.04509)"
282,4.6500,2,1.6333,2,1,grip_normal,two_hand_one_hand,hand_right,hand_right,0.000000,0.595299,0.038084,-1.000000,1.000000,-1.000000,false,3,true,true,0.499782,0.972929,-0.018962,-0.971269,0.500218,1.018962,0.068787,0.041631,"(-0.23918 0.91342 0.29855)","(-0.25882 0.85582 0.33060)","(0.17561 0.84426 -0.02564)","(0.21271 0.85458 -0.04148)","(-0.20532 0.82991 0.28478)","(-0.14172 0.85934 0.30144)","(-0.14863 0.87232 0.27354)","(-0.14315 0.94435 0.33460)","(0.12532 0.69191 -0.06436)","(0.14535 0.69624 -0.09386)","(0.11090 0.75508 -0.04509)"
283,4.6667,2,1.6500,2,1,grip_normal,two_hand_one_hand,hand_right,hand_right,0.000000,0.595299,0.038084,-1.000000,1.000000,-1.000000,false,3,true,true,0.499782,0.972929,-0.018962,-0.971269,0.500218,1.018962,0.068787,0.041631,"(-0.23918 0.91342 0.29855)","(-0.25882 0.85582 0.33060)","(0.17561 0.84426 -0.02564)","(0.21271 0.85458 -0.04148)","(-0.20532 0.82991 0.28478)","(-0.14172 0.85934 0.30144)","(-0.14863 0.87232 0.27354)","(-0.14315 0.94435 0.33460)","(0.12532 0.69191 -0.06436)","(0.14535 0.69624 -0.09386)","(0.11090 0.75508 -0.04509)"
284,4.6833,2,1.6667,2,1,grip_normal,two_hand_one_hand,hand_right,hand_right,0.000000,0.595299,0.038084,-1.000000,1.000000,-1.000000,false,3,true,true,0.499782,0.972929,-0.018962,-0.971269,0.500218,1.018962,0.068787,0.041631,"(-0.23918 0.91342 0.29855)","(-0.25882 0.85582 0.33060)","(0.17561 0.84426 -0.02564)","(0.21271 0.85458 -0.04148)","(-0.20532 0.82991 0.28478)","(-0.14172 0.85934 0.30144)","(-0.14863 0.87232 0.27354)","(-0.14315 0.94435 0.33460)","(0.12532 0.69191 -0.06436)","(0.14535 0.69624 -0.09386)","(0.11090 0.75508 -0.04509)"
285,4.7000,2,1.6833,2,1,grip_normal,two_hand_one_hand,hand_right,hand_right,0.000000,0.595299,0.038084,-1.000000,1.000000,-1.000000,false,3,true,true,0.499782,0.972929,-0.018962,-0.971269,0.500218,1.018962,0.068787,0.041631,"(-0.23918 0.91342 0.29855)","(-0.25882 0.85582 0.33060)","(0.17561 0.84426 -0.02564)","(0.21271 0.85458 -0.04148)","(-0.20532 0.82991 0.28478)","(-0.14172 0.85934 0.30144)","(-0.14863 0.87232 0.27354)","(-0.14315 0.94435 0.33460)","(0.12532 0.69191 -0.06436)","(0.14535 0.69624 -0.09386)","(0.11090 0.75508 -0.04509)"
286,4.7167,2,1.7000,2,1,grip_normal,two_hand_one_hand,hand_right,hand_right,0.000000,0.595299,0.038084,-1.000000,1.000000,-1.000000,false,3,true,true,0.499782,0.972929,-0.018962,-0.971269,0.500218,1.018962,0.068787,0.041631,"(-0.23918 0.91342 0.29855)","(-0.25882 0.85582 0.33060)","(0.17561 0.84426 -0.02564)","(0.21271 0.85458 -0.04148)","(-0.20532 0.82991 0.28478)","(-0.14172 0.85934 0.30144)","(-0.14863 0.87232 0.27354)","(-0.14315 0.94435 0.33460)","(0.12532 0.69191 -0.06436)","(0.14535 0.69624 -0.09386)","(0.11090 0.75508 -0.04509)"
287,4.7333,2,1.7167,2,1,grip_normal,two_hand_one_hand,hand_right,hand_right,0.000000,0.595299,0.038084,-1.000000,1.000000,-1.000000,false,3,true,true,0.499782,0.972929,-0.018962,-0.971269,0.500218,1.018962,0.068787,0.041631,"(-0.23918 0.91342 0.29855)","(-0.25882 0.85582 0.33060)","(0.17561 0.84426 -0.02564)","(0.21271 0.85458 -0.04148)","(-0.20532 0.82991 0.28478)","(-0.14172 0.85934 0.30144)","(-0.14863 0.87232 0.27354)","(-0.14315 0.94435 0.33460)","(0.12532 0.69191 -0.06436)","(0.14535 0.69624 -0.09386)","(0.11090 0.75508 -0.04509)"
288,4.7500,2,1.7333,2,1,grip_normal,two_hand_one_hand,hand_right,hand_right,0.000000,0.595299,0.038084,-1.000000,1.000000,-1.000000,false,3,true,true,0.499782,0.972929,-0.018962,-0.971269,0.500218,1.018962,0.068787,0.041631,"(-0.23918 0.91342 0.29855)","(-0.25882 0.85582 0.33060)","(0.17561 0.84426 -0.02564)","(0.21271 0.85458 -0.04148)","(-0.20532 0.82991 0.28478)","(-0.14172 0.85934 0.30144)","(-0.14863 0.87232 0.27354)","(-0.14315 0.94435 0.33460)","(0.12532 0.69191 -0.06436)","(0.14535 0.69624 -0.09386)","(0.11090 0.75508 -0.04509)"
289,4.7667,2,1.7500,2,1,grip_normal,two_hand_one_hand,hand_right,hand_right,0.000000,0.595299,0.038084,-1.000000,1.000000,-1.000000,false,3,true,true,0.499782,0.972929,-0.018962,-0.971269,0.500218,1.018962,0.068787,0.041631,"(-0.23918 0.91342 0.29855)","(-0.25882 0.85582 0.33060)","(0.17561 0.84426 -0.02564)","(0.21271 0.85458 -0.04148)","(-0.20532 0.82991 0.28478)","(-0.14172 0.85934 0.30144)","(-0.14863 0.87232 0.27354)","(-0.14315 0.94435 0.33460)","(0.12532 0.69191 -0.06436)","(0.14535 0.69624 -0.09386)","(0.11090 0.75508 -0.04509)"
290,4.7833,2,1.7667,2,1,grip_normal,two_hand_one_hand,hand_right,hand_right,0.000000,0.595299,0.038084,-1.000000,1.000000,-1.000000,false,3,true,true,0.499782,0.972929,-0.018962,-0.971269,0.500218,1.018962,0.068787,0.041631,"(-0.23918 0.91342 0.29855)","(-0.25882 0.85582 0.33060)","(0.17561 0.84426 -0.02564)","(0.21271 0.85458 -0.04148)","(-0.20532 0.82991 0.28478)","(-0.14172 0.85934 0.30144)","(-0.14863 0.87232 0.27354)","(-0.14315 0.94435 0.33460)","(0.12532 0.69191 -0.06436)","(0.14535 0.69624 -0.09386)","(0.11090 0.75508 -0.04509)"
291,4.8000,2,1.7833,2,1,grip_normal,two_hand_one_hand,hand_right,hand_right,0.000000,0.595299,0.038084,-1.000000,1.000000,-1.000000,false,3,true,true,0.499782,0.972929,-0.018962,-0.971269,0.500218,1.018962,0.068787,0.041631,"(-0.23918 0.91342 0.29855)","(-0.25882 0.85582 0.33060)","(0.17561 0.84426 -0.02564)","(0.21271 0.85458 -0.04148)","(-0.20532 0.82991 0.28478)","(-0.14172 0.85934 0.30144)","(-0.14863 0.87232 0.27354)","(-0.14315 0.94435 0.33460)","(0.12532 0.69191 -0.06436)","(0.14535 0.69624 -0.09386)","(0.11090 0.75508 -0.04509)"
292,4.8167,2,1.8000,2,1,grip_normal,two_hand_one_hand,hand_right,hand_right,0.000000,0.595299,0.038084,-1.000000,1.000000,-1.000000,false,3,true,true,0.499782,0.972929,-0.018962,-0.971269,0.500218,1.018962,0.068787,0.041631,"(-0.23918 0.91342 0.29855)","(-0.25882 0.85582 0.33060)","(0.17561 0.84426 -0.02564)","(0.21271 0.85458 -0.04148)","(-0.20532 0.82991 0.28478)","(-0.14172 0.85934 0.30144)","(-0.14863 0.87232 0.27354)","(-0.14315 0.94435 0.33460)","(0.12532 0.69191 -0.06436)","(0.14535 0.69624 -0.09386)","(0.11090 0.75508 -0.04509)"
293,4.8333,2,1.8167,2,1,grip_normal,two_hand_one_hand,hand_right,hand_right,0.000000,0.595299,0.038084,-1.000000,1.000000,-1.000000,false,3,true,true,0.499782,0.972929,-0.018962,-0.971269,0.500218,1.018962,0.068787,0.041631,"(-0.23918 0.91342 0.29855)","(-0.25882 0.85582 0.33060)","(0.17561 0.84426 -0.02564)","(0.21271 0.85458 -0.04148)","(-0.20532 0.82991 0.28478)","(-0.14172 0.85934 0.30144)","(-0.14863 0.87232 0.27354)","(-0.14315 0.94435 0.33460)","(0.12532 0.69191 -0.06436)","(0.14535 0.69624 -0.09386)","(0.11090 0.75508 -0.04509)"
294,4.8500,2,1.8333,2,1,grip_normal,two_hand_one_hand,hand_right,hand_right,0.000000,0.595299,0.038084,-1.000000,1.000000,-1.000000,false,3,true,true,0.499782,0.972929,-0.018962,-0.971269,0.500218,1.018962,0.068787,0.041631,"(-0.23918 0.91342 0.29855)","(-0.25882 0.85582 0.33060)","(0.17561 0.84426 -0.02564)","(0.21271 0.85458 -0.04148)","(-0.20532 0.82991 0.28478)","(-0.14172 0.85934 0.30144)","(-0.14863 0.87232 0.27354)","(-0.14315 0.94435 0.33460)","(0.12532 0.69191 -0.06436)","(0.14535 0.69624 -0.09386)","(0.11090 0.75508 -0.04509)"
295,4.8667,2,1.8500,2,1,grip_normal,two_hand_one_hand,hand_right,hand_right,0.000000,0.595299,0.038084,-1.000000,1.000000,-1.000000,false,3,true,true,0.499782,0.972929,-0.018962,-0.971269,0.500218,1.018962,0.068787,0.041631,"(-0.23918 0.91342 0.29855)","(-0.25882 0.85582 0.33060)","(0.17561 0.84426 -0.02564)","(0.21271 0.85458 -0.04148)","(-0.20532 0.82991 0.28478)","(-0.14172 0.85934 0.30144)","(-0.14863 0.87232 0.27354)","(-0.14315 0.94435 0.33460)","(0.12532 0.69191 -0.06436)","(0.14535 0.69624 -0.09386)","(0.11090 0.75508 -0.04509)"
296,4.8833,2,1.8667,2,1,grip_normal,two_hand_one_hand,hand_right,hand_right,0.000000,0.595299,0.038084,-1.000000,1.000000,-1.000000,false,3,true,true,0.499782,0.972929,-0.018962,-0.971269,0.500218,1.018962,0.068787,0.041631,"(-0.23918 0.91342 0.29855)","(-0.25882 0.85582 0.33060)","(0.17561 0.84426 -0.02564)","(0.21271 0.85458 -0.04148)","(-0.20532 0.82991 0.28478)","(-0.14172 0.85934 0.30144)","(-0.14863 0.87232 0.27354)","(-0.14315 0.94435 0.33460)","(0.12532 0.69191 -0.06436)","(0.14535 0.69624 -0.09386)","(0.11090 0.75508 -0.04509)"
297,4.9000,2,1.8833,2,1,grip_normal,two_hand_one_hand,hand_right,hand_right,0.000000,0.595299,0.038084,-1.000000,1.000000,-1.000000,false,3,true,true,0.499782,0.972929,-0.018962,-0.971269,0.500218,1.018962,0.068787,0.041631,"(-0.23918 0.91342 0.29855)","(-0.25882 0.85582 0.33060)","(0.17561 0.84426 -0.02564)","(0.21271 0.85458 -0.04148)","(-0.20532 0.82991 0.28478)","(-0.14172 0.85934 0.30144)","(-0.14863 0.87232 0.27354)","(-0.14315 0.94435 0.33460)","(0.12532 0.69191 -0.06436)","(0.14535 0.69624 -0.09386)","(0.11090 0.75508 -0.04509)"
298,4.9167,2,1.9000,2,1,grip_normal,two_hand_one_hand,hand_right,hand_right,0.000000,0.595299,0.038084,-1.000000,1.000000,-1.000000,false,3,true,true,0.499782,0.972929,-0.018962,-0.971269,0.500218,1.018962,0.068787,0.041631,"(-0.23918 0.91342 0.29855)","(-0.25882 0.85582 0.33060)","(0.17561 0.84426 -0.02564)","(0.21271 0.85458 -0.04148)","(-0.20532 0.82991 0.28478)","(-0.14172 0.85934 0.30144)","(-0.14863 0.87232 0.27354)","(-0.14315 0.94435 0.33460)","(0.12532 0.69191 -0.06436)","(0.14535 0.69624 -0.09386)","(0.11090 0.75508 -0.04509)"
299,4.9333,2,1.9167,2,1,grip_normal,two_hand_one_hand,hand_right,hand_right,0.000000,0.595299,0.038084,-1.000000,1.000000,-1.000000,false,3,true,true,0.499782,0.972929,-0.018962,-0.971269,0.500218,1.018962,0.068787,0.041631,"(-0.23918 0.91342 0.29855)","(-0.25882 0.85582 0.33060)","(0.17561 0.84426 -0.02564)","(0.21271 0.85458 -0.04148)","(-0.20532 0.82991 0.28478)","(-0.14172 0.85934 0.30144)","(-0.14863 0.87232 0.27354)","(-0.14315 0.94435 0.33460)","(0.12532 0.69191 -0.06436)","(0.14535 0.69624 -0.09386)","(0.11090 0.75508 -0.04509)"
300,4.9500,2,1.9333,2,1,grip_normal,two_hand_one_hand,hand_right,hand_right,0.000000,0.595299,0.038084,-1.000000,1.000000,-1.000000,false,3,true,true,0.499782,0.972929,-0.018962,-0.971269,0.500218,1.018962,0.068787,0.041631,"(-0.23918 0.91342 0.29855)","(-0.25882 0.85582 0.33060)","(0.17561 0.84426 -0.02564)","(0.21271 0.85458 -0.04148)","(-0.20532 0.82991 0.28478)","(-0.14172 0.85934 0.30144)","(-0.14863 0.87232 0.27354)","(-0.14315 0.94435 0.33460)","(0.12532 0.69191 -0.06436)","(0.14535 0.69624 -0.09386)","(0.11090 0.75508 -0.04509)"
301,4.9667,2,1.9500,2,1,grip_normal,two_hand_one_hand,hand_right,hand_right,0.000000,0.595299,0.038084,-1.000000,1.000000,-1.000000,false,3,true,true,0.499782,0.972929,-0.018962,-0.971269,0.500218,1.018962,0.068787,0.041631,"(-0.23918 0.91342 0.29855)","(-0.25882 0.85582 0.33060)","(0.17561 0.84426 -0.02564)","(0.21271 0.85458 -0.04148)","(-0.20532 0.82991 0.28478)","(-0.14172 0.85934 0.30144)","(-0.14863 0.87232 0.27354)","(-0.14315 0.94435 0.33460)","(0.12532 0.69191 -0.06436)","(0.14535 0.69624 -0.09386)","(0.11090 0.75508 -0.04509)"
302,4.9833,2,1.9667,2,1,grip_normal,two_hand_one_hand,hand_right,hand_right,0.000000,0.595299,0.038084,-1.000000,1.000000,-1.000000,false,3,true,true,0.499782,0.972929,-0.018962,-0.971269,0.500218,1.018962,0.068787,0.041631,"(-0.23918 0.91342 0.29855)","(-0.25882 0.85582 0.33060)","(0.17561 0.84426 -0.02564)","(0.21271 0.85458 -0.04148)","(-0.20532 0.82991 0.28478)","(-0.14172 0.85934 0.30144)","(-0.14863 0.87232 0.27354)","(-0.14315 0.94435 0.33460)","(0.12532 0.69191 -0.06436)","(0.14535 0.69624 -0.09386)","(0.11090 0.75508 -0.04509)"
303,5.0000,2,1.9833,2,1,grip_normal,two_hand_one_hand,hand_right,hand_right,0.000000,0.595299,0.038084,-1.000000,1.000000,-1.000000,false,3,true,true,0.499782,0.972929,-0.018962,-0.971269,0.500218,1.018962,0.068787,0.041631,"(-0.23918 0.91342 0.29855)","(-0.25882 0.85582 0.33060)","(0.17561 0.84426 -0.02564)","(0.21271 0.85458 -0.04148)","(-0.20532 0.82991 0.28478)","(-0.14172 0.85934 0.30144)","(-0.14863 0.87232 0.27354)","(-0.14315 0.94435 0.33460)","(0.12532 0.69191 -0.06436)","(0.14535 0.69624 -0.09386)","(0.11090 0.75508 -0.04509)"
304,5.0167,2,2.0000,2,1,grip_normal,two_hand_one_hand,hand_right,hand_right,0.000000,0.595299,0.038084,-1.000000,1.000000,-1.000000,false,3,true,true,0.499782,0.972929,-0.018962,-0.971269,0.500218,1.018962,0.068787,0.041631,"(-0.23918 0.91342 0.29855)","(-0.25882 0.85582 0.33060)","(0.17561 0.84426 -0.02564)","(0.21271 0.85458 -0.04148)","(-0.20532 0.82991 0.28478)","(-0.14172 0.85934 0.30144)","(-0.14863 0.87232 0.27354)","(-0.14315 0.94435 0.33460)","(0.12532 0.69191 -0.06436)","(0.14535 0.69624 -0.09386)","(0.11090 0.75508 -0.04509)"
305,5.0333,2,2.0167,2,1,grip_normal,two_hand_one_hand,hand_right,hand_right,0.000000,0.595299,0.038084,-1.000000,1.000000,-1.000000,false,3,true,true,0.499782,0.972929,-0.018962,-0.971269,0.500218,1.018962,0.068787,0.041631,"(-0.23918 0.91342 0.29855)","(-0.25882 0.85582 0.33060)","(0.17561 0.84426 -0.02564)","(0.21271 0.85458 -0.04148)","(-0.20532 0.82991 0.28478)","(-0.14172 0.85934 0.30144)","(-0.14863 0.87232 0.27354)","(-0.14315 0.94435 0.33460)","(0.12532 0.69191 -0.06436)","(0.14535 0.69624 -0.09386)","(0.11090 0.75508 -0.04509)"
306,5.0500,2,2.0333,2,1,grip_normal,two_hand_one_hand,hand_right,hand_right,0.000000,0.595299,0.038084,-1.000000,1.000000,-1.000000,false,3,true,true,0.499782,0.972929,-0.018962,-0.971269,0.500218,1.018962,0.068787,0.041631,"(-0.23918 0.91342 0.29855)","(-0.25882 0.85582 0.33060)","(0.17561 0.84426 -0.02564)","(0.21271 0.85458 -0.04148)","(-0.20532 0.82991 0.28478)","(-0.14172 0.85934 0.30144)","(-0.14863 0.87232 0.27354)","(-0.14315 0.94435 0.33460)","(0.12532 0.69191 -0.06436)","(0.14535 0.69624 -0.09386)","(0.11090 0.75508 -0.04509)"
307,5.0667,2,2.0500,2,1,grip_normal,two_hand_one_hand,hand_right,hand_right,0.000000,0.595299,0.038084,-1.000000,1.000000,-1.000000,false,3,true,true,0.499782,0.972929,-0.018962,-0.971269,0.500218,1.018962,0.068787,0.041631,"(-0.23918 0.91342 0.29855)","(-0.25882 0.85582 0.33060)","(0.17561 0.84426 -0.02564)","(0.21271 0.85458 -0.04148)","(-0.20532 0.82991 0.28478)","(-0.14172 0.85934 0.30144)","(-0.14863 0.87232 0.27354)","(-0.14315 0.94435 0.33460)","(0.12532 0.69191 -0.06436)","(0.14535 0.69624 -0.09386)","(0.11090 0.75508 -0.04509)"
308,5.0833,2,2.0667,2,1,grip_normal,two_hand_one_hand,hand_right,hand_right,0.000000,0.595299,0.038084,-1.000000,1.000000,-1.000000,false,3,true,true,0.499782,0.972929,-0.018962,-0.971269,0.500218,1.018962,0.068787,0.041631,"(-0.23918 0.91342 0.29855)","(-0.25882 0.85582 0.33060)","(0.17561 0.84426 -0.02564)","(0.21271 0.85458 -0.04148)","(-0.20532 0.82991 0.28478)","(-0.14172 0.85934 0.30144)","(-0.14863 0.87232 0.27354)","(-0.14315 0.94435 0.33460)","(0.12532 0.69191 -0.06436)","(0.14535 0.69624 -0.09386)","(0.11090 0.75508 -0.04509)"
309,5.1000,2,2.0833,2,1,grip_normal,two_hand_one_hand,hand_right,hand_right,0.000000,0.595299,0.038084,-1.000000,1.000000,-1.000000,false,3,true,true,0.499782,0.972929,-0.018962,-0.971269,0.500218,1.018962,0.068787,0.041631,"(-0.23918 0.91342 0.29855)","(-0.25882 0.85582 0.33060)","(0.17561 0.84426 -0.02564)","(0.21271 0.85458 -0.04148)","(-0.20532 0.82991 0.28478)","(-0.14172 0.85934 0.30144)","(-0.14863 0.87232 0.27354)","(-0.14315 0.94435 0.33460)","(0.12532 0.69191 -0.06436)","(0.14535 0.69624 -0.09386)","(0.11090 0.75508 -0.04509)"
310,5.1167,2,2.1000,2,1,grip_normal,two_hand_one_hand,hand_right,hand_right,0.000000,0.595299,0.038084,-1.000000,1.000000,-1.000000,false,3,true,true,0.499782,0.972929,-0.018962,-0.971269,0.500218,1.018962,0.068787,0.041631,"(-0.23918 0.91342 0.29855)","(-0.25882 0.85582 0.33060)","(0.17561 0.84426 -0.02564)","(0.21271 0.85458 -0.04148)","(-0.20532 0.82991 0.28478)","(-0.14172 0.85934 0.30144)","(-0.14863 0.87232 0.27354)","(-0.14315 0.94435 0.33460)","(0.12532 0.69191 -0.06436)","(0.14535 0.69624 -0.09386)","(0.11090 0.75508 -0.04509)"
311,5.1333,2,2.1167,2,1,grip_normal,two_hand_one_hand,hand_right,hand_right,0.000000,0.595299,0.038084,-1.000000,1.000000,-1.000000,false,3,true,true,0.499782,0.972929,-0.018962,-0.971269,0.500218,1.018962,0.068787,0.041631,"(-0.23918 0.91342 0.29855)","(-0.25882 0.85582 0.33060)","(0.17561 0.84426 -0.02564)","(0.21271 0.85458 -0.04148)","(-0.20532 0.82991 0.28478)","(-0.14172 0.85934 0.30144)","(-0.14863 0.87232 0.27354)","(-0.14315 0.94435 0.33460)","(0.12532 0.69191 -0.06436)","(0.14535 0.69624 -0.09386)","(0.11090 0.75508 -0.04509)"
312,5.1500,2,2.1333,2,1,grip_normal,two_hand_one_hand,hand_right,hand_right,0.000000,0.595299,0.038084,-1.000000,1.000000,-1.000000,false,3,true,true,0.499782,0.972929,-0.018962,-0.971269,0.500218,1.018962,0.068787,0.041631,"(-0.23918 0.91342 0.29855)","(-0.25882 0.85582 0.33060)","(0.17561 0.84426 -0.02564)","(0.21271 0.85458 -0.04148)","(-0.20532 0.82991 0.28478)","(-0.14172 0.85934 0.30144)","(-0.14863 0.87232 0.27354)","(-0.14315 0.94435 0.33460)","(0.12532 0.69191 -0.06436)","(0.14535 0.69624 -0.09386)","(0.11090 0.75508 -0.04509)"
313,5.1667,2,2.1500,2,1,grip_normal,two_hand_one_hand,hand_right,hand_right,0.000000,0.595299,0.038084,-1.000000,1.000000,-1.000000,false,3,true,true,0.499782,0.972929,-0.018962,-0.971269,0.500218,1.018962,0.068787,0.041631,"(-0.23918 0.91342 0.29855)","(-0.25882 0.85582 0.33060)","(0.17561 0.84426 -0.02564)","(0.21271 0.85458 -0.04148)","(-0.20532 0.82991 0.28478)","(-0.14172 0.85934 0.30144)","(-0.14863 0.87232 0.27354)","(-0.14315 0.94435 0.33460)","(0.12532 0.69191 -0.06436)","(0.14535 0.69624 -0.09386)","(0.11090 0.75508 -0.04509)"
314,5.1833,2,2.1667,2,1,grip_normal,two_hand_one_hand,hand_right,hand_right,0.000000,0.595299,0.038084,-1.000000,1.000000,-1.000000,false,3,true,true,0.499782,0.972929,-0.018962,-0.971269,0.500218,1.018962,0.068787,0.041631,"(-0.23918 0.91342 0.29855)","(-0.25882 0.85582 0.33060)","(0.17561 0.84426 -0.02564)","(0.21271 0.85458 -0.04148)","(-0.20532 0.82991 0.28478)","(-0.14172 0.85934 0.30144)","(-0.14863 0.87232 0.27354)","(-0.14315 0.94435 0.33460)","(0.12532 0.69191 -0.06436)","(0.14535 0.69624 -0.09386)","(0.11090 0.75508 -0.04509)"
315,5.2000,2,2.1833,2,1,grip_normal,two_hand_one_hand,hand_right,hand_right,0.000000,0.595299,0.038084,-1.000000,1.000000,-1.000000,false,3,true,true,0.499782,0.972929,-0.018962,-0.971269,0.500218,1.018962,0.068787,0.041631,"(-0.23918 0.91342 0.29855)","(-0.25882 0.85582 0.33060)","(0.17561 0.84426 -0.02564)","(0.21271 0.85458 -0.04148)","(-0.20532 0.82991 0.28478)","(-0.14172 0.85934 0.30144)","(-0.14863 0.87232 0.27354)","(-0.14315 0.94435 0.33460)","(0.12532 0.69191 -0.06436)","(0.14535 0.69624 -0.09386)","(0.11090 0.75508 -0.04509)"
316,5.2167,2,2.2000,2,1,grip_normal,two_hand_one_hand,hand_right,hand_right,0.000000,0.595299,0.038084,-1.000000,1.000000,-1.000000,false,3,true,true,0.499782,0.972929,-0.018962,-0.971269,0.500218,1.018962,0.068787,0.041631,"(-0.23918 0.91342 0.29855)","(-0.25882 0.85582 0.33060)","(0.17561 0.84426 -0.02564)","(0.21271 0.85458 -0.04148)","(-0.20532 0.82991 0.28478)","(-0.14172 0.85934 0.30144)","(-0.14863 0.87232 0.27354)","(-0.14315 0.94435 0.33460)","(0.12532 0.69191 -0.06436)","(0.14535 0.69624 -0.09386)","(0.11090 0.75508 -0.04509)"
317,5.2333,2,2.2167,2,1,grip_normal,two_hand_one_hand,hand_right,hand_right,0.000000,0.595299,0.038084,-1.000000,1.000000,-1.000000,false,3,true,true,0.499782,0.972929,-0.018962,-0.971269,0.500218,1.018962,0.068787,0.041631,"(-0.23918 0.91342 0.29855)","(-0.25882 0.85582 0.33060)","(0.17561 0.84426 -0.02564)","(0.21271 0.85458 -0.04148)","(-0.20532 0.82991 0.28478)","(-0.14172 0.85934 0.30144)","(-0.14863 0.87232 0.27354)","(-0.14315 0.94435 0.33460)","(0.12532 0.69191 -0.06436)","(0.14535 0.69624 -0.09386)","(0.11090 0.75508 -0.04509)"
318,5.2500,2,2.2333,2,1,grip_normal,two_hand_one_hand,hand_right,hand_right,0.000000,0.595299,0.038084,-1.000000,1.000000,-1.000000,false,3,true,true,0.499782,0.972929,-0.018962,-0.971269,0.500218,1.018962,0.068787,0.041631,"(-0.23918 0.91342 0.29855)","(-0.25882 0.85582 0.33060)","(0.17561 0.84426 -0.02564)","(0.21271 0.85458 -0.04148)","(-0.20532 0.82991 0.28478)","(-0.14172 0.85934 0.30144)","(-0.14863 0.87232 0.27354)","(-0.14315 0.94435 0.33460)","(0.12532 0.69191 -0.06436)","(0.14535 0.69624 -0.09386)","(0.11090 0.75508 -0.04509)"
319,5.2667,2,2.2500,2,1,grip_normal,two_hand_one_hand,hand_right,hand_right,0.000000,0.595299,0.038084,-1.000000,1.000000,-1.000000,false,3,true,true,0.499782,0.972929,-0.018962,-0.971269,0.500218,1.018962,0.068787,0.041631,"(-0.23918 0.91342 0.29855)","(-0.25882 0.85582 0.33060)","(0.17561 0.84426 -0.02564)","(0.21271 0.85458 -0.04148)","(-0.20532 0.82991 0.28478)","(-0.14172 0.85934 0.30144)","(-0.14863 0.87232 0.27354)","(-0.14315 0.94435 0.33460)","(0.12532 0.69191 -0.06436)","(0.14535 0.69624 -0.09386)","(0.11090 0.75508 -0.04509)"
320,5.2833,2,2.2667,2,1,grip_normal,two_hand_one_hand,hand_right,hand_right,0.000000,0.595299,0.038084,-1.000000,1.000000,-1.000000,false,3,true,true,0.499782,0.972929,-0.018962,-0.971269,0.500218,1.018962,0.068787,0.041631,"(-0.23918 0.91342 0.29855)","(-0.25882 0.85582 0.33060)","(0.17561 0.84426 -0.02564)","(0.21271 0.85458 -0.04148)","(-0.20532 0.82991 0.28478)","(-0.14172 0.85934 0.30144)","(-0.14863 0.87232 0.27354)","(-0.14315 0.94435 0.33460)","(0.12532 0.69191 -0.06436)","(0.14535 0.69624 -0.09386)","(0.11090 0.75508 -0.04509)"
321,5.3000,2,2.2833,2,1,grip_normal,two_hand_one_hand,hand_right,hand_right,0.000000,0.595299,0.038084,-1.000000,1.000000,-1.000000,false,3,true,true,0.499782,0.972929,-0.018962,-0.971269,0.500218,1.018962,0.068787,0.041631,"(-0.23918 0.91342 0.29855)","(-0.25882 0.85582 0.33060)","(0.17561 0.84426 -0.02564)","(0.21271 0.85458 -0.04148)","(-0.20532 0.82991 0.28478)","(-0.14172 0.85934 0.30144)","(-0.14863 0.87232 0.27354)","(-0.14315 0.94435 0.33460)","(0.12532 0.69191 -0.06436)","(0.14535 0.69624 -0.09386)","(0.11090 0.75508 -0.04509)"
322,5.3167,2,2.3000,2,1,grip_normal,two_hand_one_hand,hand_right,hand_right,0.000000,0.595299,0.038084,-1.000000,1.000000,-1.000000,false,3,true,true,0.499782,0.972929,-0.018962,-0.971269,0.500218,1.018962,0.068787,0.041631,"(-0.23918 0.91342 0.29855)","(-0.25882 0.85582 0.33060)","(0.17561 0.84426 -0.02564)","(0.21271 0.85458 -0.04148)","(-0.20532 0.82991 0.28478)","(-0.14172 0.85934 0.30144)","(-0.14863 0.87232 0.27354)","(-0.14315 0.94435 0.33460)","(0.12532 0.69191 -0.06436)","(0.14535 0.69624 -0.09386)","(0.11090 0.75508 -0.04509)"
323,5.3333,2,2.3167,2,1,grip_normal,two_hand_one_hand,hand_right,hand_right,0.000000,0.595299,0.038084,-1.000000,1.000000,-1.000000,false,3,true,true,0.499782,0.972929,-0.018962,-0.971269,0.500218,1.018962,0.068787,0.041631,"(-0.23918 0.91342 0.29855)","(-0.25882 0.85582 0.33060)","(0.17561 0.84426 -0.02564)","(0.21271 0.85458 -0.04148)","(-0.20532 0.82991 0.28478)","(-0.14172 0.85934 0.30144)","(-0.14863 0.87232 0.27354)","(-0.14315 0.94435 0.33460)","(0.12532 0.69191 -0.06436)","(0.14535 0.69624 -0.09386)","(0.11090 0.75508 -0.04509)"
324,5.3500,2,2.3333,2,1,grip_normal,two_hand_one_hand,hand_right,hand_right,0.000000,0.595299,0.038084,-1.000000,1.000000,-1.000000,false,3,true,true,0.499782,0.972929,-0.018962,-0.971269,0.500218,1.018962,0.068787,0.041631,"(-0.23918 0.91342 0.29855)","(-0.25882 0.85582 0.33060)","(0.17561 0.84426 -0.02564)","(0.21271 0.85458 -0.04148)","(-0.20532 0.82991 0.28478)","(-0.14172 0.85934 0.30144)","(-0.14863 0.87232 0.27354)","(-0.14315 0.94435 0.33460)","(0.12532 0.69191 -0.06436)","(0.14535 0.69624 -0.09386)","(0.11090 0.75508 -0.04509)"
325,5.3667,2,2.3500,2,1,grip_normal,two_hand_one_hand,hand_right,hand_right,0.000000,0.595299,0.038084,-1.000000,1.000000,-1.000000,false,3,true,true,0.499782,0.972929,-0.018962,-0.971269,0.500218,1.018962,0.068787,0.041631,"(-0.23918 0.91342 0.29855)","(-0.25882 0.85582 0.33060)","(0.17561 0.84426 -0.02564)","(0.21271 0.85458 -0.04148)","(-0.20532 0.82991 0.28478)","(-0.14172 0.85934 0.30144)","(-0.14863 0.87232 0.27354)","(-0.14315 0.94435 0.33460)","(0.12532 0.69191 -0.06436)","(0.14535 0.69624 -0.09386)","(0.11090 0.75508 -0.04509)"
326,5.3833,2,2.3667,2,1,grip_normal,two_hand_one_hand,hand_right,hand_right,0.000000,0.595299,0.038084,-1.000000,1.000000,-1.000000,false,3,true,true,0.499782,0.972929,-0.018962,-0.971269,0.500218,1.018962,0.068787,0.041631,"(-0.23918 0.91342 0.29855)","(-0.25882 0.85582 0.33060)","(0.17561 0.84426 -0.02564)","(0.21271 0.85458 -0.04148)","(-0.20532 0.82991 0.28478)","(-0.14172 0.85934 0.30144)","(-0.14863 0.87232 0.27354)","(-0.14315 0.94435 0.33460)","(0.12532 0.69191 -0.06436)","(0.14535 0.69624 -0.09386)","(0.11090 0.75508 -0.04509)"
327,5.4000,2,2.3833,2,1,grip_normal,two_hand_one_hand,hand_right,hand_right,0.000000,0.595299,0.038084,-1.000000,1.000000,-1.000000,false,3,true,true,0.499782,0.972929,-0.018962,-0.971269,0.500218,1.018962,0.068787,0.041631,"(-0.23918 0.91342 0.29855)","(-0.25882 0.85582 0.33060)","(0.17561 0.84426 -0.02564)","(0.21271 0.85458 -0.04148)","(-0.20532 0.82991 0.28478)","(-0.14172 0.85934 0.30144)","(-0.14863 0.87232 0.27354)","(-0.14315 0.94435 0.33460)","(0.12532 0.69191 -0.06436)","(0.14535 0.69624 -0.09386)","(0.11090 0.75508 -0.04509)"
328,5.4167,2,2.4000,2,1,grip_normal,two_hand_one_hand,hand_right,hand_right,0.000000,0.595299,0.038084,-1.000000,1.000000,-1.000000,false,3,true,true,0.499782,0.972929,-0.018962,-0.971269,0.500218,1.018962,0.068787,0.041631,"(-0.23918 0.91342 0.29855)","(-0.25882 0.85582 0.33060)","(0.17561 0.84426 -0.02564)","(0.21271 0.85458 -0.04148)","(-0.20532 0.82991 0.28478)","(-0.14172 0.85934 0.30144)","(-0.14863 0.87232 0.27354)","(-0.14315 0.94435 0.33460)","(0.12532 0.69191 -0.06436)","(0.14535 0.69624 -0.09386)","(0.11090 0.75508 -0.04509)"
329,5.4333,2,2.4167,2,1,grip_normal,two_hand_one_hand,hand_right,hand_right,0.000000,0.595299,0.038084,-1.000000,1.000000,-1.000000,false,3,true,true,0.499782,0.972929,-0.018962,-0.971269,0.500218,1.018962,0.068787,0.041631,"(-0.23918 0.91342 0.29855)","(-0.25882 0.85582 0.33060)","(0.17561 0.84426 -0.02564)","(0.21271 0.85458 -0.04148)","(-0.20532 0.82991 0.28478)","(-0.14172 0.85934 0.30144)","(-0.14863 0.87232 0.27354)","(-0.14315 0.94435 0.33460)","(0.12532 0.69191 -0.06436)","(0.14535 0.69624 -0.09386)","(0.11090 0.75508 -0.04509)"
330,5.4500,2,2.4333,2,1,grip_normal,two_hand_one_hand,hand_right,hand_right,0.000000,0.595299,0.038084,-1.000000,1.000000,-1.000000,false,3,true,true,0.499782,0.972929,-0.018962,-0.971269,0.500218,1.018962,0.068787,0.041631,"(-0.23918 0.91342 0.29855)","(-0.25882 0.85582 0.33060)","(0.17561 0.84426 -0.02564)","(0.21271 0.85458 -0.04148)","(-0.20532 0.82991 0.28478)","(-0.14172 0.85934 0.30144)","(-0.14863 0.87232 0.27354)","(-0.14315 0.94435 0.33460)","(0.12532 0.69191 -0.06436)","(0.14535 0.69624 -0.09386)","(0.11090 0.75508 -0.04509)"
331,5.4667,2,2.4500,2,1,grip_normal,two_hand_one_hand,hand_right,hand_right,0.000000,0.595299,0.038084,-1.000000,1.000000,-1.000000,false,3,true,true,0.499782,0.972929,-0.018962,-0.971269,0.500218,1.018962,0.068787,0.041631,"(-0.23918 0.91342 0.29855)","(-0.25882 0.85582 0.33060)","(0.17561 0.84426 -0.02564)","(0.21271 0.85458 -0.04148)","(-0.20532 0.82991 0.28478)","(-0.14172 0.85934 0.30144)","(-0.14863 0.87232 0.27354)","(-0.14315 0.94435 0.33460)","(0.12532 0.69191 -0.06436)","(0.14535 0.69624 -0.09386)","(0.11090 0.75508 -0.04509)"
332,5.4833,2,2.4667,2,1,grip_normal,two_hand_one_hand,hand_right,hand_right,0.000000,0.595299,0.038084,-1.000000,1.000000,-1.000000,false,3,true,true,0.499782,0.972929,-0.018962,-0.971269,0.500218,1.018962,0.068787,0.041631,"(-0.23918 0.91342 0.29855)","(-0.25882 0.85582 0.33060)","(0.17561 0.84426 -0.02564)","(0.21271 0.85458 -0.04148)","(-0.20532 0.82991 0.28478)","(-0.14172 0.85934 0.30144)","(-0.14863 0.87232 0.27354)","(-0.14315 0.94435 0.33460)","(0.12532 0.69191 -0.06436)","(0.14535 0.69624 -0.09386)","(0.11090 0.75508 -0.04509)"
333,5.5000,2,2.4833,2,1,grip_normal,two_hand_one_hand,hand_right,hand_right,0.000000,0.595299,0.038084,-1.000000,1.000000,-1.000000,false,3,true,true,0.499782,0.972929,-0.018962,-0.971269,0.500218,1.018962,0.068787,0.041631,"(-0.23918 0.91342 0.29855)","(-0.25882 0.85582 0.33060)","(0.17561 0.84426 -0.02564)","(0.21271 0.85458 -0.04148)","(-0.20532 0.82991 0.28478)","(-0.14172 0.85934 0.30144)","(-0.14863 0.87232 0.27354)","(-0.14315 0.94435 0.33460)","(0.12532 0.69191 -0.06436)","(0.14535 0.69624 -0.09386)","(0.11090 0.75508 -0.04509)"
334,5.5167,2,2.5000,2,1,grip_normal,two_hand_one_hand,hand_right,hand_right,0.000000,0.595299,0.038084,-1.000000,1.000000,-1.000000,false,3,true,true,0.499782,0.972929,-0.018962,-0.971269,0.500218,1.018962,0.068787,0.041631,"(-0.23918 0.91342 0.29855)","(-0.25882 0.85582 0.33060)","(0.17561 0.84426 -0.02564)","(0.21271 0.85458 -0.04148)","(-0.20532 0.82991 0.28478)","(-0.14172 0.85934 0.30144)","(-0.14863 0.87232 0.27354)","(-0.14315 0.94435 0.33460)","(0.12532 0.69191 -0.06436)","(0.14535 0.69624 -0.09386)","(0.11090 0.75508 -0.04509)"
335,5.5333,2,2.5167,2,1,grip_normal,two_hand_one_hand,hand_right,hand_right,0.000000,0.595299,0.038084,-1.000000,1.000000,-1.000000,false,3,true,true,0.499782,0.972929,-0.018962,-0.971269,0.500218,1.018962,0.068787,0.041631,"(-0.23918 0.91342 0.29855)","(-0.25882 0.85582 0.33060)","(0.17561 0.84426 -0.02564)","(0.21271 0.85458 -0.04148)","(-0.20532 0.82991 0.28478)","(-0.14172 0.85934 0.30144)","(-0.14863 0.87232 0.27354)","(-0.14315 0.94435 0.33460)","(0.12532 0.69191 -0.06436)","(0.14535 0.69624 -0.09386)","(0.11090 0.75508 -0.04509)"
336,5.5500,2,2.5333,2,1,grip_normal,two_hand_one_hand,hand_right,hand_right,0.000000,0.595299,0.038084,-1.000000,1.000000,-1.000000,false,3,true,true,0.499782,0.972929,-0.018962,-0.971269,0.500218,1.018962,0.068787,0.041631,"(-0.23918 0.91342 0.29855)","(-0.25882 0.85582 0.33060)","(0.17561 0.84426 -0.02564)","(0.21271 0.85458 -0.04148)","(-0.20532 0.82991 0.28478)","(-0.14172 0.85934 0.30144)","(-0.14863 0.87232 0.27354)","(-0.14315 0.94435 0.33460)","(0.12532 0.69191 -0.06436)","(0.14535 0.69624 -0.09386)","(0.11090 0.75508 -0.04509)"
337,5.5667,2,2.5500,2,1,grip_normal,two_hand_one_hand,hand_right,hand_right,0.000000,0.595299,0.038084,-1.000000,1.000000,-1.000000,false,3,true,true,0.499782,0.972929,-0.018962,-0.971269,0.500218,1.018962,0.068787,0.041631,"(-0.23918 0.91342 0.29855)","(-0.25882 0.85582 0.33060)","(0.17561 0.84426 -0.02564)","(0.21271 0.85458 -0.04148)","(-0.20532 0.82991 0.28478)","(-0.14172 0.85934 0.30144)","(-0.14863 0.87232 0.27354)","(-0.14315 0.94435 0.33460)","(0.12532 0.69191 -0.06436)","(0.14535 0.69624 -0.09386)","(0.11090 0.75508 -0.04509)"
338,5.5833,2,2.5667,2,1,grip_normal,two_hand_one_hand,hand_right,hand_right,0.000000,0.595299,0.038084,-1.000000,1.000000,-1.000000,false,3,true,true,0.499782,0.972929,-0.018962,-0.971269,0.500218,1.018962,0.068787,0.041631,"(-0.23918 0.91342 0.29855)","(-0.25882 0.85582 0.33060)","(0.17561 0.84426 -0.02564)","(0.21271 0.85458 -0.04148)","(-0.20532 0.82991 0.28478)","(-0.14172 0.85934 0.30144)","(-0.14863 0.87232 0.27354)","(-0.14315 0.94435 0.33460)","(0.12532 0.69191 -0.06436)","(0.14535 0.69624 -0.09386)","(0.11090 0.75508 -0.04509)"
339,5.6000,2,2.5833,2,1,grip_normal,two_hand_one_hand,hand_right,hand_right,0.000000,0.595299,0.038084,-1.000000,1.000000,-1.000000,false,3,true,true,0.499782,0.972929,-0.018962,-0.971269,0.500218,1.018962,0.068787,0.041631,"(-0.23918 0.91342 0.29855)","(-0.25882 0.85582 0.33060)","(0.17561 0.84426 -0.02564)","(0.21271 0.85458 -0.04148)","(-0.20532 0.82991 0.28478)","(-0.14172 0.85934 0.30144)","(-0.14863 0.87232 0.27354)","(-0.14315 0.94435 0.33460)","(0.12532 0.69191 -0.06436)","(0.14535 0.69624 -0.09386)","(0.11090 0.75508 -0.04509)"
340,5.6167,2,2.6000,2,1,grip_normal,two_hand_one_hand,hand_right,hand_right,0.000000,0.595299,0.038084,-1.000000,1.000000,-1.000000,false,3,true,true,0.499782,0.972929,-0.018962,-0.971269,0.500218,1.018962,0.068787,0.041631,"(-0.23918 0.91342 0.29855)","(-0.25882 0.85582 0.33060)","(0.17561 0.84426 -0.02564)","(0.21271 0.85458 -0.04148)","(-0.20532 0.82991 0.28478)","(-0.14172 0.85934 0.30144)","(-0.14863 0.87232 0.27354)","(-0.14315 0.94435 0.33460)","(0.12532 0.69191 -0.06436)","(0.14535 0.69624 -0.09386)","(0.11090 0.75508 -0.04509)"
341,5.6333,2,2.6167,2,1,grip_normal,two_hand_one_hand,hand_right,hand_right,0.000000,0.595299,0.038084,-1.000000,1.000000,-1.000000,false,3,true,true,0.499782,0.972929,-0.018962,-0.971269,0.500218,1.018962,0.068787,0.041631,"(-0.23918 0.91342 0.29855)","(-0.25882 0.85582 0.33060)","(0.17561 0.84426 -0.02564)","(0.21271 0.85458 -0.04148)","(-0.20532 0.82991 0.28478)","(-0.14172 0.85934 0.30144)","(-0.14863 0.87232 0.27354)","(-0.14315 0.94435 0.33460)","(0.12532 0.69191 -0.06436)","(0.14535 0.69624 -0.09386)","(0.11090 0.75508 -0.04509)"
342,5.6500,2,2.6333,2,1,grip_normal,two_hand_one_hand,hand_right,hand_right,0.000000,0.595299,0.038084,-1.000000,1.000000,-1.000000,false,3,true,true,0.499782,0.972929,-0.018962,-0.971269,0.500218,1.018962,0.068787,0.041631,"(-0.23918 0.91342 0.29855)","(-0.25882 0.85582 0.33060)","(0.17561 0.84426 -0.02564)","(0.21271 0.85458 -0.04148)","(-0.20532 0.82991 0.28478)","(-0.14172 0.85934 0.30144)","(-0.14863 0.87232 0.27354)","(-0.14315 0.94435 0.33460)","(0.12532 0.69191 -0.06436)","(0.14535 0.69624 -0.09386)","(0.11090 0.75508 -0.04509)"
343,5.6667,2,2.6500,2,1,grip_normal,two_hand_one_hand,hand_right,hand_right,0.000000,0.595299,0.038084,-1.000000,1.000000,-1.000000,false,3,true,true,0.499782,0.972929,-0.018962,-0.971269,0.500218,1.018962,0.068787,0.041631,"(-0.23918 0.91342 0.29855)","(-0.25882 0.85582 0.33060)","(0.17561 0.84426 -0.02564)","(0.21271 0.85458 -0.04148)","(-0.20532 0.82991 0.28478)","(-0.14172 0.85934 0.30144)","(-0.14863 0.87232 0.27354)","(-0.14315 0.94435 0.33460)","(0.12532 0.69191 -0.06436)","(0.14535 0.69624 -0.09386)","(0.11090 0.75508 -0.04509)"
344,5.6833,2,2.6667,2,1,grip_normal,two_hand_one_hand,hand_right,hand_right,0.000000,0.595299,0.038084,-1.000000,1.000000,-1.000000,false,3,true,true,0.499782,0.972929,-0.018962,-0.971269,0.500218,1.018962,0.068787,0.041631,"(-0.23918 0.91342 0.29855)","(-0.25882 0.85582 0.33060)","(0.17561 0.84426 -0.02564)","(0.21271 0.85458 -0.04148)","(-0.20532 0.82991 0.28478)","(-0.14172 0.85934 0.30144)","(-0.14863 0.87232 0.27354)","(-0.14315 0.94435 0.33460)","(0.12532 0.69191 -0.06436)","(0.14535 0.69624 -0.09386)","(0.11090 0.75508 -0.04509)"
345,5.7000,2,2.6833,2,1,grip_normal,two_hand_one_hand,hand_right,hand_right,0.000000,0.595299,0.038084,-1.000000,1.000000,-1.000000,false,3,true,true,0.499782,0.972929,-0.018962,-0.971269,0.500218,1.018962,0.068787,0.041631,"(-0.23918 0.91342 0.29855)","(-0.25882 0.85582 0.33060)","(0.17561 0.84426 -0.02564)","(0.21271 0.85458 -0.04148)","(-0.20532 0.82991 0.28478)","(-0.14172 0.85934 0.30144)","(-0.14863 0.87232 0.27354)","(-0.14315 0.94435 0.33460)","(0.12532 0.69191 -0.06436)","(0.14535 0.69624 -0.09386)","(0.11090 0.75508 -0.04509)"
346,5.7167,2,2.7000,2,1,grip_normal,two_hand_one_hand,hand_right,hand_right,0.000000,0.595299,0.038084,-1.000000,1.000000,-1.000000,false,3,true,true,0.499782,0.972929,-0.018962,-0.971269,0.500218,1.018962,0.068787,0.041631,"(-0.23918 0.91342 0.29855)","(-0.25882 0.85582 0.33060)","(0.17561 0.84426 -0.02564)","(0.21271 0.85458 -0.04148)","(-0.20532 0.82991 0.28478)","(-0.14172 0.85934 0.30144)","(-0.14863 0.87232 0.27354)","(-0.14315 0.94435 0.33460)","(0.12532 0.69191 -0.06436)","(0.14535 0.69624 -0.09386)","(0.11090 0.75508 -0.04509)"
347,5.7333,2,2.7167,2,1,grip_normal,two_hand_one_hand,hand_right,hand_right,0.000000,0.595299,0.038084,-1.000000,1.000000,-1.000000,false,3,true,true,0.499782,0.972929,-0.018962,-0.971269,0.500218,1.018962,0.068787,0.041631,"(-0.23918 0.91342 0.29855)","(-0.25882 0.85582 0.33060)","(0.17561 0.84426 -0.02564)","(0.21271 0.85458 -0.04148)","(-0.20532 0.82991 0.28478)","(-0.14172 0.85934 0.30144)","(-0.14863 0.87232 0.27354)","(-0.14315 0.94435 0.33460)","(0.12532 0.69191 -0.06436)","(0.14535 0.69624 -0.09386)","(0.11090 0.75508 -0.04509)"
348,5.7500,2,2.7333,2,1,grip_normal,two_hand_one_hand,hand_right,hand_right,0.000000,0.595299,0.038084,-1.000000,1.000000,-1.000000,false,3,true,true,0.499782,0.972929,-0.018962,-0.971269,0.500218,1.018962,0.068787,0.041631,"(-0.23918 0.91342 0.29855)","(-0.25882 0.85582 0.33060)","(0.17561 0.84426 -0.02564)","(0.21271 0.85458 -0.04148)","(-0.20532 0.82991 0.28478)","(-0.14172 0.85934 0.30144)","(-0.14863 0.87232 0.27354)","(-0.14315 0.94435 0.33460)","(0.12532 0.69191 -0.06436)","(0.14535 0.69624 -0.09386)","(0.11090 0.75508 -0.04509)"
349,5.7667,2,2.7500,2,1,grip_normal,two_hand_one_hand,hand_right,hand_right,0.000000,0.595299,0.038084,-1.000000,1.000000,-1.000000,false,3,true,true,0.499782,0.972929,-0.018962,-0.971269,0.500218,1.018962,0.068787,0.041631,"(-0.23918 0.91342 0.29855)","(-0.25882 0.85582 0.33060)","(0.17561 0.84426 -0.02564)","(0.21271 0.85458 -0.04148)","(-0.20532 0.82991 0.28478)","(-0.14172 0.85934 0.30144)","(-0.14863 0.87232 0.27354)","(-0.14315 0.94435 0.33460)","(0.12532 0.69191 -0.06436)","(0.14535 0.69624 -0.09386)","(0.11090 0.75508 -0.04509)"
350,5.7833,2,2.7667,2,1,grip_normal,two_hand_one_hand,hand_right,hand_right,0.000000,0.595299,0.038084,-1.000000,1.000000,-1.000000,false,3,true,true,0.499782,0.972929,-0.018962,-0.971269,0.500218,1.018962,0.068787,0.041631,"(-0.23918 0.91342 0.29855)","(-0.25882 0.85582 0.33060)","(0.17561 0.84426 -0.02564)","(0.21271 0.85458 -0.04148)","(-0.20532 0.82991 0.28478)","(-0.14172 0.85934 0.30144)","(-0.14863 0.87232 0.27354)","(-0.14315 0.94435 0.33460)","(0.12532 0.69191 -0.06436)","(0.14535 0.69624 -0.09386)","(0.11090 0.75508 -0.04509)"
351,5.8000,2,2.7833,2,1,grip_normal,two_hand_one_hand,hand_right,hand_right,0.000000,0.595299,0.038084,-1.000000,1.000000,-1.000000,false,3,true,true,0.499782,0.972929,-0.018962,-0.971269,0.500218,1.018962,0.068787,0.041631,"(-0.23918 0.91342 0.29855)","(-0.25882 0.85582 0.33060)","(0.17561 0.84426 -0.02564)","(0.21271 0.85458 -0.04148)","(-0.20532 0.82991 0.28478)","(-0.14172 0.85934 0.30144)","(-0.14863 0.87232 0.27354)","(-0.14315 0.94435 0.33460)","(0.12532 0.69191 -0.06436)","(0.14535 0.69624 -0.09386)","(0.11090 0.75508 -0.04509)"
352,5.8167,2,2.8000,2,1,grip_normal,two_hand_one_hand,hand_right,hand_right,0.000000,0.595299,0.038084,-1.000000,1.000000,-1.000000,false,3,true,true,0.499782,0.972929,-0.018962,-0.971269,0.500218,1.018962,0.068787,0.041631,"(-0.23918 0.91342 0.29855)","(-0.25882 0.85582 0.33060)","(0.17561 0.84426 -0.02564)","(0.21271 0.85458 -0.04148)","(-0.20532 0.82991 0.28478)","(-0.14172 0.85934 0.30144)","(-0.14863 0.87232 0.27354)","(-0.14315 0.94435 0.33460)","(0.12532 0.69191 -0.06436)","(0.14535 0.69624 -0.09386)","(0.11090 0.75508 -0.04509)"
353,5.8333,2,2.8167,2,1,grip_normal,two_hand_one_hand,hand_right,hand_right,0.000000,0.595299,0.038084,-1.000000,1.000000,-1.000000,false,3,true,true,0.499782,0.972929,-0.018962,-0.971269,0.500218,1.018962,0.068787,0.041631,"(-0.23918 0.91342 0.29855)","(-0.25882 0.85582 0.33060)","(0.17561 0.84426 -0.02564)","(0.21271 0.85458 -0.04148)","(-0.20532 0.82991 0.28478)","(-0.14172 0.85934 0.30144)","(-0.14863 0.87232 0.27354)","(-0.14315 0.94435 0.33460)","(0.12532 0.69191 -0.06436)","(0.14535 0.69624 -0.09386)","(0.11090 0.75508 -0.04509)"
354,5.8500,2,2.8333,2,1,grip_normal,two_hand_one_hand,hand_right,hand_right,0.000000,0.595299,0.038084,-1.000000,1.000000,-1.000000,false,3,true,true,0.499782,0.972929,-0.018962,-0.971269,0.500218,1.018962,0.068787,0.041631,"(-0.23918 0.91342 0.29855)","(-0.25882 0.85582 0.33060)","(0.17561 0.84426 -0.02564)","(0.21271 0.85458 -0.04148)","(-0.20532 0.82991 0.28478)","(-0.14172 0.85934 0.30144)","(-0.14863 0.87232 0.27354)","(-0.14315 0.94435 0.33460)","(0.12532 0.69191 -0.06436)","(0.14535 0.69624 -0.09386)","(0.11090 0.75508 -0.04509)"
355,5.8667,2,2.8500,2,1,grip_normal,two_hand_one_hand,hand_right,hand_right,0.000000,0.595299,0.038084,-1.000000,1.000000,-1.000000,false,3,true,true,0.499782,0.972929,-0.018962,-0.971269,0.500218,1.018962,0.068787,0.041631,"(-0.23918 0.91342 0.29855)","(-0.25882 0.85582 0.33060)","(0.17561 0.84426 -0.02564)","(0.21271 0.85458 -0.04148)","(-0.20532 0.82991 0.28478)","(-0.14172 0.85934 0.30144)","(-0.14863 0.87232 0.27354)","(-0.14315 0.94435 0.33460)","(0.12532 0.69191 -0.06436)","(0.14535 0.69624 -0.09386)","(0.11090 0.75508 -0.04509)"
356,5.8833,2,2.8667,2,1,grip_normal,two_hand_one_hand,hand_right,hand_right,0.000000,0.595299,0.038084,-1.000000,1.000000,-1.000000,false,3,true,true,0.499782,0.972929,-0.018962,-0.971269,0.500218,1.018962,0.068787,0.041631,"(-0.23918 0.91342 0.29855)","(-0.25882 0.85582 0.33060)","(0.17561 0.84426 -0.02564)","(0.21271 0.85458 -0.04148)","(-0.20532 0.82991 0.28478)","(-0.14172 0.85934 0.30144)","(-0.14863 0.87232 0.27354)","(-0.14315 0.94435 0.33460)","(0.12532 0.69191 -0.06436)","(0.14535 0.69624 -0.09386)","(0.11090 0.75508 -0.04509)"
357,5.9000,2,2.8833,2,1,grip_normal,two_hand_one_hand,hand_right,hand_right,0.000000,0.595299,0.038084,-1.000000,1.000000,-1.000000,false,3,true,true,0.499782,0.972929,-0.018962,-0.971269,0.500218,1.018962,0.068787,0.041631,"(-0.23918 0.91342 0.29855)","(-0.25882 0.85582 0.33060)","(0.17561 0.84426 -0.02564)","(0.21271 0.85458 -0.04148)","(-0.20532 0.82991 0.28478)","(-0.14172 0.85934 0.30144)","(-0.14863 0.87232 0.27354)","(-0.14315 0.94435 0.33460)","(0.12532 0.69191 -0.06436)","(0.14535 0.69624 -0.09386)","(0.11090 0.75508 -0.04509)"
358,5.9167,2,2.9000,2,1,grip_normal,two_hand_one_hand,hand_right,hand_right,0.000000,0.595299,0.038084,-1.000000,1.000000,-1.000000,false,3,true,true,0.499782,0.972929,-0.018962,-0.971269,0.500218,1.018962,0.068787,0.041631,"(-0.23918 0.91342 0.29855)","(-0.25882 0.85582 0.33060)","(0.17561 0.84426 -0.02564)","(0.21271 0.85458 -0.04148)","(-0.20532 0.82991 0.28478)","(-0.14172 0.85934 0.30144)","(-0.14863 0.87232 0.27354)","(-0.14315 0.94435 0.33460)","(0.12532 0.69191 -0.06436)","(0.14535 0.69624 -0.09386)","(0.11090 0.75508 -0.04509)"
359,5.9333,2,2.9167,2,1,grip_normal,two_hand_one_hand,hand_right,hand_right,0.000000,0.595299,0.038084,-1.000000,1.000000,-1.000000,false,3,true,true,0.499782,0.972929,-0.018962,-0.971269,0.500218,1.018962,0.068787,0.041631,"(-0.23918 0.91342 0.29855)","(-0.25882 0.85582 0.33060)","(0.17561 0.84426 -0.02564)","(0.21271 0.85458 -0.04148)","(-0.20532 0.82991 0.28478)","(-0.14172 0.85934 0.30144)","(-0.14863 0.87232 0.27354)","(-0.14315 0.94435 0.33460)","(0.12532 0.69191 -0.06436)","(0.14535 0.69624 -0.09386)","(0.11090 0.75508 -0.04509)"
360,5.9500,2,2.9333,2,1,grip_normal,two_hand_one_hand,hand_right,hand_right,0.000000,0.595299,0.038084,-1.000000,1.000000,-1.000000,false,3,true,true,0.499782,0.972929,-0.018962,-0.971269,0.500218,1.018962,0.068787,0.041631,"(-0.23918 0.91342 0.29855)","(-0.25882 0.85582 0.33060)","(0.17561 0.84426 -0.02564)","(0.21271 0.85458 -0.04148)","(-0.20532 0.82991 0.28478)","(-0.14172 0.85934 0.30144)","(-0.14863 0.87232 0.27354)","(-0.14315 0.94435 0.33460)","(0.12532 0.69191 -0.06436)","(0.14535 0.69624 -0.09386)","(0.11090 0.75508 -0.04509)"
361,5.9667,2,2.9500,2,1,grip_normal,two_hand_one_hand,hand_right,hand_right,0.000000,0.595299,0.038084,-1.000000,1.000000,-1.000000,false,3,true,true,0.499782,0.972929,-0.018962,-0.971269,0.500218,1.018962,0.068787,0.041631,"(-0.23918 0.91342 0.29855)","(-0.25882 0.85582 0.33060)","(0.17561 0.84426 -0.02564)","(0.21271 0.85458 -0.04148)","(-0.20532 0.82991 0.28478)","(-0.14172 0.85934 0.30144)","(-0.14863 0.87232 0.27354)","(-0.14315 0.94435 0.33460)","(0.12532 0.69191 -0.06436)","(0.14535 0.69624 -0.09386)","(0.11090 0.75508 -0.04509)"
362,5.9833,2,2.9667,2,1,grip_normal,two_hand_one_hand,hand_right,hand_right,0.000000,0.595299,0.038084,-1.000000,1.000000,-1.000000,false,3,true,true,0.499782,0.972929,-0.018962,-0.971269,0.500218,1.018962,0.068787,0.041631,"(-0.23918 0.91342 0.29855)","(-0.25882 0.85582 0.33060)","(0.17561 0.84426 -0.02564)","(0.21271 0.85458 -0.04148)","(-0.20532 0.82991 0.28478)","(-0.14172 0.85934 0.30144)","(-0.14863 0.87232 0.27354)","(-0.14315 0.94435 0.33460)","(0.12532 0.69191 -0.06436)","(0.14535 0.69624 -0.09386)","(0.11090 0.75508 -0.04509)"
363,6.0000,2,2.9833,2,1,grip_normal,two_hand_one_hand,hand_right,hand_right,0.000000,0.595299,0.038084,-1.000000,1.000000,-1.000000,false,3,true,true,0.499782,0.972929,-0.018962,-0.971269,0.500218,1.018962,0.068787,0.041631,"(-0.23918 0.91342 0.29855)","(-0.25882 0.85582 0.33060)","(0.17561 0.84426 -0.02564)","(0.21271 0.85458 -0.04148)","(-0.20532 0.82991 0.28478)","(-0.14172 0.85934 0.30144)","(-0.14863 0.87232 0.27354)","(-0.14315 0.94435 0.33460)","(0.12532 0.69191 -0.06436)","(0.14535 0.69624 -0.09386)","(0.11090 0.75508 -0.04509)"
364,6.0167,2,3.0000,2,1,grip_normal,two_hand_one_hand,hand_right,hand_right,0.000000,0.595299,0.038084,-1.000000,1.000000,-1.000000,false,3,true,true,0.499782,0.972929,-0.018962,-0.971269,0.500218,1.018962,0.068787,0.041631,"(-0.23918 0.91342 0.29855)","(-0.25882 0.85582 0.33060)","(0.17561 0.84426 -0.02564)","(0.21271 0.85458 -0.04148)","(-0.20532 0.82991 0.28478)","(-0.14172 0.85934 0.30144)","(-0.14863 0.87232 0.27354)","(-0.14315 0.94435 0.33460)","(0.12532 0.69191 -0.06436)","(0.14535 0.69624 -0.09386)","(0.11090 0.75508 -0.04509)"
365,6.0333,2,3.0167,2,1,grip_normal,two_hand_one_hand,hand_right,hand_right,0.000000,0.595299,0.038084,-1.000000,1.000000,-1.000000,false,3,true,true,0.499782,0.972929,-0.018962,-0.971269,0.500218,1.018962,0.068787,0.041631,"(-0.23918 0.91342 0.29855)","(-0.25882 0.85582 0.33060)","(0.17561 0.84426 -0.02564)","(0.21271 0.85458 -0.04148)","(-0.20532 0.82991 0.28478)","(-0.14172 0.85934 0.30144)","(-0.14863 0.87232 0.27354)","(-0.14315 0.94435 0.33460)","(0.12532 0.69191 -0.06436)","(0.14535 0.69624 -0.09386)","(0.11090 0.75508 -0.04509)"
366,6.0333,3,0.0000,3,1,grip_normal,two_hand_one_hand,hand_right,hand_right,0.000000,0.595299,0.038084,-1.000000,1.000000,-1.000000,false,3,true,true,0.499782,0.972929,-0.018963,-0.971269,0.500218,1.018963,0.068787,0.041631,"(-0.23918 0.91342 0.29855)","(-0.25882 0.85582 0.33060)","(0.17561 0.84426 -0.02564)","(0.21271 0.85458 -0.04148)","(-0.20532 0.82991 0.28478)","(-0.14172 0.85934 0.30144)","(-0.14863 0.87232 0.27354)","(-0.14315 0.94435 0.33460)","(0.12532 0.69191 -0.06436)","(0.14535 0.69624 -0.09386)","(0.11090 0.75508 -0.04509)"
367,6.0500,3,0.0167,3,1,grip_normal,two_hand_one_hand,hand_right,hand_right,0.000000,0.595299,0.038084,-1.000000,1.000000,-1.000000,false,3,true,true,0.499782,0.972929,-0.018963,-0.971269,0.500218,1.018963,0.068787,0.041631,"(-0.23918 0.91342 0.29855)","(-0.25882 0.85582 0.33060)","(0.17561 0.84426 -0.02564)","(0.21271 0.85458 -0.04148)","(-0.20532 0.82991 0.28478)","(-0.14172 0.85934 0.30144)","(-0.14863 0.87232 0.27354)","(-0.14315 0.94435 0.33460)","(0.12532 0.69191 -0.06436)","(0.14535 0.69624 -0.09386)","(0.11090 0.75508 -0.04509)"
368,6.0667,3,0.0333,3,1,grip_normal,two_hand_one_hand,hand_right,hand_right,0.000000,0.595299,0.038084,-1.000000,1.000000,-1.000000,false,3,true,true,0.499782,0.972929,-0.018963,-0.971269,0.500218,1.018963,0.068787,0.041631,"(-0.23918 0.91342 0.29855)","(-0.25882 0.85582 0.33060)","(0.17561 0.84426 -0.02564)","(0.21271 0.85458 -0.04148)","(-0.20532 0.82991 0.28478)","(-0.14172 0.85934 0.30144)","(-0.14863 0.87232 0.27354)","(-0.14315 0.94435 0.33460)","(0.12532 0.69191 -0.06436)","(0.14535 0.69624 -0.09386)","(0.11090 0.75508 -0.04509)"
369,6.0833,3,0.0500,3,1,grip_normal,two_hand_one_hand,hand_right,hand_right,0.000000,0.595299,0.038084,-1.000000,1.000000,-1.000000,false,3,true,true,0.499782,0.972929,-0.018963,-0.971269,0.500218,1.018963,0.068787,0.041631,"(-0.23918 0.91342 0.29855)","(-0.25882 0.85582 0.33060)","(0.17561 0.84426 -0.02564)","(0.21271 0.85458 -0.04148)","(-0.20532 0.82991 0.28478)","(-0.14172 0.85934 0.30144)","(-0.14863 0.87232 0.27354)","(-0.14315 0.94435 0.33460)","(0.12532 0.69191 -0.06436)","(0.14535 0.69624 -0.09386)","(0.11090 0.75508 -0.04509)"
370,6.1000,3,0.0667,3,1,grip_normal,two_hand_one_hand,hand_right,hand_right,0.000000,0.595299,0.038084,-1.000000,1.000000,-1.000000,false,3,true,true,0.499782,0.972929,-0.018963,-0.971269,0.500218,1.018963,0.068787,0.041631,"(-0.23918 0.91342 0.29855)","(-0.25882 0.85582 0.33060)","(0.17561 0.84426 -0.02564)","(0.21271 0.85458 -0.04148)","(-0.20532 0.82991 0.28478)","(-0.14172 0.85934 0.30144)","(-0.14863 0.87232 0.27354)","(-0.14315 0.94435 0.33460)","(0.12532 0.69191 -0.06436)","(0.14535 0.69624 -0.09386)","(0.11090 0.75508 -0.04509)"
371,6.1167,3,0.0833,3,1,grip_normal,two_hand_one_hand,hand_right,hand_right,0.000000,0.595299,0.038084,-1.000000,1.000000,-1.000000,false,3,true,true,0.499782,0.972929,-0.018963,-0.971269,0.500218,1.018963,0.068787,0.041631,"(-0.23918 0.91342 0.29855)","(-0.25882 0.85582 0.33060)","(0.17561 0.84426 -0.02564)","(0.21271 0.85458 -0.04148)","(-0.20532 0.82991 0.28478)","(-0.14172 0.85934 0.30144)","(-0.14863 0.87232 0.27354)","(-0.14315 0.94435 0.33460)","(0.12532 0.69191 -0.06436)","(0.14535 0.69624 -0.09386)","(0.11090 0.75508 -0.04509)"
372,6.1333,3,0.1000,3,1,grip_normal,two_hand_one_hand,hand_right,hand_right,0.000000,0.595299,0.038084,-1.000000,1.000000,-1.000000,false,3,true,true,0.499782,0.972929,-0.018963,-0.971269,0.500218,1.018963,0.068787,0.041631,"(-0.23918 0.91342 0.29855)","(-0.25882 0.85582 0.33060)","(0.17561 0.84426 -0.02564)","(0.21271 0.85458 -0.04148)","(-0.20532 0.82991 0.28478)","(-0.14172 0.85934 0.30144)","(-0.14863 0.87232 0.27354)","(-0.14315 0.94435 0.33460)","(0.12532 0.69191 -0.06436)","(0.14535 0.69624 -0.09386)","(0.11090 0.75508 -0.04509)"
373,6.1500,3,0.1167,3,1,grip_normal,two_hand_one_hand,hand_right,hand_right,0.000000,0.595299,0.038084,-1.000000,1.000000,-1.000000,false,3,true,true,0.499782,0.972929,-0.018963,-0.971269,0.500218,1.018963,0.068787,0.041631,"(-0.23918 0.91342 0.29855)","(-0.25882 0.85582 0.33060)","(0.17561 0.84426 -0.02564)","(0.21271 0.85458 -0.04148)","(-0.20532 0.82991 0.28478)","(-0.14172 0.85934 0.30144)","(-0.14863 0.87232 0.27354)","(-0.14315 0.94435 0.33460)","(0.12532 0.69191 -0.06436)","(0.14535 0.69624 -0.09386)","(0.11090 0.75508 -0.04509)"
374,6.1667,3,0.1333,3,1,grip_normal,two_hand_one_hand,hand_right,hand_right,0.000000,0.595299,0.038084,-1.000000,1.000000,-1.000000,false,3,true,true,0.499782,0.972929,-0.018963,-0.971269,0.500218,1.018963,0.068787,0.041631,"(-0.23918 0.91342 0.29855)","(-0.25882 0.85582 0.33060)","(0.17561 0.84426 -0.02564)","(0.21271 0.85458 -0.04148)","(-0.20532 0.82991 0.28478)","(-0.14172 0.85934 0.30144)","(-0.14863 0.87232 0.27354)","(-0.14315 0.94435 0.33460)","(0.12532 0.69191 -0.06436)","(0.14535 0.69624 -0.09386)","(0.11090 0.75508 -0.04509)"
375,6.1833,3,0.1500,3,1,grip_normal,two_hand_one_hand,hand_right,hand_right,0.000000,0.595299,0.038084,-1.000000,1.000000,-1.000000,false,3,true,true,0.499782,0.972929,-0.018963,-0.971269,0.500218,1.018963,0.068787,0.041631,"(-0.23918 0.91342 0.29855)","(-0.25882 0.85582 0.33060)","(0.17561 0.84426 -0.02564)","(0.21271 0.85458 -0.04148)","(-0.20532 0.82991 0.28478)","(-0.14172 0.85934 0.30144)","(-0.14863 0.87232 0.27354)","(-0.14315 0.94435 0.33460)","(0.12532 0.69191 -0.06436)","(0.14535 0.69624 -0.09386)","(0.11090 0.75508 -0.04509)"
376,6.2000,3,0.1667,3,1,grip_normal,two_hand_one_hand,hand_right,hand_right,0.000000,0.595299,0.038084,-1.000000,1.000000,-1.000000,false,3,true,true,0.499782,0.972929,-0.018963,-0.971269,0.500218,1.018963,0.068787,0.041631,"(-0.23918 0.91342 0.29855)","(-0.25882 0.85582 0.33060)","(0.17561 0.84426 -0.02564)","(0.21271 0.85458 -0.04148)","(-0.20532 0.82991 0.28478)","(-0.14172 0.85934 0.30144)","(-0.14863 0.87232 0.27354)","(-0.14315 0.94435 0.33460)","(0.12532 0.69191 -0.06436)","(0.14535 0.69624 -0.09386)","(0.11090 0.75508 -0.04509)"
377,6.2167,3,0.1833,3,1,grip_normal,two_hand_one_hand,hand_right,hand_right,0.000000,0.595299,0.038084,-1.000000,1.000000,-1.000000,false,3,true,true,0.499782,0.972929,-0.018963,-0.971269,0.500218,1.018963,0.068787,0.041631,"(-0.23918 0.91342 0.29855)","(-0.25882 0.85582 0.33060)","(0.17561 0.84426 -0.02564)","(0.21271 0.85458 -0.04148)","(-0.20532 0.82991 0.28478)","(-0.14172 0.85934 0.30144)","(-0.14863 0.87232 0.27354)","(-0.14315 0.94435 0.33460)","(0.12532 0.69191 -0.06436)","(0.14535 0.69624 -0.09386)","(0.11090 0.75508 -0.04509)"
378,6.2333,3,0.2000,3,1,grip_normal,two_hand_one_hand,hand_right,hand_right,0.000000,0.595299,0.038084,-1.000000,1.000000,-1.000000,false,3,true,true,0.499782,0.972929,-0.018963,-0.971269,0.500218,1.018963,0.068787,0.041631,"(-0.23918 0.91342 0.29855)","(-0.25882 0.85582 0.33060)","(0.17561 0.84426 -0.02564)","(0.21271 0.85458 -0.04148)","(-0.20532 0.82991 0.28478)","(-0.14172 0.85934 0.30144)","(-0.14863 0.87232 0.27354)","(-0.14315 0.94435 0.33460)","(0.12532 0.69191 -0.06436)","(0.14535 0.69624 -0.09386)","(0.11090 0.75508 -0.04509)"
379,6.2500,3,0.2167,3,1,grip_normal,two_hand_one_hand,hand_right,hand_right,0.000000,0.595299,0.038084,-1.000000,1.000000,-1.000000,false,3,true,true,0.499782,0.972929,-0.018963,-0.971269,0.500218,1.018963,0.068787,0.041631,"(-0.23918 0.91342 0.29855)","(-0.25882 0.85582 0.33060)","(0.17561 0.84426 -0.02564)","(0.21271 0.85458 -0.04148)","(-0.20532 0.82991 0.28478)","(-0.14172 0.85934 0.30144)","(-0.14863 0.87232 0.27354)","(-0.14315 0.94435 0.33460)","(0.12532 0.69191 -0.06436)","(0.14535 0.69624 -0.09386)","(0.11090 0.75508 -0.04509)"
380,6.2667,3,0.2333,3,1,grip_normal,two_hand_one_hand,hand_right,hand_right,0.000000,0.595299,0.038084,-1.000000,1.000000,-1.000000,false,3,true,true,0.499782,0.972929,-0.018963,-0.971269,0.500218,1.018963,0.068787,0.041631,"(-0.23918 0.91342 0.29855)","(-0.25882 0.85582 0.33060)","(0.17561 0.84426 -0.02564)","(0.21271 0.85458 -0.04148)","(-0.20532 0.82991 0.28478)","(-0.14172 0.85934 0.30144)","(-0.14863 0.87232 0.27354)","(-0.14315 0.94435 0.33460)","(0.12532 0.69191 -0.06436)","(0.14535 0.69624 -0.09386)","(0.11090 0.75508 -0.04509)"
381,6.2833,3,0.2500,3,1,grip_normal,two_hand_one_hand,hand_right,hand_right,0.000000,0.595299,0.038084,-1.000000,1.000000,-1.000000,false,3,true,true,0.499782,0.972929,-0.018963,-0.971269,0.500218,1.018963,0.068787,0.041631,"(-0.23918 0.91342 0.29855)","(-0.25882 0.85582 0.33060)","(0.17561 0.84426 -0.02564)","(0.21271 0.85458 -0.04148)","(-0.20532 0.82991 0.28478)","(-0.14172 0.85934 0.30144)","(-0.14863 0.87232 0.27354)","(-0.14315 0.94435 0.33460)","(0.12532 0.69191 -0.06436)","(0.14535 0.69624 -0.09386)","(0.11090 0.75508 -0.04509)"
382,6.3000,3,0.2667,3,1,grip_normal,two_hand_one_hand,hand_right,hand_right,0.000000,0.595299,0.038084,-1.000000,1.000000,-1.000000,false,3,true,true,0.499782,0.972929,-0.018963,-0.971269,0.500218,1.018963,0.068787,0.041631,"(-0.23918 0.91342 0.29855)","(-0.25882 0.85582 0.33060)","(0.17561 0.84426 -0.02564)","(0.21271 0.85458 -0.04148)","(-0.20532 0.82991 0.28478)","(-0.14172 0.85934 0.30144)","(-0.14863 0.87232 0.27354)","(-0.14315 0.94435 0.33460)","(0.12532 0.69191 -0.06436)","(0.14535 0.69624 -0.09386)","(0.11090 0.75508 -0.04509)"
383,6.3167,3,0.2833,3,1,grip_normal,two_hand_one_hand,hand_right,hand_right,0.000000,0.595299,0.038084,-1.000000,1.000000,-1.000000,false,3,true,true,0.499782,0.972929,-0.018963,-0.971269,0.500218,1.018963,0.068787,0.041631,"(-0.23918 0.91342 0.29855)","(-0.25882 0.85582 0.33060)","(0.17561 0.84426 -0.02564)","(0.21271 0.85458 -0.04148)","(-0.20532 0.82991 0.28478)","(-0.14172 0.85934 0.30144)","(-0.14863 0.87232 0.27354)","(-0.14315 0.94435 0.33460)","(0.12532 0.69191 -0.06436)","(0.14535 0.69624 -0.09386)","(0.11090 0.75508 -0.04509)"
384,6.3333,3,0.3000,3,1,grip_normal,two_hand_one_hand,hand_right,hand_right,0.000000,0.595299,0.038084,-1.000000,1.000000,-1.000000,false,3,true,true,0.499782,0.972929,-0.018963,-0.971269,0.500218,1.018963,0.068787,0.041631,"(-0.23918 0.91342 0.29855)","(-0.25882 0.85582 0.33060)","(0.17561 0.84426 -0.02564)","(0.21271 0.85458 -0.04148)","(-0.20532 0.82991 0.28478)","(-0.14172 0.85934 0.30144)","(-0.14863 0.87232 0.27354)","(-0.14315 0.94435 0.33460)","(0.12532 0.69191 -0.06436)","(0.14535 0.69624 -0.09386)","(0.11090 0.75508 -0.04509)"
385,6.3500,3,0.3167,3,1,grip_normal,two_hand_one_hand,hand_right,hand_right,0.000000,0.595299,0.038084,-1.000000,1.000000,-1.000000,false,3,true,true,0.499782,0.972929,-0.018963,-0.971269,0.500218,1.018963,0.068787,0.041631,"(-0.23918 0.91342 0.29855)","(-0.25882 0.85582 0.33060)","(0.17561 0.84426 -0.02564)","(0.21271 0.85458 -0.04148)","(-0.20532 0.82991 0.28478)","(-0.14172 0.85934 0.30144)","(-0.14863 0.87232 0.27354)","(-0.14315 0.94435 0.33460)","(0.12532 0.69191 -0.06436)","(0.14535 0.69624 -0.09386)","(0.11090 0.75508 -0.04509)"
386,6.3667,3,0.3333,3,1,grip_normal,two_hand_one_hand,hand_right,hand_right,0.000000,0.595299,0.038084,-1.000000,1.000000,-1.000000,false,3,true,true,0.499782,0.972929,-0.018963,-0.971269,0.500218,1.018963,0.068787,0.041631,"(-0.23918 0.91342 0.29855)","(-0.25882 0.85582 0.33060)","(0.17561 0.84426 -0.02564)","(0.21271 0.85458 -0.04148)","(-0.20532 0.82991 0.28478)","(-0.14172 0.85934 0.30144)","(-0.14863 0.87232 0.27354)","(-0.14315 0.94435 0.33460)","(0.12532 0.69191 -0.06436)","(0.14535 0.69624 -0.09386)","(0.11090 0.75508 -0.04509)"
387,6.3833,3,0.3500,3,1,grip_normal,two_hand_one_hand,hand_right,hand_right,0.000000,0.595299,0.038084,-1.000000,1.000000,-1.000000,false,3,true,true,0.499782,0.972929,-0.018963,-0.971269,0.500218,1.018963,0.068787,0.041631,"(-0.23918 0.91342 0.29855)","(-0.25882 0.85582 0.33060)","(0.17561 0.84426 -0.02564)","(0.21271 0.85458 -0.04148)","(-0.20532 0.82991 0.28478)","(-0.14172 0.85934 0.30144)","(-0.14863 0.87232 0.27354)","(-0.14315 0.94435 0.33460)","(0.12532 0.69191 -0.06436)","(0.14535 0.69624 -0.09386)","(0.11090 0.75508 -0.04509)"
388,6.4000,3,0.3667,3,1,grip_normal,two_hand_one_hand,hand_right,hand_right,0.000000,0.595299,0.038084,-1.000000,1.000000,-1.000000,false,3,true,true,0.499782,0.972929,-0.018963,-0.971269,0.500218,1.018963,0.068787,0.041631,"(-0.23918 0.91342 0.29855)","(-0.25882 0.85582 0.33060)","(0.17561 0.84426 -0.02564)","(0.21271 0.85458 -0.04148)","(-0.20532 0.82991 0.28478)","(-0.14172 0.85934 0.30144)","(-0.14863 0.87232 0.27354)","(-0.14315 0.94435 0.33460)","(0.12532 0.69191 -0.06436)","(0.14535 0.69624 -0.09386)","(0.11090 0.75508 -0.04509)"
389,6.4167,3,0.3833,3,1,grip_normal,two_hand_one_hand,hand_right,hand_right,0.000000,0.595299,0.038084,-1.000000,1.000000,-1.000000,false,3,true,true,0.499782,0.972929,-0.018963,-0.971269,0.500218,1.018963,0.068787,0.041631,"(-0.23918 0.91342 0.29855)","(-0.25882 0.85582 0.33060)","(0.17561 0.84426 -0.02564)","(0.21271 0.85458 -0.04148)","(-0.20532 0.82991 0.28478)","(-0.14172 0.85934 0.30144)","(-0.14863 0.87232 0.27354)","(-0.14315 0.94435 0.33460)","(0.12532 0.69191 -0.06436)","(0.14535 0.69624 -0.09386)","(0.11090 0.75508 -0.04509)"
390,6.4333,3,0.4000,3,1,grip_normal,two_hand_one_hand,hand_right,hand_right,0.000000,0.595299,0.038084,-1.000000,1.000000,-1.000000,false,3,true,true,0.499782,0.972929,-0.018963,-0.971269,0.500218,1.018963,0.068787,0.041631,"(-0.23918 0.91342 0.29855)","(-0.25882 0.85582 0.33060)","(0.17561 0.84426 -0.02564)","(0.21271 0.85458 -0.04148)","(-0.20532 0.82991 0.28478)","(-0.14172 0.85934 0.30144)","(-0.14863 0.87232 0.27354)","(-0.14315 0.94435 0.33460)","(0.12532 0.69191 -0.06436)","(0.14535 0.69624 -0.09386)","(0.11090 0.75508 -0.04509)"
391,6.4500,3,0.4167,3,1,grip_normal,two_hand_one_hand,hand_right,hand_right,0.000000,0.595299,0.038084,-1.000000,1.000000,-1.000000,false,3,true,true,0.499782,0.972929,-0.018963,-0.971269,0.500218,1.018963,0.068787,0.041631,"(-0.23918 0.91342 0.29855)","(-0.25882 0.85582 0.33060)","(0.17561 0.84426 -0.02564)","(0.21271 0.85458 -0.04148)","(-0.20532 0.82991 0.28478)","(-0.14172 0.85934 0.30144)","(-0.14863 0.87232 0.27354)","(-0.14315 0.94435 0.33460)","(0.12532 0.69191 -0.06436)","(0.14535 0.69624 -0.09386)","(0.11090 0.75508 -0.04509)"
392,6.4667,3,0.4333,3,1,grip_normal,two_hand_one_hand,hand_right,hand_right,0.000000,0.595299,0.038084,-1.000000,1.000000,-1.000000,false,3,true,true,0.499782,0.972929,-0.018963,-0.971269,0.500218,1.018963,0.068787,0.041631,"(-0.23918 0.91342 0.29855)","(-0.25882 0.85582 0.33060)","(0.17561 0.84426 -0.02564)","(0.21271 0.85458 -0.04148)","(-0.20532 0.82991 0.28478)","(-0.14172 0.85934 0.30144)","(-0.14863 0.87232 0.27354)","(-0.14315 0.94435 0.33460)","(0.12532 0.69191 -0.06436)","(0.14535 0.69624 -0.09386)","(0.11090 0.75508 -0.04509)"
393,6.4833,3,0.4500,3,1,grip_normal,two_hand_one_hand,hand_right,hand_right,0.000000,0.595299,0.038084,-1.000000,1.000000,-1.000000,false,3,true,true,0.499782,0.972929,-0.018963,-0.971269,0.500218,1.018963,0.068787,0.041631,"(-0.23918 0.91342 0.29855)","(-0.25882 0.85582 0.33060)","(0.17561 0.84426 -0.02564)","(0.21271 0.85458 -0.04148)","(-0.20532 0.82991 0.28478)","(-0.14172 0.85934 0.30144)","(-0.14863 0.87232 0.27354)","(-0.14315 0.94435 0.33460)","(0.12532 0.69191 -0.06436)","(0.14535 0.69624 -0.09386)","(0.11090 0.75508 -0.04509)"
394,6.5000,3,0.4667,3,1,grip_normal,two_hand_one_hand,hand_right,hand_right,0.000000,0.595299,0.038084,-1.000000,1.000000,-1.000000,false,3,true,true,0.499782,0.972929,-0.018963,-0.971269,0.500218,1.018963,0.068787,0.041631,"(-0.23918 0.91342 0.29855)","(-0.25882 0.85582 0.33060)","(0.17561 0.84426 -0.02564)","(0.21271 0.85458 -0.04148)","(-0.20532 0.82991 0.28478)","(-0.14172 0.85934 0.30144)","(-0.14863 0.87232 0.27354)","(-0.14315 0.94435 0.33460)","(0.12532 0.69191 -0.06436)","(0.14535 0.69624 -0.09386)","(0.11090 0.75508 -0.04509)"
395,6.5167,3,0.4833,3,1,grip_normal,two_hand_one_hand,hand_right,hand_right,0.000000,0.595299,0.038084,-1.000000,1.000000,-1.000000,false,3,true,true,0.499782,0.972929,-0.018963,-0.971269,0.500218,1.018963,0.068787,0.041631,"(-0.23918 0.91342 0.29855)","(-0.25882 0.85582 0.33060)","(0.17561 0.84426 -0.02564)","(0.21271 0.85458 -0.04148)","(-0.20532 0.82991 0.28478)","(-0.14172 0.85934 0.30144)","(-0.14863 0.87232 0.27354)","(-0.14315 0.94435 0.33460)","(0.12532 0.69191 -0.06436)","(0.14535 0.69624 -0.09386)","(0.11090 0.75508 -0.04509)"
396,6.5333,3,0.5000,3,1,grip_normal,two_hand_one_hand,hand_right,hand_right,0.000000,0.595299,0.038084,-1.000000,1.000000,-1.000000,false,3,true,true,0.499782,0.972929,-0.018963,-0.971269,0.500218,1.018963,0.068787,0.041631,"(-0.23918 0.91342 0.29855)","(-0.25882 0.85582 0.33060)","(0.17561 0.84426 -0.02564)","(0.21271 0.85458 -0.04148)","(-0.20532 0.82991 0.28478)","(-0.14172 0.85934 0.30144)","(-0.14863 0.87232 0.27354)","(-0.14315 0.94435 0.33460)","(0.12532 0.69191 -0.06436)","(0.14535 0.69624 -0.09386)","(0.11090 0.75508 -0.04509)"
397,6.5500,3,0.5167,3,1,grip_normal,two_hand_one_hand,hand_right,hand_right,0.000000,0.595299,0.038084,-1.000000,1.000000,-1.000000,false,3,true,true,0.499782,0.972929,-0.018963,-0.971269,0.500218,1.018963,0.068787,0.041631,"(-0.23918 0.91342 0.29855)","(-0.25882 0.85582 0.33060)","(0.17561 0.84426 -0.02564)","(0.21271 0.85458 -0.04148)","(-0.20532 0.82991 0.28478)","(-0.14172 0.85934 0.30144)","(-0.14863 0.87232 0.27354)","(-0.14315 0.94435 0.33460)","(0.12532 0.69191 -0.06436)","(0.14535 0.69624 -0.09386)","(0.11090 0.75508 -0.04509)"
398,6.5667,3,0.5333,3,1,grip_normal,two_hand_one_hand,hand_right,hand_right,0.000000,0.595299,0.038084,-1.000000,1.000000,-1.000000,false,3,true,true,0.499782,0.972929,-0.018963,-0.971269,0.500218,1.018963,0.068787,0.041631,"(-0.23918 0.91342 0.29855)","(-0.25882 0.85582 0.33060)","(0.17561 0.84426 -0.02564)","(0.21271 0.85458 -0.04148)","(-0.20532 0.82991 0.28478)","(-0.14172 0.85934 0.30144)","(-0.14863 0.87232 0.27354)","(-0.14315 0.94435 0.33460)","(0.12532 0.69191 -0.06436)","(0.14535 0.69624 -0.09386)","(0.11090 0.75508 -0.04509)"
399,6.5833,3,0.5500,3,1,grip_normal,two_hand_one_hand,hand_right,hand_right,0.000000,0.595299,0.038084,-1.000000,1.000000,-1.000000,false,3,true,true,0.499782,0.972929,-0.018963,-0.971269,0.500218,1.018963,0.068787,0.041631,"(-0.23918 0.91342 0.29855)","(-0.25882 0.85582 0.33060)","(0.17561 0.84426 -0.02564)","(0.21271 0.85458 -0.04148)","(-0.20532 0.82991 0.28478)","(-0.14172 0.85934 0.30144)","(-0.14863 0.87232 0.27354)","(-0.14315 0.94435 0.33460)","(0.12532 0.69191 -0.06436)","(0.14535 0.69624 -0.09386)","(0.11090 0.75508 -0.04509)"
400,6.6000,3,0.5667,3,1,grip_normal,two_hand_one_hand,hand_right,hand_right,0.000000,0.595299,0.038084,-1.000000,1.000000,-1.000000,false,3,true,true,0.499782,0.972929,-0.018963,-0.971269,0.500218,1.018963,0.068787,0.041631,"(-0.23918 0.91342 0.29855)","(-0.25882 0.85582 0.33060)","(0.17561 0.84426 -0.02564)","(0.21271 0.85458 -0.04148)","(-0.20532 0.82991 0.28478)","(-0.14172 0.85934 0.30144)","(-0.14863 0.87232 0.27354)","(-0.14315 0.94435 0.33460)","(0.12532 0.69191 -0.06436)","(0.14535 0.69624 -0.09386)","(0.11090 0.75508 -0.04509)"
401,6.6167,3,0.5833,3,1,grip_normal,two_hand_one_hand,hand_right,hand_right,0.000000,0.595299,0.038084,-1.000000,1.000000,-1.000000,false,3,true,true,0.499782,0.972929,-0.018963,-0.971269,0.500218,1.018963,0.068787,0.041631,"(-0.23918 0.91342 0.29855)","(-0.25882 0.85582 0.33060)","(0.17561 0.84426 -0.02564)","(0.21271 0.85458 -0.04148)","(-0.20532 0.82991 0.28478)","(-0.14172 0.85934 0.30144)","(-0.14863 0.87232 0.27354)","(-0.14315 0.94435 0.33460)","(0.12532 0.69191 -0.06436)","(0.14535 0.69624 -0.09386)","(0.11090 0.75508 -0.04509)"
402,6.6333,3,0.6000,3,1,grip_normal,two_hand_one_hand,hand_right,hand_right,0.000000,0.595299,0.038084,-1.000000,1.000000,-1.000000,false,3,true,true,0.499782,0.972929,-0.018963,-0.971269,0.500218,1.018963,0.068787,0.041631,"(-0.23918 0.91342 0.29855)","(-0.25882 0.85582 0.33060)","(0.17561 0.84426 -0.02564)","(0.21271 0.85458 -0.04148)","(-0.20532 0.82991 0.28478)","(-0.14172 0.85934 0.30144)","(-0.14863 0.87232 0.27354)","(-0.14315 0.94435 0.33460)","(0.12532 0.69191 -0.06436)","(0.14535 0.69624 -0.09386)","(0.11090 0.75508 -0.04509)"
403,6.6500,3,0.6167,3,1,grip_normal,two_hand_one_hand,hand_right,hand_right,0.000000,0.595299,0.038084,-1.000000,1.000000,-1.000000,false,3,true,true,0.499782,0.972929,-0.018963,-0.971269,0.500218,1.018963,0.068787,0.041631,"(-0.23918 0.91342 0.29855)","(-0.25882 0.85582 0.33060)","(0.17561 0.84426 -0.02564)","(0.21271 0.85458 -0.04148)","(-0.20532 0.82991 0.28478)","(-0.14172 0.85934 0.30144)","(-0.14863 0.87232 0.27354)","(-0.14315 0.94435 0.33460)","(0.12532 0.69191 -0.06436)","(0.14535 0.69624 -0.09386)","(0.11090 0.75508 -0.04509)"
404,6.6667,3,0.6333,3,1,grip_normal,two_hand_one_hand,hand_right,hand_right,0.000000,0.595299,0.038084,-1.000000,1.000000,-1.000000,false,3,true,true,0.499782,0.972929,-0.018963,-0.971269,0.500218,1.018963,0.068787,0.041631,"(-0.23918 0.91342 0.29855)","(-0.25882 0.85582 0.33060)","(0.17561 0.84426 -0.02564)","(0.21271 0.85458 -0.04148)","(-0.20532 0.82991 0.28478)","(-0.14172 0.85934 0.30144)","(-0.14863 0.87232 0.27354)","(-0.14315 0.94435 0.33460)","(0.12532 0.69191 -0.06436)","(0.14535 0.69624 -0.09386)","(0.11090 0.75508 -0.04509)"
405,6.6833,3,0.6500,3,1,grip_normal,two_hand_one_hand,hand_right,hand_right,0.000000,0.595299,0.038084,-1.000000,1.000000,-1.000000,false,3,true,true,0.499782,0.972929,-0.018963,-0.971269,0.500218,1.018963,0.068787,0.041631,"(-0.23918 0.91342 0.29855)","(-0.25882 0.85582 0.33060)","(0.17561 0.84426 -0.02564)","(0.21271 0.85458 -0.04148)","(-0.20532 0.82991 0.28478)","(-0.14172 0.85934 0.30144)","(-0.14863 0.87232 0.27354)","(-0.14315 0.94435 0.33460)","(0.12532 0.69191 -0.06436)","(0.14535 0.69624 -0.09386)","(0.11090 0.75508 -0.04509)"
406,6.7000,3,0.6667,3,1,grip_normal,two_hand_one_hand,hand_right,hand_right,0.000000,0.595299,0.038084,-1.000000,1.000000,-1.000000,false,3,true,true,0.499782,0.972929,-0.018963,-0.971269,0.500218,1.018963,0.068787,0.041631,"(-0.23918 0.91342 0.29855)","(-0.25882 0.85582 0.33060)","(0.17561 0.84426 -0.02564)","(0.21271 0.85458 -0.04148)","(-0.20532 0.82991 0.28478)","(-0.14172 0.85934 0.30144)","(-0.14863 0.87232 0.27354)","(-0.14315 0.94435 0.33460)","(0.12532 0.69191 -0.06436)","(0.14535 0.69624 -0.09386)","(0.11090 0.75508 -0.04509)"
407,6.7167,3,0.6833,3,1,grip_normal,two_hand_one_hand,hand_right,hand_right,0.000000,0.595299,0.038084,-1.000000,1.000000,-1.000000,false,3,true,true,0.499782,0.972929,-0.018963,-0.971269,0.500218,1.018963,0.068787,0.041631,"(-0.23918 0.91342 0.29855)","(-0.25882 0.85582 0.33060)","(0.17561 0.84426 -0.02564)","(0.21271 0.85458 -0.04148)","(-0.20532 0.82991 0.28478)","(-0.14172 0.85934 0.30144)","(-0.14863 0.87232 0.27354)","(-0.14315 0.94435 0.33460)","(0.12532 0.69191 -0.06436)","(0.14535 0.69624 -0.09386)","(0.11090 0.75508 -0.04509)"
408,6.7333,3,0.7000,3,1,grip_normal,two_hand_one_hand,hand_right,hand_right,0.000000,0.595299,0.038084,-1.000000,1.000000,-1.000000,false,3,true,true,0.499782,0.972929,-0.018963,-0.971269,0.500218,1.018963,0.068787,0.041631,"(-0.23918 0.91342 0.29855)","(-0.25882 0.85582 0.33060)","(0.17561 0.84426 -0.02564)","(0.21271 0.85458 -0.04148)","(-0.20532 0.82991 0.28478)","(-0.14172 0.85934 0.30144)","(-0.14863 0.87232 0.27354)","(-0.14315 0.94435 0.33460)","(0.12532 0.69191 -0.06436)","(0.14535 0.69624 -0.09386)","(0.11090 0.75508 -0.04509)"
409,6.7500,3,0.7167,3,1,grip_normal,two_hand_one_hand,hand_right,hand_right,0.000000,0.595299,0.038084,-1.000000,1.000000,-1.000000,false,3,true,true,0.499782,0.972929,-0.018963,-0.971269,0.500218,1.018963,0.068787,0.041631,"(-0.23918 0.91342 0.29855)","(-0.25882 0.85582 0.33060)","(0.17561 0.84426 -0.02564)","(0.21271 0.85458 -0.04148)","(-0.20532 0.82991 0.28478)","(-0.14172 0.85934 0.30144)","(-0.14863 0.87232 0.27354)","(-0.14315 0.94435 0.33460)","(0.12532 0.69191 -0.06436)","(0.14535 0.69624 -0.09386)","(0.11090 0.75508 -0.04509)"
410,6.7667,3,0.7333,3,1,grip_normal,two_hand_one_hand,hand_right,hand_right,0.000000,0.595299,0.038084,-1.000000,1.000000,-1.000000,false,3,true,true,0.499782,0.972929,-0.018963,-0.971269,0.500218,1.018963,0.068787,0.041631,"(-0.23918 0.91342 0.29855)","(-0.25882 0.85582 0.33060)","(0.17561 0.84426 -0.02564)","(0.21271 0.85458 -0.04148)","(-0.20532 0.82991 0.28478)","(-0.14172 0.85934 0.30144)","(-0.14863 0.87232 0.27354)","(-0.14315 0.94435 0.33460)","(0.12532 0.69191 -0.06436)","(0.14535 0.69624 -0.09386)","(0.11090 0.75508 -0.04509)"
411,6.7833,3,0.7500,3,1,grip_normal,two_hand_one_hand,hand_right,hand_right,0.000000,0.595299,0.038084,-1.000000,1.000000,-1.000000,false,3,true,true,0.499782,0.972929,-0.018963,-0.971269,0.500218,1.018963,0.068787,0.041631,"(-0.23918 0.91342 0.29855)","(-0.25882 0.85582 0.33060)","(0.17561 0.84426 -0.02564)","(0.21271 0.85458 -0.04148)","(-0.20532 0.82991 0.28478)","(-0.14172 0.85934 0.30144)","(-0.14863 0.87232 0.27354)","(-0.14315 0.94435 0.33460)","(0.12532 0.69191 -0.06436)","(0.14535 0.69624 -0.09386)","(0.11090 0.75508 -0.04509)"
412,6.8000,3,0.7667,3,1,grip_normal,two_hand_one_hand,hand_right,hand_right,0.000000,0.595299,0.038084,-1.000000,1.000000,-1.000000,false,3,true,true,0.499782,0.972929,-0.018963,-0.971269,0.500218,1.018963,0.068787,0.041631,"(-0.23918 0.91342 0.29855)","(-0.25882 0.85582 0.33060)","(0.17561 0.84426 -0.02564)","(0.21271 0.85458 -0.04148)","(-0.20532 0.82991 0.28478)","(-0.14172 0.85934 0.30144)","(-0.14863 0.87232 0.27354)","(-0.14315 0.94435 0.33460)","(0.12532 0.69191 -0.06436)","(0.14535 0.69624 -0.09386)","(0.11090 0.75508 -0.04509)"
413,6.8167,3,0.7833,3,1,grip_normal,two_hand_one_hand,hand_right,hand_right,0.000000,0.595299,0.038084,-1.000000,1.000000,-1.000000,false,3,true,true,0.499782,0.972929,-0.018963,-0.971269,0.500218,1.018963,0.068787,0.041631,"(-0.23918 0.91342 0.29855)","(-0.25882 0.85582 0.33060)","(0.17561 0.84426 -0.02564)","(0.21271 0.85458 -0.04148)","(-0.20532 0.82991 0.28478)","(-0.14172 0.85934 0.30144)","(-0.14863 0.87232 0.27354)","(-0.14315 0.94435 0.33460)","(0.12532 0.69191 -0.06436)","(0.14535 0.69624 -0.09386)","(0.11090 0.75508 -0.04509)"
414,6.8333,3,0.8000,3,1,grip_normal,two_hand_one_hand,hand_right,hand_right,0.000000,0.595299,0.038084,-1.000000,1.000000,-1.000000,false,3,true,true,0.499782,0.972929,-0.018963,-0.971269,0.500218,1.018963,0.068787,0.041631,"(-0.23918 0.91342 0.29855)","(-0.25882 0.85582 0.33060)","(0.17561 0.84426 -0.02564)","(0.21271 0.85458 -0.04148)","(-0.20532 0.82991 0.28478)","(-0.14172 0.85934 0.30144)","(-0.14863 0.87232 0.27354)","(-0.14315 0.94435 0.33460)","(0.12532 0.69191 -0.06436)","(0.14535 0.69624 -0.09386)","(0.11090 0.75508 -0.04509)"
415,6.8500,3,0.8167,3,1,grip_normal,two_hand_one_hand,hand_right,hand_right,0.000000,0.595299,0.038084,-1.000000,1.000000,-1.000000,false,3,true,true,0.499782,0.972929,-0.018963,-0.971269,0.500218,1.018963,0.068787,0.041631,"(-0.23918 0.91342 0.29855)","(-0.25882 0.85582 0.33060)","(0.17561 0.84426 -0.02564)","(0.21271 0.85458 -0.04148)","(-0.20532 0.82991 0.28478)","(-0.14172 0.85934 0.30144)","(-0.14863 0.87232 0.27354)","(-0.14315 0.94435 0.33460)","(0.12532 0.69191 -0.06436)","(0.14535 0.69624 -0.09386)","(0.11090 0.75508 -0.04509)"
416,6.8667,3,0.8333,3,1,grip_normal,two_hand_one_hand,hand_right,hand_right,0.000000,0.595299,0.038084,-1.000000,1.000000,-1.000000,false,3,true,true,0.499782,0.972929,-0.018963,-0.971269,0.500218,1.018963,0.068787,0.041631,"(-0.23918 0.91342 0.29855)","(-0.25882 0.85582 0.33060)","(0.17561 0.84426 -0.02564)","(0.21271 0.85458 -0.04148)","(-0.20532 0.82991 0.28478)","(-0.14172 0.85934 0.30144)","(-0.14863 0.87232 0.27354)","(-0.14315 0.94435 0.33460)","(0.12532 0.69191 -0.06436)","(0.14535 0.69624 -0.09386)","(0.11090 0.75508 -0.04509)"
417,6.8833,3,0.8500,3,1,grip_normal,two_hand_one_hand,hand_right,hand_right,0.000000,0.595299,0.038084,-1.000000,1.000000,-1.000000,false,3,true,true,0.499782,0.972929,-0.018963,-0.971269,0.500218,1.018963,0.068787,0.041631,"(-0.23918 0.91342 0.29855)","(-0.25882 0.85582 0.33060)","(0.17561 0.84426 -0.02564)","(0.21271 0.85458 -0.04148)","(-0.20532 0.82991 0.28478)","(-0.14172 0.85934 0.30144)","(-0.14863 0.87232 0.27354)","(-0.14315 0.94435 0.33460)","(0.12532 0.69191 -0.06436)","(0.14535 0.69624 -0.09386)","(0.11090 0.75508 -0.04509)"
418,6.9000,3,0.8667,3,1,grip_normal,two_hand_one_hand,hand_right,hand_right,0.000000,0.595299,0.038084,-1.000000,1.000000,-1.000000,false,3,true,true,0.499782,0.972929,-0.018963,-0.971269,0.500218,1.018963,0.068787,0.041631,"(-0.23918 0.91342 0.29855)","(-0.25882 0.85582 0.33060)","(0.17561 0.84426 -0.02564)","(0.21271 0.85458 -0.04148)","(-0.20532 0.82991 0.28478)","(-0.14172 0.85934 0.30144)","(-0.14863 0.87232 0.27354)","(-0.14315 0.94435 0.33460)","(0.12532 0.69191 -0.06436)","(0.14535 0.69624 -0.09386)","(0.11090 0.75508 -0.04509)"
419,6.9167,3,0.8833,3,1,grip_normal,two_hand_one_hand,hand_right,hand_right,0.000000,0.595299,0.038084,-1.000000,1.000000,-1.000000,false,3,true,true,0.499782,0.972929,-0.018963,-0.971269,0.500218,1.018963,0.068787,0.041631,"(-0.23918 0.91342 0.29855)","(-0.25882 0.85582 0.33060)","(0.17561 0.84426 -0.02564)","(0.21271 0.85458 -0.04148)","(-0.20532 0.82991 0.28478)","(-0.14172 0.85934 0.30144)","(-0.14863 0.87232 0.27354)","(-0.14315 0.94435 0.33460)","(0.12532 0.69191 -0.06436)","(0.14535 0.69624 -0.09386)","(0.11090 0.75508 -0.04509)"
420,6.9333,3,0.9000,3,1,grip_normal,two_hand_one_hand,hand_right,hand_right,0.000000,0.595299,0.038084,-1.000000,1.000000,-1.000000,false,3,true,true,0.499782,0.972929,-0.018963,-0.971269,0.500218,1.018963,0.068787,0.041631,"(-0.23918 0.91342 0.29855)","(-0.25882 0.85582 0.33060)","(0.17561 0.84426 -0.02564)","(0.21271 0.85458 -0.04148)","(-0.20532 0.82991 0.28478)","(-0.14172 0.85934 0.30144)","(-0.14863 0.87232 0.27354)","(-0.14315 0.94435 0.33460)","(0.12532 0.69191 -0.06436)","(0.14535 0.69624 -0.09386)","(0.11090 0.75508 -0.04509)"
421,6.9500,3,0.9167,3,1,grip_normal,two_hand_one_hand,hand_right,hand_right,0.000000,0.595299,0.038084,-1.000000,1.000000,-1.000000,false,3,true,true,0.499782,0.972929,-0.018963,-0.971269,0.500218,1.018963,0.068787,0.041631,"(-0.23918 0.91342 0.29855)","(-0.25882 0.85582 0.33060)","(0.17561 0.84426 -0.02564)","(0.21271 0.85458 -0.04148)","(-0.20532 0.82991 0.28478)","(-0.14172 0.85934 0.30144)","(-0.14863 0.87232 0.27354)","(-0.14315 0.94435 0.33460)","(0.12532 0.69191 -0.06436)","(0.14535 0.69624 -0.09386)","(0.11090 0.75508 -0.04509)"
422,6.9667,3,0.9333,3,1,grip_normal,two_hand_one_hand,hand_right,hand_right,0.000000,0.595299,0.038084,-1.000000,1.000000,-1.000000,false,3,true,true,0.499782,0.972929,-0.018963,-0.971269,0.500218,1.018963,0.068787,0.041631,"(-0.23918 0.91342 0.29855)","(-0.25882 0.85582 0.33060)","(0.17561 0.84426 -0.02564)","(0.21271 0.85458 -0.04148)","(-0.20532 0.82991 0.28478)","(-0.14172 0.85934 0.30144)","(-0.14863 0.87232 0.27354)","(-0.14315 0.94435 0.33460)","(0.12532 0.69191 -0.06436)","(0.14535 0.69624 -0.09386)","(0.11090 0.75508 -0.04509)"
423,6.9833,3,0.9500,3,1,grip_normal,two_hand_one_hand,hand_right,hand_right,0.000000,0.595299,0.038084,-1.000000,1.000000,-1.000000,false,3,true,true,0.499782,0.972929,-0.018963,-0.971269,0.500218,1.018963,0.068787,0.041631,"(-0.23918 0.91342 0.29855)","(-0.25882 0.85582 0.33060)","(0.17561 0.84426 -0.02564)","(0.21271 0.85458 -0.04148)","(-0.20532 0.82991 0.28478)","(-0.14172 0.85934 0.30144)","(-0.14863 0.87232 0.27354)","(-0.14315 0.94435 0.33460)","(0.12532 0.69191 -0.06436)","(0.14535 0.69624 -0.09386)","(0.11090 0.75508 -0.04509)"
424,7.0000,3,0.9667,3,1,grip_normal,two_hand_one_hand,hand_right,hand_right,0.000000,0.595299,0.038084,-1.000000,1.000000,-1.000000,false,3,true,true,0.499782,0.972929,-0.018963,-0.971269,0.500218,1.018963,0.068787,0.041631,"(-0.23918 0.91342 0.29855)","(-0.25882 0.85582 0.33060)","(0.17561 0.84426 -0.02564)","(0.21271 0.85458 -0.04148)","(-0.20532 0.82991 0.28478)","(-0.14172 0.85934 0.30144)","(-0.14863 0.87232 0.27354)","(-0.14315 0.94435 0.33460)","(0.12532 0.69191 -0.06436)","(0.14535 0.69624 -0.09386)","(0.11090 0.75508 -0.04509)"
425,7.0167,3,0.9833,3,1,grip_normal,two_hand_one_hand,hand_right,hand_right,0.000000,0.595299,0.038084,-1.000000,1.000000,-1.000000,false,3,true,true,0.499782,0.972929,-0.018963,-0.971269,0.500218,1.018963,0.068787,0.041631,"(-0.23918 0.91342 0.29855)","(-0.25882 0.85582 0.33060)","(0.17561 0.84426 -0.02564)","(0.21271 0.85458 -0.04148)","(-0.20532 0.82991 0.28478)","(-0.14172 0.85934 0.30144)","(-0.14863 0.87232 0.27354)","(-0.14315 0.94435 0.33460)","(0.12532 0.69191 -0.06436)","(0.14535 0.69624 -0.09386)","(0.11090 0.75508 -0.04509)"
426,7.0333,3,1.0000,3,1,grip_normal,two_hand_one_hand,hand_right,hand_right,0.000000,0.595299,0.038084,-1.000000,1.000000,-1.000000,false,3,true,true,0.499782,0.972929,-0.018963,-0.971269,0.500218,1.018963,0.068787,0.041631,"(-0.23918 0.91342 0.29855)","(-0.25882 0.85582 0.33060)","(0.17561 0.84426 -0.02564)","(0.21271 0.85458 -0.04148)","(-0.20532 0.82991 0.28478)","(-0.14172 0.85934 0.30144)","(-0.14863 0.87232 0.27354)","(-0.14315 0.94435 0.33460)","(0.12532 0.69191 -0.06436)","(0.14535 0.69624 -0.09386)","(0.11090 0.75508 -0.04509)"
427,7.0500,3,1.0167,3,1,grip_normal,two_hand_one_hand,hand_right,hand_right,0.000000,0.595299,0.038084,-1.000000,1.000000,-1.000000,false,3,true,true,0.499782,0.972929,-0.018963,-0.971269,0.500218,1.018963,0.068787,0.041631,"(-0.23918 0.91342 0.29855)","(-0.25882 0.85582 0.33060)","(0.17561 0.84426 -0.02564)","(0.21271 0.85458 -0.04148)","(-0.20532 0.82991 0.28478)","(-0.14172 0.85934 0.30144)","(-0.14863 0.87232 0.27354)","(-0.14315 0.94435 0.33460)","(0.12532 0.69191 -0.06436)","(0.14535 0.69624 -0.09386)","(0.11090 0.75508 -0.04509)"
428,7.0667,3,1.0333,3,1,grip_normal,two_hand_one_hand,hand_right,hand_right,0.000000,0.595299,0.038084,-1.000000,1.000000,-1.000000,false,3,true,true,0.499782,0.972929,-0.018963,-0.971269,0.500218,1.018963,0.068787,0.041631,"(-0.23918 0.91342 0.29855)","(-0.25882 0.85582 0.33060)","(0.17561 0.84426 -0.02564)","(0.21271 0.85458 -0.04148)","(-0.20532 0.82991 0.28478)","(-0.14172 0.85934 0.30144)","(-0.14863 0.87232 0.27354)","(-0.14315 0.94435 0.33460)","(0.12532 0.69191 -0.06436)","(0.14535 0.69624 -0.09386)","(0.11090 0.75508 -0.04509)"
429,7.0833,3,1.0500,3,1,grip_normal,two_hand_one_hand,hand_right,hand_right,0.000000,0.595299,0.038084,-1.000000,1.000000,-1.000000,false,3,true,true,0.499782,0.972929,-0.018963,-0.971269,0.500218,1.018963,0.068787,0.041631,"(-0.23918 0.91342 0.29855)","(-0.25882 0.85582 0.33060)","(0.17561 0.84426 -0.02564)","(0.21271 0.85458 -0.04148)","(-0.20532 0.82991 0.28478)","(-0.14172 0.85934 0.30144)","(-0.14863 0.87232 0.27354)","(-0.14315 0.94435 0.33460)","(0.12532 0.69191 -0.06436)","(0.14535 0.69624 -0.09386)","(0.11090 0.75508 -0.04509)"
430,7.1000,3,1.0667,3,1,grip_normal,two_hand_one_hand,hand_right,hand_right,0.000000,0.595299,0.038084,-1.000000,1.000000,-1.000000,false,3,true,true,0.499782,0.972929,-0.018963,-0.971269,0.500218,1.018963,0.068787,0.041631,"(-0.23918 0.91342 0.29855)","(-0.25882 0.85582 0.33060)","(0.17561 0.84426 -0.02564)","(0.21271 0.85458 -0.04148)","(-0.20532 0.82991 0.28478)","(-0.14172 0.85934 0.30144)","(-0.14863 0.87232 0.27354)","(-0.14315 0.94435 0.33460)","(0.12532 0.69191 -0.06436)","(0.14535 0.69624 -0.09386)","(0.11090 0.75508 -0.04509)"
431,7.1167,3,1.0833,3,1,grip_normal,two_hand_one_hand,hand_right,hand_right,0.000000,0.595299,0.038084,-1.000000,1.000000,-1.000000,false,3,true,true,0.499782,0.972929,-0.018963,-0.971269,0.500218,1.018963,0.068787,0.041631,"(-0.23918 0.91342 0.29855)","(-0.25882 0.85582 0.33060)","(0.17561 0.84426 -0.02564)","(0.21271 0.85458 -0.04148)","(-0.20532 0.82991 0.28478)","(-0.14172 0.85934 0.30144)","(-0.14863 0.87232 0.27354)","(-0.14315 0.94435 0.33460)","(0.12532 0.69191 -0.06436)","(0.14535 0.69624 -0.09386)","(0.11090 0.75508 -0.04509)"
432,7.1333,3,1.1000,3,1,grip_normal,two_hand_one_hand,hand_right,hand_right,0.000000,0.595299,0.038084,-1.000000,1.000000,-1.000000,false,3,true,true,0.499782,0.972929,-0.018963,-0.971269,0.500218,1.018963,0.068787,0.041631,"(-0.23918 0.91342 0.29855)","(-0.25882 0.85582 0.33060)","(0.17561 0.84426 -0.02564)","(0.21271 0.85458 -0.04148)","(-0.20532 0.82991 0.28478)","(-0.14172 0.85934 0.30144)","(-0.14863 0.87232 0.27354)","(-0.14315 0.94435 0.33460)","(0.12532 0.69191 -0.06436)","(0.14535 0.69624 -0.09386)","(0.11090 0.75508 -0.04509)"
433,7.1500,3,1.1167,3,1,grip_normal,two_hand_one_hand,hand_right,hand_right,0.000000,0.595299,0.038084,-1.000000,1.000000,-1.000000,false,3,true,true,0.499782,0.972929,-0.018963,-0.971269,0.500218,1.018963,0.068787,0.041631,"(-0.23918 0.91342 0.29855)","(-0.25882 0.85582 0.33060)","(0.17561 0.84426 -0.02564)","(0.21271 0.85458 -0.04148)","(-0.20532 0.82991 0.28478)","(-0.14172 0.85934 0.30144)","(-0.14863 0.87232 0.27354)","(-0.14315 0.94435 0.33460)","(0.12532 0.69191 -0.06436)","(0.14535 0.69624 -0.09386)","(0.11090 0.75508 -0.04509)"
434,7.1667,3,1.1333,3,1,grip_normal,two_hand_one_hand,hand_right,hand_right,0.000000,0.595299,0.038084,-1.000000,1.000000,-1.000000,false,3,true,true,0.499782,0.972929,-0.018963,-0.971269,0.500218,1.018963,0.068787,0.041631,"(-0.23918 0.91342 0.29855)","(-0.25882 0.85582 0.33060)","(0.17561 0.84426 -0.02564)","(0.21271 0.85458 -0.04148)","(-0.20532 0.82991 0.28478)","(-0.14172 0.85934 0.30144)","(-0.14863 0.87232 0.27354)","(-0.14315 0.94435 0.33460)","(0.12532 0.69191 -0.06436)","(0.14535 0.69624 -0.09386)","(0.11090 0.75508 -0.04509)"
435,7.1833,3,1.1500,3,1,grip_normal,two_hand_one_hand,hand_right,hand_right,0.000000,0.595299,0.038084,-1.000000,1.000000,-1.000000,false,3,true,true,0.499782,0.972929,-0.018963,-0.971269,0.500218,1.018963,0.068787,0.041631,"(-0.23918 0.91342 0.29855)","(-0.25882 0.85582 0.33060)","(0.17561 0.84426 -0.02564)","(0.21271 0.85458 -0.04148)","(-0.20532 0.82991 0.28478)","(-0.14172 0.85934 0.30144)","(-0.14863 0.87232 0.27354)","(-0.14315 0.94435 0.33460)","(0.12532 0.69191 -0.06436)","(0.14535 0.69624 -0.09386)","(0.11090 0.75508 -0.04509)"
436,7.2000,3,1.1667,3,1,grip_normal,two_hand_one_hand,hand_right,hand_right,0.000000,0.595299,0.038084,-1.000000,1.000000,-1.000000,false,3,true,true,0.499782,0.972929,-0.018963,-0.971269,0.500218,1.018963,0.068787,0.041631,"(-0.23918 0.91342 0.29855)","(-0.25882 0.85582 0.33060)","(0.17561 0.84426 -0.02564)","(0.21271 0.85458 -0.04148)","(-0.20532 0.82991 0.28478)","(-0.14172 0.85934 0.30144)","(-0.14863 0.87232 0.27354)","(-0.14315 0.94435 0.33460)","(0.12532 0.69191 -0.06436)","(0.14535 0.69624 -0.09386)","(0.11090 0.75508 -0.04509)"
437,7.2167,3,1.1833,3,1,grip_normal,two_hand_one_hand,hand_right,hand_right,0.000000,0.595299,0.038084,-1.000000,1.000000,-1.000000,false,3,true,true,0.499782,0.972929,-0.018963,-0.971269,0.500218,1.018963,0.068787,0.041631,"(-0.23918 0.91342 0.29855)","(-0.25882 0.85582 0.33060)","(0.17561 0.84426 -0.02564)","(0.21271 0.85458 -0.04148)","(-0.20532 0.82991 0.28478)","(-0.14172 0.85934 0.30144)","(-0.14863 0.87232 0.27354)","(-0.14315 0.94435 0.33460)","(0.12532 0.69191 -0.06436)","(0.14535 0.69624 -0.09386)","(0.11090 0.75508 -0.04509)"
438,7.2333,3,1.2000,3,1,grip_normal,two_hand_one_hand,hand_right,hand_right,0.000000,0.595299,0.038084,-1.000000,1.000000,-1.000000,false,3,true,true,0.499782,0.972929,-0.018963,-0.971269,0.500218,1.018963,0.068787,0.041631,"(-0.23918 0.91342 0.29855)","(-0.25882 0.85582 0.33060)","(0.17561 0.84426 -0.02564)","(0.21271 0.85458 -0.04148)","(-0.20532 0.82991 0.28478)","(-0.14172 0.85934 0.30144)","(-0.14863 0.87232 0.27354)","(-0.14315 0.94435 0.33460)","(0.12532 0.69191 -0.06436)","(0.14535 0.69624 -0.09386)","(0.11090 0.75508 -0.04509)"
439,7.2500,3,1.2167,3,1,grip_normal,two_hand_one_hand,hand_right,hand_right,0.000000,0.595299,0.038084,-1.000000,1.000000,-1.000000,false,3,true,true,0.499782,0.972929,-0.018963,-0.971269,0.500218,1.018963,0.068787,0.041631,"(-0.23918 0.91342 0.29855)","(-0.25882 0.85582 0.33060)","(0.17561 0.84426 -0.02564)","(0.21271 0.85458 -0.04148)","(-0.20532 0.82991 0.28478)","(-0.14172 0.85934 0.30144)","(-0.14863 0.87232 0.27354)","(-0.14315 0.94435 0.33460)","(0.12532 0.69191 -0.06436)","(0.14535 0.69624 -0.09386)","(0.11090 0.75508 -0.04509)"
440,7.2667,3,1.2333,3,1,grip_normal,two_hand_one_hand,hand_right,hand_right,0.000000,0.595299,0.038084,-1.000000,1.000000,-1.000000,false,3,true,true,0.499782,0.972929,-0.018963,-0.971269,0.500218,1.018963,0.068787,0.041631,"(-0.23918 0.91342 0.29855)","(-0.25882 0.85582 0.33060)","(0.17561 0.84426 -0.02564)","(0.21271 0.85458 -0.04148)","(-0.20532 0.82991 0.28478)","(-0.14172 0.85934 0.30144)","(-0.14863 0.87232 0.27354)","(-0.14315 0.94435 0.33460)","(0.12532 0.69191 -0.06436)","(0.14535 0.69624 -0.09386)","(0.11090 0.75508 -0.04509)"
441,7.2833,3,1.2500,3,1,grip_normal,two_hand_one_hand,hand_right,hand_right,0.000000,0.595299,0.038084,-1.000000,1.000000,-1.000000,false,3,true,true,0.499782,0.972929,-0.018963,-0.971269,0.500218,1.018963,0.068787,0.041631,"(-0.23918 0.91342 0.29855)","(-0.25882 0.85582 0.33060)","(0.17561 0.84426 -0.02564)","(0.21271 0.85458 -0.04148)","(-0.20532 0.82991 0.28478)","(-0.14172 0.85934 0.30144)","(-0.14863 0.87232 0.27354)","(-0.14315 0.94435 0.33460)","(0.12532 0.69191 -0.06436)","(0.14535 0.69624 -0.09386)","(0.11090 0.75508 -0.04509)"
442,7.3000,3,1.2667,3,1,grip_normal,two_hand_one_hand,hand_right,hand_right,0.000000,0.595299,0.038084,-1.000000,1.000000,-1.000000,false,3,true,true,0.499782,0.972929,-0.018963,-0.971269,0.500218,1.018963,0.068787,0.041631,"(-0.23918 0.91342 0.29855)","(-0.25882 0.85582 0.33060)","(0.17561 0.84426 -0.02564)","(0.21271 0.85458 -0.04148)","(-0.20532 0.82991 0.28478)","(-0.14172 0.85934 0.30144)","(-0.14863 0.87232 0.27354)","(-0.14315 0.94435 0.33460)","(0.12532 0.69191 -0.06436)","(0.14535 0.69624 -0.09386)","(0.11090 0.75508 -0.04509)"
443,7.3167,3,1.2833,3,1,grip_normal,two_hand_one_hand,hand_right,hand_right,0.000000,0.595299,0.038084,-1.000000,1.000000,-1.000000,false,3,true,true,0.499782,0.972929,-0.018963,-0.971269,0.500218,1.018963,0.068787,0.041631,"(-0.23918 0.91342 0.29855)","(-0.25882 0.85582 0.33060)","(0.17561 0.84426 -0.02564)","(0.21271 0.85458 -0.04148)","(-0.20532 0.82991 0.28478)","(-0.14172 0.85934 0.30144)","(-0.14863 0.87232 0.27354)","(-0.14315 0.94435 0.33460)","(0.12532 0.69191 -0.06436)","(0.14535 0.69624 -0.09386)","(0.11090 0.75508 -0.04509)"
444,7.3333,3,1.3000,3,1,grip_normal,two_hand_one_hand,hand_right,hand_right,0.000000,0.595299,0.038084,-1.000000,1.000000,-1.000000,false,3,true,true,0.499782,0.972929,-0.018963,-0.971269,0.500218,1.018963,0.068787,0.041631,"(-0.23918 0.91342 0.29855)","(-0.25882 0.85582 0.33060)","(0.17561 0.84426 -0.02564)","(0.21271 0.85458 -0.04148)","(-0.20532 0.82991 0.28478)","(-0.14172 0.85934 0.30144)","(-0.14863 0.87232 0.27354)","(-0.14315 0.94435 0.33460)","(0.12532 0.69191 -0.06436)","(0.14535 0.69624 -0.09386)","(0.11090 0.75508 -0.04509)"
445,7.3500,3,1.3167,3,1,grip_normal,two_hand_one_hand,hand_right,hand_right,0.000000,0.595299,0.038084,-1.000000,1.000000,-1.000000,false,3,true,true,0.499782,0.972929,-0.018963,-0.971269,0.500218,1.018963,0.068787,0.041631,"(-0.23918 0.91342 0.29855)","(-0.25882 0.85582 0.33060)","(0.17561 0.84426 -0.02564)","(0.21271 0.85458 -0.04148)","(-0.20532 0.82991 0.28478)","(-0.14172 0.85934 0.30144)","(-0.14863 0.87232 0.27354)","(-0.14315 0.94435 0.33460)","(0.12532 0.69191 -0.06436)","(0.14535 0.69624 -0.09386)","(0.11090 0.75508 -0.04509)"
446,7.3667,3,1.3333,3,1,grip_normal,two_hand_one_hand,hand_right,hand_right,0.000000,0.595299,0.038084,-1.000000,1.000000,-1.000000,false,3,true,true,0.499782,0.972929,-0.018963,-0.971269,0.500218,1.018963,0.068787,0.041631,"(-0.23918 0.91342 0.29855)","(-0.25882 0.85582 0.33060)","(0.17561 0.84426 -0.02564)","(0.21271 0.85458 -0.04148)","(-0.20532 0.82991 0.28478)","(-0.14172 0.85934 0.30144)","(-0.14863 0.87232 0.27354)","(-0.14315 0.94435 0.33460)","(0.12532 0.69191 -0.06436)","(0.14535 0.69624 -0.09386)","(0.11090 0.75508 -0.04509)"
447,7.3833,3,1.3500,3,1,grip_normal,two_hand_one_hand,hand_right,hand_right,0.000000,0.595299,0.038084,-1.000000,1.000000,-1.000000,false,3,true,true,0.499782,0.972929,-0.018963,-0.971269,0.500218,1.018963,0.068787,0.041631,"(-0.23918 0.91342 0.29855)","(-0.25882 0.85582 0.33060)","(0.17561 0.84426 -0.02564)","(0.21271 0.85458 -0.04148)","(-0.20532 0.82991 0.28478)","(-0.14172 0.85934 0.30144)","(-0.14863 0.87232 0.27354)","(-0.14315 0.94435 0.33460)","(0.12532 0.69191 -0.06436)","(0.14535 0.69624 -0.09386)","(0.11090 0.75508 -0.04509)"
448,7.4000,3,1.3667,3,1,grip_normal,two_hand_one_hand,hand_right,hand_right,0.000000,0.595299,0.038084,-1.000000,1.000000,-1.000000,false,3,true,true,0.499782,0.972929,-0.018963,-0.971269,0.500218,1.018963,0.068787,0.041631,"(-0.23918 0.91342 0.29855)","(-0.25882 0.85582 0.33060)","(0.17561 0.84426 -0.02564)","(0.21271 0.85458 -0.04148)","(-0.20532 0.82991 0.28478)","(-0.14172 0.85934 0.30144)","(-0.14863 0.87232 0.27354)","(-0.14315 0.94435 0.33460)","(0.12532 0.69191 -0.06436)","(0.14535 0.69624 -0.09386)","(0.11090 0.75508 -0.04509)"
449,7.4167,3,1.3833,3,1,grip_normal,two_hand_one_hand,hand_right,hand_right,0.000000,0.595299,0.038084,-1.000000,1.000000,-1.000000,false,3,true,true,0.499782,0.972929,-0.018963,-0.971269,0.500218,1.018963,0.068787,0.041631,"(-0.23918 0.91342 0.29855)","(-0.25882 0.85582 0.33060)","(0.17561 0.84426 -0.02564)","(0.21271 0.85458 -0.04148)","(-0.20532 0.82991 0.28478)","(-0.14172 0.85934 0.30144)","(-0.14863 0.87232 0.27354)","(-0.14315 0.94435 0.33460)","(0.12532 0.69191 -0.06436)","(0.14535 0.69624 -0.09386)","(0.11090 0.75508 -0.04509)"
450,7.4333,3,1.4000,3,1,grip_normal,two_hand_one_hand,hand_right,hand_right,0.000000,0.595299,0.038084,-1.000000,1.000000,-1.000000,false,3,true,true,0.499782,0.972929,-0.018963,-0.971269,0.500218,1.018963,0.068787,0.041631,"(-0.23918 0.91342 0.29855)","(-0.25882 0.85582 0.33060)","(0.17561 0.84426 -0.02564)","(0.21271 0.85458 -0.04148)","(-0.20532 0.82991 0.28478)","(-0.14172 0.85934 0.30144)","(-0.14863 0.87232 0.27354)","(-0.14315 0.94435 0.33460)","(0.12532 0.69191 -0.06436)","(0.14535 0.69624 -0.09386)","(0.11090 0.75508 -0.04509)"
451,7.4500,3,1.4167,3,1,grip_normal,two_hand_one_hand,hand_right,hand_right,0.000000,0.595299,0.038084,-1.000000,1.000000,-1.000000,false,3,true,true,0.499782,0.972929,-0.018963,-0.971269,0.500218,1.018963,0.068787,0.041631,"(-0.23918 0.91342 0.29855)","(-0.25882 0.85582 0.33060)","(0.17561 0.84426 -0.02564)","(0.21271 0.85458 -0.04148)","(-0.20532 0.82991 0.28478)","(-0.14172 0.85934 0.30144)","(-0.14863 0.87232 0.27354)","(-0.14315 0.94435 0.33460)","(0.12532 0.69191 -0.06436)","(0.14535 0.69624 -0.09386)","(0.11090 0.75508 -0.04509)"
452,7.4667,3,1.4333,3,1,grip_normal,two_hand_one_hand,hand_right,hand_right,0.000000,0.595299,0.038084,-1.000000,1.000000,-1.000000,false,3,true,true,0.499782,0.972929,-0.018963,-0.971269,0.500218,1.018963,0.068787,0.041631,"(-0.23918 0.91342 0.29855)","(-0.25882 0.85582 0.33060)","(0.17561 0.84426 -0.02564)","(0.21271 0.85458 -0.04148)","(-0.20532 0.82991 0.28478)","(-0.14172 0.85934 0.30144)","(-0.14863 0.87232 0.27354)","(-0.14315 0.94435 0.33460)","(0.12532 0.69191 -0.06436)","(0.14535 0.69624 -0.09386)","(0.11090 0.75508 -0.04509)"
453,7.4833,3,1.4500,3,1,grip_normal,two_hand_one_hand,hand_right,hand_right,0.000000,0.595299,0.038084,-1.000000,1.000000,-1.000000,false,3,true,true,0.499782,0.972929,-0.018963,-0.971269,0.500218,1.018963,0.068787,0.041631,"(-0.23918 0.91342 0.29855)","(-0.25882 0.85582 0.33060)","(0.17561 0.84426 -0.02564)","(0.21271 0.85458 -0.04148)","(-0.20532 0.82991 0.28478)","(-0.14172 0.85934 0.30144)","(-0.14863 0.87232 0.27354)","(-0.14315 0.94435 0.33460)","(0.12532 0.69191 -0.06436)","(0.14535 0.69624 -0.09386)","(0.11090 0.75508 -0.04509)"
454,7.5000,3,1.4667,3,1,grip_normal,two_hand_one_hand,hand_right,hand_right,0.000000,0.595299,0.038084,-1.000000,1.000000,-1.000000,false,3,true,true,0.499782,0.972929,-0.018963,-0.971269,0.500218,1.018963,0.068787,0.041631,"(-0.23918 0.91342 0.29855)","(-0.25882 0.85582 0.33060)","(0.17561 0.84426 -0.02564)","(0.21271 0.85458 -0.04148)","(-0.20532 0.82991 0.28478)","(-0.14172 0.85934 0.30144)","(-0.14863 0.87232 0.27354)","(-0.14315 0.94435 0.33460)","(0.12532 0.69191 -0.06436)","(0.14535 0.69624 -0.09386)","(0.11090 0.75508 -0.04509)"
455,7.5167,3,1.4833,3,1,grip_normal,two_hand_one_hand,hand_right,hand_right,0.000000,0.595299,0.038084,-1.000000,1.000000,-1.000000,false,3,true,true,0.499782,0.972929,-0.018963,-0.971269,0.500218,1.018963,0.068787,0.041631,"(-0.23918 0.91342 0.29855)","(-0.25882 0.85582 0.33060)","(0.17561 0.84426 -0.02564)","(0.21271 0.85458 -0.04148)","(-0.20532 0.82991 0.28478)","(-0.14172 0.85934 0.30144)","(-0.14863 0.87232 0.27354)","(-0.14315 0.94435 0.33460)","(0.12532 0.69191 -0.06436)","(0.14535 0.69624 -0.09386)","(0.11090 0.75508 -0.04509)"
456,7.5333,3,1.5000,3,1,grip_normal,two_hand_one_hand,hand_right,hand_right,0.000000,0.595299,0.038084,-1.000000,1.000000,-1.000000,false,3,true,true,0.499782,0.972929,-0.018963,-0.971269,0.500218,1.018963,0.068787,0.041631,"(-0.23918 0.91342 0.29855)","(-0.25882 0.85582 0.33060)","(0.17561 0.84426 -0.02564)","(0.21271 0.85458 -0.04148)","(-0.20532 0.82991 0.28478)","(-0.14172 0.85934 0.30144)","(-0.14863 0.87232 0.27354)","(-0.14315 0.94435 0.33460)","(0.12532 0.69191 -0.06436)","(0.14535 0.69624 -0.09386)","(0.11090 0.75508 -0.04509)"
457,7.5500,3,1.5167,3,1,grip_normal,two_hand_one_hand,hand_right,hand_right,0.000000,0.595299,0.038084,-1.000000,1.000000,-1.000000,false,3,true,true,0.499782,0.972929,-0.018963,-0.971269,0.500218,1.018963,0.068787,0.041631,"(-0.23918 0.91342 0.29855)","(-0.25882 0.85582 0.33060)","(0.17561 0.84426 -0.02564)","(0.21271 0.85458 -0.04148)","(-0.20532 0.82991 0.28478)","(-0.14172 0.85934 0.30144)","(-0.14863 0.87232 0.27354)","(-0.14315 0.94435 0.33460)","(0.12532 0.69191 -0.06436)","(0.14535 0.69624 -0.09386)","(0.11090 0.75508 -0.04509)"
458,7.5667,3,1.5333,3,1,grip_normal,two_hand_one_hand,hand_right,hand_right,0.000000,0.595299,0.038084,-1.000000,1.000000,-1.000000,false,3,true,true,0.499782,0.972929,-0.018963,-0.971269,0.500218,1.018963,0.068787,0.041631,"(-0.23918 0.91342 0.29855)","(-0.25882 0.85582 0.33060)","(0.17561 0.84426 -0.02564)","(0.21271 0.85458 -0.04148)","(-0.20532 0.82991 0.28478)","(-0.14172 0.85934 0.30144)","(-0.14863 0.87232 0.27354)","(-0.14315 0.94435 0.33460)","(0.12532 0.69191 -0.06436)","(0.14535 0.69624 -0.09386)","(0.11090 0.75508 -0.04509)"
459,7.5833,3,1.5500,3,1,grip_normal,two_hand_one_hand,hand_right,hand_right,0.000000,0.595299,0.038084,-1.000000,1.000000,-1.000000,false,3,true,true,0.499782,0.972929,-0.018963,-0.971269,0.500218,1.018963,0.068787,0.041631,"(-0.23918 0.91342 0.29855)","(-0.25882 0.85582 0.33060)","(0.17561 0.84426 -0.02564)","(0.21271 0.85458 -0.04148)","(-0.20532 0.82991 0.28478)","(-0.14172 0.85934 0.30144)","(-0.14863 0.87232 0.27354)","(-0.14315 0.94435 0.33460)","(0.12532 0.69191 -0.06436)","(0.14535 0.69624 -0.09386)","(0.11090 0.75508 -0.04509)"
460,7.6000,3,1.5667,3,1,grip_normal,two_hand_one_hand,hand_right,hand_right,0.000000,0.595299,0.038084,-1.000000,1.000000,-1.000000,false,3,true,true,0.499782,0.972929,-0.018963,-0.971269,0.500218,1.018963,0.068787,0.041631,"(-0.23918 0.91342 0.29855)","(-0.25882 0.85582 0.33060)","(0.17561 0.84426 -0.02564)","(0.21271 0.85458 -0.04148)","(-0.20532 0.82991 0.28478)","(-0.14172 0.85934 0.30144)","(-0.14863 0.87232 0.27354)","(-0.14315 0.94435 0.33460)","(0.12532 0.69191 -0.06436)","(0.14535 0.69624 -0.09386)","(0.11090 0.75508 -0.04509)"
461,7.6167,3,1.5833,3,1,grip_normal,two_hand_one_hand,hand_right,hand_right,0.000000,0.595299,0.038084,-1.000000,1.000000,-1.000000,false,3,true,true,0.499782,0.972929,-0.018963,-0.971269,0.500218,1.018963,0.068787,0.041631,"(-0.23918 0.91342 0.29855)","(-0.25882 0.85582 0.33060)","(0.17561 0.84426 -0.02564)","(0.21271 0.85458 -0.04148)","(-0.20532 0.82991 0.28478)","(-0.14172 0.85934 0.30144)","(-0.14863 0.87232 0.27354)","(-0.14315 0.94435 0.33460)","(0.12532 0.69191 -0.06436)","(0.14535 0.69624 -0.09386)","(0.11090 0.75508 -0.04509)"
462,7.6333,3,1.6000,3,1,grip_normal,two_hand_one_hand,hand_right,hand_right,0.000000,0.595299,0.038084,-1.000000,1.000000,-1.000000,false,3,true,true,0.499782,0.972929,-0.018963,-0.971269,0.500218,1.018963,0.068787,0.041631,"(-0.23918 0.91342 0.29855)","(-0.25882 0.85582 0.33060)","(0.17561 0.84426 -0.02564)","(0.21271 0.85458 -0.04148)","(-0.20532 0.82991 0.28478)","(-0.14172 0.85934 0.30144)","(-0.14863 0.87232 0.27354)","(-0.14315 0.94435 0.33460)","(0.12532 0.69191 -0.06436)","(0.14535 0.69624 -0.09386)","(0.11090 0.75508 -0.04509)"
463,7.6500,3,1.6167,3,1,grip_normal,two_hand_one_hand,hand_right,hand_right,0.000000,0.595299,0.038084,-1.000000,1.000000,-1.000000,false,3,true,true,0.499782,0.972929,-0.018963,-0.971269,0.500218,1.018963,0.068787,0.041631,"(-0.23918 0.91342 0.29855)","(-0.25882 0.85582 0.33060)","(0.17561 0.84426 -0.02564)","(0.21271 0.85458 -0.04148)","(-0.20532 0.82991 0.28478)","(-0.14172 0.85934 0.30144)","(-0.14863 0.87232 0.27354)","(-0.14315 0.94435 0.33460)","(0.12532 0.69191 -0.06436)","(0.14535 0.69624 -0.09386)","(0.11090 0.75508 -0.04509)"
464,7.6667,3,1.6333,3,1,grip_normal,two_hand_one_hand,hand_right,hand_right,0.000000,0.595299,0.038084,-1.000000,1.000000,-1.000000,false,3,true,true,0.499782,0.972929,-0.018963,-0.971269,0.500218,1.018963,0.068787,0.041631,"(-0.23918 0.91342 0.29855)","(-0.25882 0.85582 0.33060)","(0.17561 0.84426 -0.02564)","(0.21271 0.85458 -0.04148)","(-0.20532 0.82991 0.28478)","(-0.14172 0.85934 0.30144)","(-0.14863 0.87232 0.27354)","(-0.14315 0.94435 0.33460)","(0.12532 0.69191 -0.06436)","(0.14535 0.69624 -0.09386)","(0.11090 0.75508 -0.04509)"
465,7.6833,3,1.6500,3,1,grip_normal,two_hand_one_hand,hand_right,hand_right,0.000000,0.595299,0.038084,-1.000000,1.000000,-1.000000,false,3,true,true,0.499782,0.972929,-0.018963,-0.971269,0.500218,1.018963,0.068787,0.041631,"(-0.23918 0.91342 0.29855)","(-0.25882 0.85582 0.33060)","(0.17561 0.84426 -0.02564)","(0.21271 0.85458 -0.04148)","(-0.20532 0.82991 0.28478)","(-0.14172 0.85934 0.30144)","(-0.14863 0.87232 0.27354)","(-0.14315 0.94435 0.33460)","(0.12532 0.69191 -0.06436)","(0.14535 0.69624 -0.09386)","(0.11090 0.75508 -0.04509)"
466,7.7000,3,1.6667,3,1,grip_normal,two_hand_one_hand,hand_right,hand_right,0.000000,0.595299,0.038084,-1.000000,1.000000,-1.000000,false,3,true,true,0.499782,0.972929,-0.018963,-0.971269,0.500218,1.018963,0.068787,0.041631,"(-0.23918 0.91342 0.29855)","(-0.25882 0.85582 0.33060)","(0.17561 0.84426 -0.02564)","(0.21271 0.85458 -0.04148)","(-0.20532 0.82991 0.28478)","(-0.14172 0.85934 0.30144)","(-0.14863 0.87232 0.27354)","(-0.14315 0.94435 0.33460)","(0.12532 0.69191 -0.06436)","(0.14535 0.69624 -0.09386)","(0.11090 0.75508 -0.04509)"
467,7.7167,3,1.6833,3,1,grip_normal,two_hand_one_hand,hand_right,hand_right,0.000000,0.595299,0.038084,-1.000000,1.000000,-1.000000,false,3,true,true,0.499782,0.972929,-0.018963,-0.971269,0.500218,1.018963,0.068787,0.041631,"(-0.23918 0.91342 0.29855)","(-0.25882 0.85582 0.33060)","(0.17561 0.84426 -0.02564)","(0.21271 0.85458 -0.04148)","(-0.20532 0.82991 0.28478)","(-0.14172 0.85934 0.30144)","(-0.14863 0.87232 0.27354)","(-0.14315 0.94435 0.33460)","(0.12532 0.69191 -0.06436)","(0.14535 0.69624 -0.09386)","(0.11090 0.75508 -0.04509)"
468,7.7333,3,1.7000,3,1,grip_normal,two_hand_one_hand,hand_right,hand_right,0.000000,0.595299,0.038084,-1.000000,1.000000,-1.000000,false,3,true,true,0.499782,0.972929,-0.018963,-0.971269,0.500218,1.018963,0.068787,0.041631,"(-0.23918 0.91342 0.29855)","(-0.25882 0.85582 0.33060)","(0.17561 0.84426 -0.02564)","(0.21271 0.85458 -0.04148)","(-0.20532 0.82991 0.28478)","(-0.14172 0.85934 0.30144)","(-0.14863 0.87232 0.27354)","(-0.14315 0.94435 0.33460)","(0.12532 0.69191 -0.06436)","(0.14535 0.69624 -0.09386)","(0.11090 0.75508 -0.04509)"
469,7.7500,3,1.7167,3,1,grip_normal,two_hand_one_hand,hand_right,hand_right,0.000000,0.595299,0.038084,-1.000000,1.000000,-1.000000,false,3,true,true,0.499782,0.972929,-0.018963,-0.971269,0.500218,1.018963,0.068787,0.041631,"(-0.23918 0.91342 0.29855)","(-0.25882 0.85582 0.33060)","(0.17561 0.84426 -0.02564)","(0.21271 0.85458 -0.04148)","(-0.20532 0.82991 0.28478)","(-0.14172 0.85934 0.30144)","(-0.14863 0.87232 0.27354)","(-0.14315 0.94435 0.33460)","(0.12532 0.69191 -0.06436)","(0.14535 0.69624 -0.09386)","(0.11090 0.75508 -0.04509)"
470,7.7667,3,1.7333,3,1,grip_normal,two_hand_one_hand,hand_right,hand_right,0.000000,0.595299,0.038084,-1.000000,1.000000,-1.000000,false,3,true,true,0.499782,0.972929,-0.018963,-0.971269,0.500218,1.018963,0.068787,0.041631,"(-0.23918 0.91342 0.29855)","(-0.25882 0.85582 0.33060)","(0.17561 0.84426 -0.02564)","(0.21271 0.85458 -0.04148)","(-0.20532 0.82991 0.28478)","(-0.14172 0.85934 0.30144)","(-0.14863 0.87232 0.27354)","(-0.14315 0.94435 0.33460)","(0.12532 0.69191 -0.06436)","(0.14535 0.69624 -0.09386)","(0.11090 0.75508 -0.04509)"
471,7.7833,3,1.7500,3,1,grip_normal,two_hand_one_hand,hand_right,hand_right,0.000000,0.595299,0.038084,-1.000000,1.000000,-1.000000,false,3,true,true,0.499782,0.972929,-0.018963,-0.971269,0.500218,1.018963,0.068787,0.041631,"(-0.23918 0.91342 0.29855)","(-0.25882 0.85582 0.33060)","(0.17561 0.84426 -0.02564)","(0.21271 0.85458 -0.04148)","(-0.20532 0.82991 0.28478)","(-0.14172 0.85934 0.30144)","(-0.14863 0.87232 0.27354)","(-0.14315 0.94435 0.33460)","(0.12532 0.69191 -0.06436)","(0.14535 0.69624 -0.09386)","(0.11090 0.75508 -0.04509)"
472,7.8000,3,1.7667,3,1,grip_normal,two_hand_one_hand,hand_right,hand_right,0.000000,0.595299,0.038084,-1.000000,1.000000,-1.000000,false,3,true,true,0.499782,0.972929,-0.018963,-0.971269,0.500218,1.018963,0.068787,0.041631,"(-0.23918 0.91342 0.29855)","(-0.25882 0.85582 0.33060)","(0.17561 0.84426 -0.02564)","(0.21271 0.85458 -0.04148)","(-0.20532 0.82991 0.28478)","(-0.14172 0.85934 0.30144)","(-0.14863 0.87232 0.27354)","(-0.14315 0.94435 0.33460)","(0.12532 0.69191 -0.06436)","(0.14535 0.69624 -0.09386)","(0.11090 0.75508 -0.04509)"
473,7.8167,3,1.7833,3,1,grip_normal,two_hand_one_hand,hand_right,hand_right,0.000000,0.595299,0.038084,-1.000000,1.000000,-1.000000,false,3,true,true,0.499782,0.972929,-0.018963,-0.971269,0.500218,1.018963,0.068787,0.041631,"(-0.23918 0.91342 0.29855)","(-0.25882 0.85582 0.33060)","(0.17561 0.84426 -0.02564)","(0.21271 0.85458 -0.04148)","(-0.20532 0.82991 0.28478)","(-0.14172 0.85934 0.30144)","(-0.14863 0.87232 0.27354)","(-0.14315 0.94435 0.33460)","(0.12532 0.69191 -0.06436)","(0.14535 0.69624 -0.09386)","(0.11090 0.75508 -0.04509)"
474,7.8333,3,1.8000,3,1,grip_normal,two_hand_one_hand,hand_right,hand_right,0.000000,0.595299,0.038084,-1.000000,1.000000,-1.000000,false,3,true,true,0.499782,0.972929,-0.018963,-0.971269,0.500218,1.018963,0.068787,0.041631,"(-0.23918 0.91342 0.29855)","(-0.25882 0.85582 0.33060)","(0.17561 0.84426 -0.02564)","(0.21271 0.85458 -0.04148)","(-0.20532 0.82991 0.28478)","(-0.14172 0.85934 0.30144)","(-0.14863 0.87232 0.27354)","(-0.14315 0.94435 0.33460)","(0.12532 0.69191 -0.06436)","(0.14535 0.69624 -0.09386)","(0.11090 0.75508 -0.04509)"
475,7.8500,3,1.8167,3,1,grip_normal,two_hand_one_hand,hand_right,hand_right,0.000000,0.595299,0.038084,-1.000000,1.000000,-1.000000,false,3,true,true,0.499782,0.972929,-0.018963,-0.971269,0.500218,1.018963,0.068787,0.041631,"(-0.23918 0.91342 0.29855)","(-0.25882 0.85582 0.33060)","(0.17561 0.84426 -0.02564)","(0.21271 0.85458 -0.04148)","(-0.20532 0.82991 0.28478)","(-0.14172 0.85934 0.30144)","(-0.14863 0.87232 0.27354)","(-0.14315 0.94435 0.33460)","(0.12532 0.69191 -0.06436)","(0.14535 0.69624 -0.09386)","(0.11090 0.75508 -0.04509)"
476,7.8667,3,1.8333,3,1,grip_normal,two_hand_one_hand,hand_right,hand_right,0.000000,0.595299,0.038084,-1.000000,1.000000,-1.000000,false,3,true,true,0.499782,0.972929,-0.018963,-0.971269,0.500218,1.018963,0.068787,0.041631,"(-0.23918 0.91342 0.29855)","(-0.25882 0.85582 0.33060)","(0.17561 0.84426 -0.02564)","(0.21271 0.85458 -0.04148)","(-0.20532 0.82991 0.28478)","(-0.14172 0.85934 0.30144)","(-0.14863 0.87232 0.27354)","(-0.14315 0.94435 0.33460)","(0.12532 0.69191 -0.06436)","(0.14535 0.69624 -0.09386)","(0.11090 0.75508 -0.04509)"
477,7.8833,3,1.8500,3,1,grip_normal,two_hand_one_hand,hand_right,hand_right,0.000000,0.595299,0.038084,-1.000000,1.000000,-1.000000,false,3,true,true,0.499782,0.972929,-0.018963,-0.971269,0.500218,1.018963,0.068787,0.041631,"(-0.23918 0.91342 0.29855)","(-0.25882 0.85582 0.33060)","(0.17561 0.84426 -0.02564)","(0.21271 0.85458 -0.04148)","(-0.20532 0.82991 0.28478)","(-0.14172 0.85934 0.30144)","(-0.14863 0.87232 0.27354)","(-0.14315 0.94435 0.33460)","(0.12532 0.69191 -0.06436)","(0.14535 0.69624 -0.09386)","(0.11090 0.75508 -0.04509)"
478,7.9000,3,1.8667,3,1,grip_normal,two_hand_one_hand,hand_right,hand_right,0.000000,0.595299,0.038084,-1.000000,1.000000,-1.000000,false,3,true,true,0.499782,0.972929,-0.018963,-0.971269,0.500218,1.018963,0.068787,0.041631,"(-0.23918 0.91342 0.29855)","(-0.25882 0.85582 0.33060)","(0.17561 0.84426 -0.02564)","(0.21271 0.85458 -0.04148)","(-0.20532 0.82991 0.28478)","(-0.14172 0.85934 0.30144)","(-0.14863 0.87232 0.27354)","(-0.14315 0.94435 0.33460)","(0.12532 0.69191 -0.06436)","(0.14535 0.69624 -0.09386)","(0.11090 0.75508 -0.04509)"
479,7.9167,3,1.8833,3,1,grip_normal,two_hand_one_hand,hand_right,hand_right,0.000000,0.595299,0.038084,-1.000000,1.000000,-1.000000,false,3,true,true,0.499782,0.972929,-0.018963,-0.971269,0.500218,1.018963,0.068787,0.041631,"(-0.23918 0.91342 0.29855)","(-0.25882 0.85582 0.33060)","(0.17561 0.84426 -0.02564)","(0.21271 0.85458 -0.04148)","(-0.20532 0.82991 0.28478)","(-0.14172 0.85934 0.30144)","(-0.14863 0.87232 0.27354)","(-0.14315 0.94435 0.33460)","(0.12532 0.69191 -0.06436)","(0.14535 0.69624 -0.09386)","(0.11090 0.75508 -0.04509)"
480,7.9333,3,1.9000,3,1,grip_normal,two_hand_one_hand,hand_right,hand_right,0.000000,0.595299,0.038084,-1.000000,1.000000,-1.000000,false,3,true,true,0.499782,0.972929,-0.018963,-0.971269,0.500218,1.018963,0.068787,0.041631,"(-0.23918 0.91342 0.29855)","(-0.25882 0.85582 0.33060)","(0.17561 0.84426 -0.02564)","(0.21271 0.85458 -0.04148)","(-0.20532 0.82991 0.28478)","(-0.14172 0.85934 0.30144)","(-0.14863 0.87232 0.27354)","(-0.14315 0.94435 0.33460)","(0.12532 0.69191 -0.06436)","(0.14535 0.69624 -0.09386)","(0.11090 0.75508 -0.04509)"
481,7.9500,3,1.9167,3,1,grip_normal,two_hand_one_hand,hand_right,hand_right,0.000000,0.595299,0.038084,-1.000000,1.000000,-1.000000,false,3,true,true,0.499782,0.972929,-0.018963,-0.971269,0.500218,1.018963,0.068787,0.041631,"(-0.23918 0.91342 0.29855)","(-0.25882 0.85582 0.33060)","(0.17561 0.84426 -0.02564)","(0.21271 0.85458 -0.04148)","(-0.20532 0.82991 0.28478)","(-0.14172 0.85934 0.30144)","(-0.14863 0.87232 0.27354)","(-0.14315 0.94435 0.33460)","(0.12532 0.69191 -0.06436)","(0.14535 0.69624 -0.09386)","(0.11090 0.75508 -0.04509)"
482,7.9667,3,1.9333,3,1,grip_normal,two_hand_one_hand,hand_right,hand_right,0.000000,0.595299,0.038084,-1.000000,1.000000,-1.000000,false,3,true,true,0.499782,0.972929,-0.018963,-0.971269,0.500218,1.018963,0.068787,0.041631,"(-0.23918 0.91342 0.29855)","(-0.25882 0.85582 0.33060)","(0.17561 0.84426 -0.02564)","(0.21271 0.85458 -0.04148)","(-0.20532 0.82991 0.28478)","(-0.14172 0.85934 0.30144)","(-0.14863 0.87232 0.27354)","(-0.14315 0.94435 0.33460)","(0.12532 0.69191 -0.06436)","(0.14535 0.69624 -0.09386)","(0.11090 0.75508 -0.04509)"
483,7.9833,3,1.9500,3,1,grip_normal,two_hand_one_hand,hand_right,hand_right,0.000000,0.595299,0.038084,-1.000000,1.000000,-1.000000,false,3,true,true,0.499782,0.972929,-0.018963,-0.971269,0.500218,1.018963,0.068787,0.041631,"(-0.23918 0.91342 0.29855)","(-0.25882 0.85582 0.33060)","(0.17561 0.84426 -0.02564)","(0.21271 0.85458 -0.04148)","(-0.20532 0.82991 0.28478)","(-0.14172 0.85934 0.30144)","(-0.14863 0.87232 0.27354)","(-0.14315 0.94435 0.33460)","(0.12532 0.69191 -0.06436)","(0.14535 0.69624 -0.09386)","(0.11090 0.75508 -0.04509)"
484,8.0000,3,1.9667,3,1,grip_normal,two_hand_one_hand,hand_right,hand_right,0.000000,0.595299,0.038084,-1.000000,1.000000,-1.000000,false,3,true,true,0.499782,0.972929,-0.018963,-0.971269,0.500218,1.018963,0.068787,0.041631,"(-0.23918 0.91342 0.29855)","(-0.25882 0.85582 0.33060)","(0.17561 0.84426 -0.02564)","(0.21271 0.85458 -0.04148)","(-0.20532 0.82991 0.28478)","(-0.14172 0.85934 0.30144)","(-0.14863 0.87232 0.27354)","(-0.14315 0.94435 0.33460)","(0.12532 0.69191 -0.06436)","(0.14535 0.69624 -0.09386)","(0.11090 0.75508 -0.04509)"
485,8.0167,3,1.9833,3,1,grip_normal,two_hand_one_hand,hand_right,hand_right,0.000000,0.595299,0.038084,-1.000000,1.000000,-1.000000,false,3,true,true,0.499782,0.972929,-0.018963,-0.971269,0.500218,1.018963,0.068787,0.041631,"(-0.23918 0.91342 0.29855)","(-0.25882 0.85582 0.33060)","(0.17561 0.84426 -0.02564)","(0.21271 0.85458 -0.04148)","(-0.20532 0.82991 0.28478)","(-0.14172 0.85934 0.30144)","(-0.14863 0.87232 0.27354)","(-0.14315 0.94435 0.33460)","(0.12532 0.69191 -0.06436)","(0.14535 0.69624 -0.09386)","(0.11090 0.75508 -0.04509)"
486,8.0333,3,2.0000,3,1,grip_normal,two_hand_one_hand,hand_right,hand_right,0.000000,0.595299,0.038084,-1.000000,1.000000,-1.000000,false,3,true,true,0.499782,0.972929,-0.018963,-0.971269,0.500218,1.018963,0.068787,0.041631,"(-0.23918 0.91342 0.29855)","(-0.25882 0.85582 0.33060)","(0.17561 0.84426 -0.02564)","(0.21271 0.85458 -0.04148)","(-0.20532 0.82991 0.28478)","(-0.14172 0.85934 0.30144)","(-0.14863 0.87232 0.27354)","(-0.14315 0.94435 0.33460)","(0.12532 0.69191 -0.06436)","(0.14535 0.69624 -0.09386)","(0.11090 0.75508 -0.04509)"
487,8.0500,3,2.0167,3,1,grip_normal,two_hand_one_hand,hand_right,hand_right,0.000000,0.595299,0.038084,-1.000000,1.000000,-1.000000,false,3,true,true,0.499782,0.972929,-0.018963,-0.971269,0.500218,1.018963,0.068787,0.041631,"(-0.23918 0.91342 0.29855)","(-0.25882 0.85582 0.33060)","(0.17561 0.84426 -0.02564)","(0.21271 0.85458 -0.04148)","(-0.20532 0.82991 0.28478)","(-0.14172 0.85934 0.30144)","(-0.14863 0.87232 0.27354)","(-0.14315 0.94435 0.33460)","(0.12532 0.69191 -0.06436)","(0.14535 0.69624 -0.09386)","(0.11090 0.75508 -0.04509)"
488,8.0667,3,2.0333,3,1,grip_normal,two_hand_one_hand,hand_right,hand_right,0.000000,0.595299,0.038084,-1.000000,1.000000,-1.000000,false,3,true,true,0.499782,0.972929,-0.018963,-0.971269,0.500218,1.018963,0.068787,0.041631,"(-0.23918 0.91342 0.29855)","(-0.25882 0.85582 0.33060)","(0.17561 0.84426 -0.02564)","(0.21271 0.85458 -0.04148)","(-0.20532 0.82991 0.28478)","(-0.14172 0.85934 0.30144)","(-0.14863 0.87232 0.27354)","(-0.14315 0.94435 0.33460)","(0.12532 0.69191 -0.06436)","(0.14535 0.69624 -0.09386)","(0.11090 0.75508 -0.04509)"
489,8.0833,3,2.0500,3,1,grip_normal,two_hand_one_hand,hand_right,hand_right,0.000000,0.595299,0.038084,-1.000000,1.000000,-1.000000,false,3,true,true,0.499782,0.972929,-0.018963,-0.971269,0.500218,1.018963,0.068787,0.041631,"(-0.23918 0.91342 0.29855)","(-0.25882 0.85582 0.33060)","(0.17561 0.84426 -0.02564)","(0.21271 0.85458 -0.04148)","(-0.20532 0.82991 0.28478)","(-0.14172 0.85934 0.30144)","(-0.14863 0.87232 0.27354)","(-0.14315 0.94435 0.33460)","(0.12532 0.69191 -0.06436)","(0.14535 0.69624 -0.09386)","(0.11090 0.75508 -0.04509)"
490,8.1000,3,2.0667,3,1,grip_normal,two_hand_one_hand,hand_right,hand_right,0.000000,0.595299,0.038084,-1.000000,1.000000,-1.000000,false,3,true,true,0.499782,0.972929,-0.018963,-0.971269,0.500218,1.018963,0.068787,0.041631,"(-0.23918 0.91342 0.29855)","(-0.25882 0.85582 0.33060)","(0.17561 0.84426 -0.02564)","(0.21271 0.85458 -0.04148)","(-0.20532 0.82991 0.28478)","(-0.14172 0.85934 0.30144)","(-0.14863 0.87232 0.27354)","(-0.14315 0.94435 0.33460)","(0.12532 0.69191 -0.06436)","(0.14535 0.69624 -0.09386)","(0.11090 0.75508 -0.04509)"
491,8.1167,3,2.0833,3,1,grip_normal,two_hand_one_hand,hand_right,hand_right,0.000000,0.595299,0.038084,-1.000000,1.000000,-1.000000,false,3,true,true,0.499782,0.972929,-0.018963,-0.971269,0.500218,1.018963,0.068787,0.041631,"(-0.23918 0.91342 0.29855)","(-0.25882 0.85582 0.33060)","(0.17561 0.84426 -0.02564)","(0.21271 0.85458 -0.04148)","(-0.20532 0.82991 0.28478)","(-0.14172 0.85934 0.30144)","(-0.14863 0.87232 0.27354)","(-0.14315 0.94435 0.33460)","(0.12532 0.69191 -0.06436)","(0.14535 0.69624 -0.09386)","(0.11090 0.75508 -0.04509)"
492,8.1333,3,2.1000,3,1,grip_normal,two_hand_one_hand,hand_right,hand_right,0.000000,0.595299,0.038084,-1.000000,1.000000,-1.000000,false,3,true,true,0.499782,0.972929,-0.018963,-0.971269,0.500218,1.018963,0.068787,0.041631,"(-0.23918 0.91342 0.29855)","(-0.25882 0.85582 0.33060)","(0.17561 0.84426 -0.02564)","(0.21271 0.85458 -0.04148)","(-0.20532 0.82991 0.28478)","(-0.14172 0.85934 0.30144)","(-0.14863 0.87232 0.27354)","(-0.14315 0.94435 0.33460)","(0.12532 0.69191 -0.06436)","(0.14535 0.69624 -0.09386)","(0.11090 0.75508 -0.04509)"
493,8.1500,3,2.1167,3,1,grip_normal,two_hand_one_hand,hand_right,hand_right,0.000000,0.595299,0.038084,-1.000000,1.000000,-1.000000,false,3,true,true,0.499782,0.972929,-0.018963,-0.971269,0.500218,1.018963,0.068787,0.041631,"(-0.23918 0.91342 0.29855)","(-0.25882 0.85582 0.33060)","(0.17561 0.84426 -0.02564)","(0.21271 0.85458 -0.04148)","(-0.20532 0.82991 0.28478)","(-0.14172 0.85934 0.30144)","(-0.14863 0.87232 0.27354)","(-0.14315 0.94435 0.33460)","(0.12532 0.69191 -0.06436)","(0.14535 0.69624 -0.09386)","(0.11090 0.75508 -0.04509)"
494,8.1667,3,2.1333,3,1,grip_normal,two_hand_one_hand,hand_right,hand_right,0.000000,0.595299,0.038084,-1.000000,1.000000,-1.000000,false,3,true,true,0.499782,0.972929,-0.018963,-0.971269,0.500218,1.018963,0.068787,0.041631,"(-0.23918 0.91342 0.29855)","(-0.25882 0.85582 0.33060)","(0.17561 0.84426 -0.02564)","(0.21271 0.85458 -0.04148)","(-0.20532 0.82991 0.28478)","(-0.14172 0.85934 0.30144)","(-0.14863 0.87232 0.27354)","(-0.14315 0.94435 0.33460)","(0.12532 0.69191 -0.06436)","(0.14535 0.69624 -0.09386)","(0.11090 0.75508 -0.04509)"
495,8.1833,3,2.1500,3,1,grip_normal,two_hand_one_hand,hand_right,hand_right,0.000000,0.595299,0.038084,-1.000000,1.000000,-1.000000,false,3,true,true,0.499782,0.972929,-0.018963,-0.971269,0.500218,1.018963,0.068787,0.041631,"(-0.23918 0.91342 0.29855)","(-0.25882 0.85582 0.33060)","(0.17561 0.84426 -0.02564)","(0.21271 0.85458 -0.04148)","(-0.20532 0.82991 0.28478)","(-0.14172 0.85934 0.30144)","(-0.14863 0.87232 0.27354)","(-0.14315 0.94435 0.33460)","(0.12532 0.69191 -0.06436)","(0.14535 0.69624 -0.09386)","(0.11090 0.75508 -0.04509)"
496,8.2000,3,2.1667,3,1,grip_normal,two_hand_one_hand,hand_right,hand_right,0.000000,0.595299,0.038084,-1.000000,1.000000,-1.000000,false,3,true,true,0.499782,0.972929,-0.018963,-0.971269,0.500218,1.018963,0.068787,0.041631,"(-0.23918 0.91342 0.29855)","(-0.25882 0.85582 0.33060)","(0.17561 0.84426 -0.02564)","(0.21271 0.85458 -0.04148)","(-0.20532 0.82991 0.28478)","(-0.14172 0.85934 0.30144)","(-0.14863 0.87232 0.27354)","(-0.14315 0.94435 0.33460)","(0.12532 0.69191 -0.06436)","(0.14535 0.69624 -0.09386)","(0.11090 0.75508 -0.04509)"
497,8.2167,3,2.1833,3,1,grip_normal,two_hand_one_hand,hand_right,hand_right,0.000000,0.595299,0.038084,-1.000000,1.000000,-1.000000,false,3,true,true,0.499782,0.972929,-0.018963,-0.971269,0.500218,1.018963,0.068787,0.041631,"(-0.23918 0.91342 0.29855)","(-0.25882 0.85582 0.33060)","(0.17561 0.84426 -0.02564)","(0.21271 0.85458 -0.04148)","(-0.20532 0.82991 0.28478)","(-0.14172 0.85934 0.30144)","(-0.14863 0.87232 0.27354)","(-0.14315 0.94435 0.33460)","(0.12532 0.69191 -0.06436)","(0.14535 0.69624 -0.09386)","(0.11090 0.75508 -0.04509)"
498,8.2333,3,2.2000,3,1,grip_normal,two_hand_one_hand,hand_right,hand_right,0.000000,0.595299,0.038084,-1.000000,1.000000,-1.000000,false,3,true,true,0.499782,0.972929,-0.018963,-0.971269,0.500218,1.018963,0.068787,0.041631,"(-0.23918 0.91342 0.29855)","(-0.25882 0.85582 0.33060)","(0.17561 0.84426 -0.02564)","(0.21271 0.85458 -0.04148)","(-0.20532 0.82991 0.28478)","(-0.14172 0.85934 0.30144)","(-0.14863 0.87232 0.27354)","(-0.14315 0.94435 0.33460)","(0.12532 0.69191 -0.06436)","(0.14535 0.69624 -0.09386)","(0.11090 0.75508 -0.04509)"
499,8.2500,3,2.2167,3,1,grip_normal,two_hand_one_hand,hand_right,hand_right,0.000000,0.595299,0.038084,-1.000000,1.000000,-1.000000,false,3,true,true,0.499782,0.972929,-0.018963,-0.971269,0.500218,1.018963,0.068787,0.041631,"(-0.23918 0.91342 0.29855)","(-0.25882 0.85582 0.33060)","(0.17561 0.84426 -0.02564)","(0.21271 0.85458 -0.04148)","(-0.20532 0.82991 0.28478)","(-0.14172 0.85934 0.30144)","(-0.14863 0.87232 0.27354)","(-0.14315 0.94435 0.33460)","(0.12532 0.69191 -0.06436)","(0.14535 0.69624 -0.09386)","(0.11090 0.75508 -0.04509)"
500,8.2667,3,2.2333,3,1,grip_normal,two_hand_one_hand,hand_right,hand_right,0.000000,0.595299,0.038084,-1.000000,1.000000,-1.000000,false,3,true,true,0.499782,0.972929,-0.018963,-0.971269,0.500218,1.018963,0.068787,0.041631,"(-0.23918 0.91342 0.29855)","(-0.25882 0.85582 0.33060)","(0.17561 0.84426 -0.02564)","(0.21271 0.85458 -0.04148)","(-0.20532 0.82991 0.28478)","(-0.14172 0.85934 0.30144)","(-0.14863 0.87232 0.27354)","(-0.14315 0.94435 0.33460)","(0.12532 0.69191 -0.06436)","(0.14535 0.69624 -0.09386)","(0.11090 0.75508 -0.04509)"
501,8.2833,3,2.2500,3,1,grip_normal,two_hand_one_hand,hand_right,hand_right,0.000000,0.595299,0.038084,-1.000000,1.000000,-1.000000,false,3,true,true,0.499782,0.972929,-0.018963,-0.971269,0.500218,1.018963,0.068787,0.041631,"(-0.23918 0.91342 0.29855)","(-0.25882 0.85582 0.33060)","(0.17561 0.84426 -0.02564)","(0.21271 0.85458 -0.04148)","(-0.20532 0.82991 0.28478)","(-0.14172 0.85934 0.30144)","(-0.14863 0.87232 0.27354)","(-0.14315 0.94435 0.33460)","(0.12532 0.69191 -0.06436)","(0.14535 0.69624 -0.09386)","(0.11090 0.75508 -0.04509)"
502,8.3000,3,2.2667,3,1,grip_normal,two_hand_one_hand,hand_right,hand_right,0.000000,0.595299,0.038084,-1.000000,1.000000,-1.000000,false,3,true,true,0.499782,0.972929,-0.018963,-0.971269,0.500218,1.018963,0.068787,0.041631,"(-0.23918 0.91342 0.29855)","(-0.25882 0.85582 0.33060)","(0.17561 0.84426 -0.02564)","(0.21271 0.85458 -0.04148)","(-0.20532 0.82991 0.28478)","(-0.14172 0.85934 0.30144)","(-0.14863 0.87232 0.27354)","(-0.14315 0.94435 0.33460)","(0.12532 0.69191 -0.06436)","(0.14535 0.69624 -0.09386)","(0.11090 0.75508 -0.04509)"
503,8.3167,3,2.2833,3,1,grip_normal,two_hand_one_hand,hand_right,hand_right,0.000000,0.595299,0.038084,-1.000000,1.000000,-1.000000,false,3,true,true,0.499782,0.972929,-0.018963,-0.971269,0.500218,1.018963,0.068787,0.041631,"(-0.23918 0.91342 0.29855)","(-0.25882 0.85582 0.33060)","(0.17561 0.84426 -0.02564)","(0.21271 0.85458 -0.04148)","(-0.20532 0.82991 0.28478)","(-0.14172 0.85934 0.30144)","(-0.14863 0.87232 0.27354)","(-0.14315 0.94435 0.33460)","(0.12532 0.69191 -0.06436)","(0.14535 0.69624 -0.09386)","(0.11090 0.75508 -0.04509)"
504,8.3333,3,2.3000,3,1,grip_normal,two_hand_one_hand,hand_right,hand_right,0.000000,0.595299,0.038084,-1.000000,1.000000,-1.000000,false,3,true,true,0.499782,0.972929,-0.018963,-0.971269,0.500218,1.018963,0.068787,0.041631,"(-0.23918 0.91342 0.29855)","(-0.25882 0.85582 0.33060)","(0.17561 0.84426 -0.02564)","(0.21271 0.85458 -0.04148)","(-0.20532 0.82991 0.28478)","(-0.14172 0.85934 0.30144)","(-0.14863 0.87232 0.27354)","(-0.14315 0.94435 0.33460)","(0.12532 0.69191 -0.06436)","(0.14535 0.69624 -0.09386)","(0.11090 0.75508 -0.04509)"
505,8.3500,3,2.3167,3,1,grip_normal,two_hand_one_hand,hand_right,hand_right,0.000000,0.595299,0.038084,-1.000000,1.000000,-1.000000,false,3,true,true,0.499782,0.972929,-0.018963,-0.971269,0.500218,1.018963,0.068787,0.041631,"(-0.23918 0.91342 0.29855)","(-0.25882 0.85582 0.33060)","(0.17561 0.84426 -0.02564)","(0.21271 0.85458 -0.04148)","(-0.20532 0.82991 0.28478)","(-0.14172 0.85934 0.30144)","(-0.14863 0.87232 0.27354)","(-0.14315 0.94435 0.33460)","(0.12532 0.69191 -0.06436)","(0.14535 0.69624 -0.09386)","(0.11090 0.75508 -0.04509)"
506,8.3667,3,2.3333,3,1,grip_normal,two_hand_one_hand,hand_right,hand_right,0.000000,0.595299,0.038084,-1.000000,1.000000,-1.000000,false,3,true,true,0.499782,0.972929,-0.018963,-0.971269,0.500218,1.018963,0.068787,0.041631,"(-0.23918 0.91342 0.29855)","(-0.25882 0.85582 0.33060)","(0.17561 0.84426 -0.02564)","(0.21271 0.85458 -0.04148)","(-0.20532 0.82991 0.28478)","(-0.14172 0.85934 0.30144)","(-0.14863 0.87232 0.27354)","(-0.14315 0.94435 0.33460)","(0.12532 0.69191 -0.06436)","(0.14535 0.69624 -0.09386)","(0.11090 0.75508 -0.04509)"
507,8.3833,3,2.3500,3,1,grip_normal,two_hand_one_hand,hand_right,hand_right,0.000000,0.595299,0.038084,-1.000000,1.000000,-1.000000,false,3,true,true,0.499782,0.972929,-0.018963,-0.971269,0.500218,1.018963,0.068787,0.041631,"(-0.23918 0.91342 0.29855)","(-0.25882 0.85582 0.33060)","(0.17561 0.84426 -0.02564)","(0.21271 0.85458 -0.04148)","(-0.20532 0.82991 0.28478)","(-0.14172 0.85934 0.30144)","(-0.14863 0.87232 0.27354)","(-0.14315 0.94435 0.33460)","(0.12532 0.69191 -0.06436)","(0.14535 0.69624 -0.09386)","(0.11090 0.75508 -0.04509)"
508,8.4000,3,2.3667,3,1,grip_normal,two_hand_one_hand,hand_right,hand_right,0.000000,0.595299,0.038084,-1.000000,1.000000,-1.000000,false,3,true,true,0.499782,0.972929,-0.018963,-0.971269,0.500218,1.018963,0.068787,0.041631,"(-0.23918 0.91342 0.29855)","(-0.25882 0.85582 0.33060)","(0.17561 0.84426 -0.02564)","(0.21271 0.85458 -0.04148)","(-0.20532 0.82991 0.28478)","(-0.14172 0.85934 0.30144)","(-0.14863 0.87232 0.27354)","(-0.14315 0.94435 0.33460)","(0.12532 0.69191 -0.06436)","(0.14535 0.69624 -0.09386)","(0.11090 0.75508 -0.04509)"
509,8.4167,3,2.3833,3,1,grip_normal,two_hand_one_hand,hand_right,hand_right,0.000000,0.595299,0.038084,-1.000000,1.000000,-1.000000,false,3,true,true,0.499782,0.972929,-0.018963,-0.971269,0.500218,1.018963,0.068787,0.041631,"(-0.23918 0.91342 0.29855)","(-0.25882 0.85582 0.33060)","(0.17561 0.84426 -0.02564)","(0.21271 0.85458 -0.04148)","(-0.20532 0.82991 0.28478)","(-0.14172 0.85934 0.30144)","(-0.14863 0.87232 0.27354)","(-0.14315 0.94435 0.33460)","(0.12532 0.69191 -0.06436)","(0.14535 0.69624 -0.09386)","(0.11090 0.75508 -0.04509)"
510,8.4333,3,2.4000,3,1,grip_normal,two_hand_one_hand,hand_right,hand_right,0.000000,0.595299,0.038084,-1.000000,1.000000,-1.000000,false,3,true,true,0.499782,0.972929,-0.018963,-0.971269,0.500218,1.018963,0.068787,0.041631,"(-0.23918 0.91342 0.29855)","(-0.25882 0.85582 0.33060)","(0.17561 0.84426 -0.02564)","(0.21271 0.85458 -0.04148)","(-0.20532 0.82991 0.28478)","(-0.14172 0.85934 0.30144)","(-0.14863 0.87232 0.27354)","(-0.14315 0.94435 0.33460)","(0.12532 0.69191 -0.06436)","(0.14535 0.69624 -0.09386)","(0.11090 0.75508 -0.04509)"
511,8.4500,3,2.4167,3,1,grip_normal,two_hand_one_hand,hand_right,hand_right,0.000000,0.595299,0.038084,-1.000000,1.000000,-1.000000,false,3,true,true,0.499782,0.972929,-0.018963,-0.971269,0.500218,1.018963,0.068787,0.041631,"(-0.23918 0.91342 0.29855)","(-0.25882 0.85582 0.33060)","(0.17561 0.84426 -0.02564)","(0.21271 0.85458 -0.04148)","(-0.20532 0.82991 0.28478)","(-0.14172 0.85934 0.30144)","(-0.14863 0.87232 0.27354)","(-0.14315 0.94435 0.33460)","(0.12532 0.69191 -0.06436)","(0.14535 0.69624 -0.09386)","(0.11090 0.75508 -0.04509)"
512,8.4667,3,2.4333,3,1,grip_normal,two_hand_one_hand,hand_right,hand_right,0.000000,0.595299,0.038084,-1.000000,1.000000,-1.000000,false,3,true,true,0.499782,0.972929,-0.018963,-0.971269,0.500218,1.018963,0.068787,0.041631,"(-0.23918 0.91342 0.29855)","(-0.25882 0.85582 0.33060)","(0.17561 0.84426 -0.02564)","(0.21271 0.85458 -0.04148)","(-0.20532 0.82991 0.28478)","(-0.14172 0.85934 0.30144)","(-0.14863 0.87232 0.27354)","(-0.14315 0.94435 0.33460)","(0.12532 0.69191 -0.06436)","(0.14535 0.69624 -0.09386)","(0.11090 0.75508 -0.04509)"
513,8.4833,3,2.4500,3,1,grip_normal,two_hand_one_hand,hand_right,hand_right,0.000000,0.595299,0.038084,-1.000000,1.000000,-1.000000,false,3,true,true,0.499782,0.972929,-0.018963,-0.971269,0.500218,1.018963,0.068787,0.041631,"(-0.23918 0.91342 0.29855)","(-0.25882 0.85582 0.33060)","(0.17561 0.84426 -0.02564)","(0.21271 0.85458 -0.04148)","(-0.20532 0.82991 0.28478)","(-0.14172 0.85934 0.30144)","(-0.14863 0.87232 0.27354)","(-0.14315 0.94435 0.33460)","(0.12532 0.69191 -0.06436)","(0.14535 0.69624 -0.09386)","(0.11090 0.75508 -0.04509)"
514,8.5000,3,2.4667,3,1,grip_normal,two_hand_one_hand,hand_right,hand_right,0.000000,0.595299,0.038084,-1.000000,1.000000,-1.000000,false,3,true,true,0.499782,0.972929,-0.018963,-0.971269,0.500218,1.018963,0.068787,0.041631,"(-0.23918 0.91342 0.29855)","(-0.25882 0.85582 0.33060)","(0.17561 0.84426 -0.02564)","(0.21271 0.85458 -0.04148)","(-0.20532 0.82991 0.28478)","(-0.14172 0.85934 0.30144)","(-0.14863 0.87232 0.27354)","(-0.14315 0.94435 0.33460)","(0.12532 0.69191 -0.06436)","(0.14535 0.69624 -0.09386)","(0.11090 0.75508 -0.04509)"
515,8.5167,3,2.4833,3,1,grip_normal,two_hand_one_hand,hand_right,hand_right,0.000000,0.595299,0.038084,-1.000000,1.000000,-1.000000,false,3,true,true,0.499782,0.972929,-0.018963,-0.971269,0.500218,1.018963,0.068787,0.041631,"(-0.23918 0.91342 0.29855)","(-0.25882 0.85582 0.33060)","(0.17561 0.84426 -0.02564)","(0.21271 0.85458 -0.04148)","(-0.20532 0.82991 0.28478)","(-0.14172 0.85934 0.30144)","(-0.14863 0.87232 0.27354)","(-0.14315 0.94435 0.33460)","(0.12532 0.69191 -0.06436)","(0.14535 0.69624 -0.09386)","(0.11090 0.75508 -0.04509)"
516,8.5333,3,2.5000,3,1,grip_normal,two_hand_one_hand,hand_right,hand_right,0.000000,0.595299,0.038084,-1.000000,1.000000,-1.000000,false,3,true,true,0.499782,0.972929,-0.018963,-0.971269,0.500218,1.018963,0.068787,0.041631,"(-0.23918 0.91342 0.29855)","(-0.25882 0.85582 0.33060)","(0.17561 0.84426 -0.02564)","(0.21271 0.85458 -0.04148)","(-0.20532 0.82991 0.28478)","(-0.14172 0.85934 0.30144)","(-0.14863 0.87232 0.27354)","(-0.14315 0.94435 0.33460)","(0.12532 0.69191 -0.06436)","(0.14535 0.69624 -0.09386)","(0.11090 0.75508 -0.04509)"
517,8.5500,3,2.5167,3,1,grip_normal,two_hand_one_hand,hand_right,hand_right,0.000000,0.595299,0.038084,-1.000000,1.000000,-1.000000,false,3,true,true,0.499782,0.972929,-0.018963,-0.971269,0.500218,1.018963,0.068787,0.041631,"(-0.23918 0.91342 0.29855)","(-0.25882 0.85582 0.33060)","(0.17561 0.84426 -0.02564)","(0.21271 0.85458 -0.04148)","(-0.20532 0.82991 0.28478)","(-0.14172 0.85934 0.30144)","(-0.14863 0.87232 0.27354)","(-0.14315 0.94435 0.33460)","(0.12532 0.69191 -0.06436)","(0.14535 0.69624 -0.09386)","(0.11090 0.75508 -0.04509)"
518,8.5667,3,2.5333,3,1,grip_normal,two_hand_one_hand,hand_right,hand_right,0.000000,0.595299,0.038084,-1.000000,1.000000,-1.000000,false,3,true,true,0.499782,0.972929,-0.018963,-0.971269,0.500218,1.018963,0.068787,0.041631,"(-0.23918 0.91342 0.29855)","(-0.25882 0.85582 0.33060)","(0.17561 0.84426 -0.02564)","(0.21271 0.85458 -0.04148)","(-0.20532 0.82991 0.28478)","(-0.14172 0.85934 0.30144)","(-0.14863 0.87232 0.27354)","(-0.14315 0.94435 0.33460)","(0.12532 0.69191 -0.06436)","(0.14535 0.69624 -0.09386)","(0.11090 0.75508 -0.04509)"
519,8.5833,3,2.5500,3,1,grip_normal,two_hand_one_hand,hand_right,hand_right,0.000000,0.595299,0.038084,-1.000000,1.000000,-1.000000,false,3,true,true,0.499782,0.972929,-0.018963,-0.971269,0.500218,1.018963,0.068787,0.041631,"(-0.23918 0.91342 0.29855)","(-0.25882 0.85582 0.33060)","(0.17561 0.84426 -0.02564)","(0.21271 0.85458 -0.04148)","(-0.20532 0.82991 0.28478)","(-0.14172 0.85934 0.30144)","(-0.14863 0.87232 0.27354)","(-0.14315 0.94435 0.33460)","(0.12532 0.69191 -0.06436)","(0.14535 0.69624 -0.09386)","(0.11090 0.75508 -0.04509)"
520,8.6000,3,2.5667,3,1,grip_normal,two_hand_one_hand,hand_right,hand_right,0.000000,0.595299,0.038084,-1.000000,1.000000,-1.000000,false,3,true,true,0.499782,0.972929,-0.018963,-0.971269,0.500218,1.018963,0.068787,0.041631,"(-0.23918 0.91342 0.29855)","(-0.25882 0.85582 0.33060)","(0.17561 0.84426 -0.02564)","(0.21271 0.85458 -0.04148)","(-0.20532 0.82991 0.28478)","(-0.14172 0.85934 0.30144)","(-0.14863 0.87232 0.27354)","(-0.14315 0.94435 0.33460)","(0.12532 0.69191 -0.06436)","(0.14535 0.69624 -0.09386)","(0.11090 0.75508 -0.04509)"
521,8.6167,3,2.5833,3,1,grip_normal,two_hand_one_hand,hand_right,hand_right,0.000000,0.595299,0.038084,-1.000000,1.000000,-1.000000,false,3,true,true,0.499782,0.972929,-0.018963,-0.971269,0.500218,1.018963,0.068787,0.041631,"(-0.23918 0.91342 0.29855)","(-0.25882 0.85582 0.33060)","(0.17561 0.84426 -0.02564)","(0.21271 0.85458 -0.04148)","(-0.20532 0.82991 0.28478)","(-0.14172 0.85934 0.30144)","(-0.14863 0.87232 0.27354)","(-0.14315 0.94435 0.33460)","(0.12532 0.69191 -0.06436)","(0.14535 0.69624 -0.09386)","(0.11090 0.75508 -0.04509)"
522,8.6333,3,2.6000,3,1,grip_normal,two_hand_one_hand,hand_right,hand_right,0.000000,0.595299,0.038084,-1.000000,1.000000,-1.000000,false,3,true,true,0.499782,0.972929,-0.018963,-0.971269,0.500218,1.018963,0.068787,0.041631,"(-0.23918 0.91342 0.29855)","(-0.25882 0.85582 0.33060)","(0.17561 0.84426 -0.02564)","(0.21271 0.85458 -0.04148)","(-0.20532 0.82991 0.28478)","(-0.14172 0.85934 0.30144)","(-0.14863 0.87232 0.27354)","(-0.14315 0.94435 0.33460)","(0.12532 0.69191 -0.06436)","(0.14535 0.69624 -0.09386)","(0.11090 0.75508 -0.04509)"
523,8.6500,3,2.6167,3,1,grip_normal,two_hand_one_hand,hand_right,hand_right,0.000000,0.595299,0.038084,-1.000000,1.000000,-1.000000,false,3,true,true,0.499782,0.972929,-0.018963,-0.971269,0.500218,1.018963,0.068787,0.041631,"(-0.23918 0.91342 0.29855)","(-0.25882 0.85582 0.33060)","(0.17561 0.84426 -0.02564)","(0.21271 0.85458 -0.04148)","(-0.20532 0.82991 0.28478)","(-0.14172 0.85934 0.30144)","(-0.14863 0.87232 0.27354)","(-0.14315 0.94435 0.33460)","(0.12532 0.69191 -0.06436)","(0.14535 0.69624 -0.09386)","(0.11090 0.75508 -0.04509)"
524,8.6667,3,2.6333,3,1,grip_normal,two_hand_one_hand,hand_right,hand_right,0.000000,0.595299,0.038084,-1.000000,1.000000,-1.000000,false,3,true,true,0.499782,0.972929,-0.018963,-0.971269,0.500218,1.018963,0.068787,0.041631,"(-0.23918 0.91342 0.29855)","(-0.25882 0.85582 0.33060)","(0.17561 0.84426 -0.02564)","(0.21271 0.85458 -0.04148)","(-0.20532 0.82991 0.28478)","(-0.14172 0.85934 0.30144)","(-0.14863 0.87232 0.27354)","(-0.14315 0.94435 0.33460)","(0.12532 0.69191 -0.06436)","(0.14535 0.69624 -0.09386)","(0.11090 0.75508 -0.04509)"
525,8.6833,3,2.6500,3,1,grip_normal,two_hand_one_hand,hand_right,hand_right,0.000000,0.595299,0.038084,-1.000000,1.000000,-1.000000,false,3,true,true,0.499782,0.972929,-0.018963,-0.971269,0.500218,1.018963,0.068787,0.041631,"(-0.23918 0.91342 0.29855)","(-0.25882 0.85582 0.33060)","(0.17561 0.84426 -0.02564)","(0.21271 0.85458 -0.04148)","(-0.20532 0.82991 0.28478)","(-0.14172 0.85934 0.30144)","(-0.14863 0.87232 0.27354)","(-0.14315 0.94435 0.33460)","(0.12532 0.69191 -0.06436)","(0.14535 0.69624 -0.09386)","(0.11090 0.75508 -0.04509)"
526,8.7000,3,2.6667,3,1,grip_normal,two_hand_one_hand,hand_right,hand_right,0.000000,0.595299,0.038084,-1.000000,1.000000,-1.000000,false,3,true,true,0.499782,0.972929,-0.018963,-0.971269,0.500218,1.018963,0.068787,0.041631,"(-0.23918 0.91342 0.29855)","(-0.25882 0.85582 0.33060)","(0.17561 0.84426 -0.02564)","(0.21271 0.85458 -0.04148)","(-0.20532 0.82991 0.28478)","(-0.14172 0.85934 0.30144)","(-0.14863 0.87232 0.27354)","(-0.14315 0.94435 0.33460)","(0.12532 0.69191 -0.06436)","(0.14535 0.69624 -0.09386)","(0.11090 0.75508 -0.04509)"
527,8.7167,3,2.6833,3,1,grip_normal,two_hand_one_hand,hand_right,hand_right,0.000000,0.595299,0.038084,-1.000000,1.000000,-1.000000,false,3,true,true,0.499782,0.972929,-0.018963,-0.971269,0.500218,1.018963,0.068787,0.041631,"(-0.23918 0.91342 0.29855)","(-0.25882 0.85582 0.33060)","(0.17561 0.84426 -0.02564)","(0.21271 0.85458 -0.04148)","(-0.20532 0.82991 0.28478)","(-0.14172 0.85934 0.30144)","(-0.14863 0.87232 0.27354)","(-0.14315 0.94435 0.33460)","(0.12532 0.69191 -0.06436)","(0.14535 0.69624 -0.09386)","(0.11090 0.75508 -0.04509)"
528,8.7333,3,2.7000,3,1,grip_normal,two_hand_one_hand,hand_right,hand_right,0.000000,0.595299,0.038084,-1.000000,1.000000,-1.000000,false,3,true,true,0.499782,0.972929,-0.018963,-0.971269,0.500218,1.018963,0.068787,0.041631,"(-0.23918 0.91342 0.29855)","(-0.25882 0.85582 0.33060)","(0.17561 0.84426 -0.02564)","(0.21271 0.85458 -0.04148)","(-0.20532 0.82991 0.28478)","(-0.14172 0.85934 0.30144)","(-0.14863 0.87232 0.27354)","(-0.14315 0.94435 0.33460)","(0.12532 0.69191 -0.06436)","(0.14535 0.69624 -0.09386)","(0.11090 0.75508 -0.04509)"
529,8.7500,3,2.7167,3,1,grip_normal,two_hand_one_hand,hand_right,hand_right,0.000000,0.595299,0.038084,-1.000000,1.000000,-1.000000,false,3,true,true,0.499782,0.972929,-0.018963,-0.971269,0.500218,1.018963,0.068787,0.041631,"(-0.23918 0.91342 0.29855)","(-0.25882 0.85582 0.33060)","(0.17561 0.84426 -0.02564)","(0.21271 0.85458 -0.04148)","(-0.20532 0.82991 0.28478)","(-0.14172 0.85934 0.30144)","(-0.14863 0.87232 0.27354)","(-0.14315 0.94435 0.33460)","(0.12532 0.69191 -0.06436)","(0.14535 0.69624 -0.09386)","(0.11090 0.75508 -0.04509)"
530,8.7667,3,2.7333,3,1,grip_normal,two_hand_one_hand,hand_right,hand_right,0.000000,0.595299,0.038084,-1.000000,1.000000,-1.000000,false,3,true,true,0.499782,0.972929,-0.018963,-0.971269,0.500218,1.018963,0.068787,0.041631,"(-0.23918 0.91342 0.29855)","(-0.25882 0.85582 0.33060)","(0.17561 0.84426 -0.02564)","(0.21271 0.85458 -0.04148)","(-0.20532 0.82991 0.28478)","(-0.14172 0.85934 0.30144)","(-0.14863 0.87232 0.27354)","(-0.14315 0.94435 0.33460)","(0.12532 0.69191 -0.06436)","(0.14535 0.69624 -0.09386)","(0.11090 0.75508 -0.04509)"
531,8.7833,3,2.7500,3,1,grip_normal,two_hand_one_hand,hand_right,hand_right,0.000000,0.595299,0.038084,-1.000000,1.000000,-1.000000,false,3,true,true,0.499782,0.972929,-0.018963,-0.971269,0.500218,1.018963,0.068787,0.041631,"(-0.23918 0.91342 0.29855)","(-0.25882 0.85582 0.33060)","(0.17561 0.84426 -0.02564)","(0.21271 0.85458 -0.04148)","(-0.20532 0.82991 0.28478)","(-0.14172 0.85934 0.30144)","(-0.14863 0.87232 0.27354)","(-0.14315 0.94435 0.33460)","(0.12532 0.69191 -0.06436)","(0.14535 0.69624 -0.09386)","(0.11090 0.75508 -0.04509)"
532,8.8000,3,2.7667,3,1,grip_normal,two_hand_one_hand,hand_right,hand_right,0.000000,0.595299,0.038084,-1.000000,1.000000,-1.000000,false,3,true,true,0.499782,0.972929,-0.018963,-0.971269,0.500218,1.018963,0.068787,0.041631,"(-0.23918 0.91342 0.29855)","(-0.25882 0.85582 0.33060)","(0.17561 0.84426 -0.02564)","(0.21271 0.85458 -0.04148)","(-0.20532 0.82991 0.28478)","(-0.14172 0.85934 0.30144)","(-0.14863 0.87232 0.27354)","(-0.14315 0.94435 0.33460)","(0.12532 0.69191 -0.06436)","(0.14535 0.69624 -0.09386)","(0.11090 0.75508 -0.04509)"
533,8.8167,3,2.7833,3,1,grip_normal,two_hand_one_hand,hand_right,hand_right,0.000000,0.595299,0.038084,-1.000000,1.000000,-1.000000,false,3,true,true,0.499782,0.972929,-0.018963,-0.971269,0.500218,1.018963,0.068787,0.041631,"(-0.23918 0.91342 0.29855)","(-0.25882 0.85582 0.33060)","(0.17561 0.84426 -0.02564)","(0.21271 0.85458 -0.04148)","(-0.20532 0.82991 0.28478)","(-0.14172 0.85934 0.30144)","(-0.14863 0.87232 0.27354)","(-0.14315 0.94435 0.33460)","(0.12532 0.69191 -0.06436)","(0.14535 0.69624 -0.09386)","(0.11090 0.75508 -0.04509)"
534,8.8333,3,2.8000,3,1,grip_normal,two_hand_one_hand,hand_right,hand_right,0.000000,0.595299,0.038084,-1.000000,1.000000,-1.000000,false,3,true,true,0.499782,0.972929,-0.018963,-0.971269,0.500218,1.018963,0.068787,0.041631,"(-0.23918 0.91342 0.29855)","(-0.25882 0.85582 0.33060)","(0.17561 0.84426 -0.02564)","(0.21271 0.85458 -0.04148)","(-0.20532 0.82991 0.28478)","(-0.14172 0.85934 0.30144)","(-0.14863 0.87232 0.27354)","(-0.14315 0.94435 0.33460)","(0.12532 0.69191 -0.06436)","(0.14535 0.69624 -0.09386)","(0.11090 0.75508 -0.04509)"
535,8.8500,3,2.8167,3,1,grip_normal,two_hand_one_hand,hand_right,hand_right,0.000000,0.595299,0.038084,-1.000000,1.000000,-1.000000,false,3,true,true,0.499782,0.972929,-0.018963,-0.971269,0.500218,1.018963,0.068787,0.041631,"(-0.23918 0.91342 0.29855)","(-0.25882 0.85582 0.33060)","(0.17561 0.84426 -0.02564)","(0.21271 0.85458 -0.04148)","(-0.20532 0.82991 0.28478)","(-0.14172 0.85934 0.30144)","(-0.14863 0.87232 0.27354)","(-0.14315 0.94435 0.33460)","(0.12532 0.69191 -0.06436)","(0.14535 0.69624 -0.09386)","(0.11090 0.75508 -0.04509)"
536,8.8667,3,2.8333,3,1,grip_normal,two_hand_one_hand,hand_right,hand_right,0.000000,0.595299,0.038084,-1.000000,1.000000,-1.000000,false,3,true,true,0.499782,0.972929,-0.018963,-0.971269,0.500218,1.018963,0.068787,0.041631,"(-0.23918 0.91342 0.29855)","(-0.25882 0.85582 0.33060)","(0.17561 0.84426 -0.02564)","(0.21271 0.85458 -0.04148)","(-0.20532 0.82991 0.28478)","(-0.14172 0.85934 0.30144)","(-0.14863 0.87232 0.27354)","(-0.14315 0.94435 0.33460)","(0.12532 0.69191 -0.06436)","(0.14535 0.69624 -0.09386)","(0.11090 0.75508 -0.04509)"
537,8.8833,3,2.8500,3,1,grip_normal,two_hand_one_hand,hand_right,hand_right,0.000000,0.595299,0.038084,-1.000000,1.000000,-1.000000,false,3,true,true,0.499782,0.972929,-0.018963,-0.971269,0.500218,1.018963,0.068787,0.041631,"(-0.23918 0.91342 0.29855)","(-0.25882 0.85582 0.33060)","(0.17561 0.84426 -0.02564)","(0.21271 0.85458 -0.04148)","(-0.20532 0.82991 0.28478)","(-0.14172 0.85934 0.30144)","(-0.14863 0.87232 0.27354)","(-0.14315 0.94435 0.33460)","(0.12532 0.69191 -0.06436)","(0.14535 0.69624 -0.09386)","(0.11090 0.75508 -0.04509)"
538,8.9000,3,2.8667,3,1,grip_normal,two_hand_one_hand,hand_right,hand_right,0.000000,0.595299,0.038084,-1.000000,1.000000,-1.000000,false,3,true,true,0.499782,0.972929,-0.018963,-0.971269,0.500218,1.018963,0.068787,0.041631,"(-0.23918 0.91342 0.29855)","(-0.25882 0.85582 0.33060)","(0.17561 0.84426 -0.02564)","(0.21271 0.85458 -0.04148)","(-0.20532 0.82991 0.28478)","(-0.14172 0.85934 0.30144)","(-0.14863 0.87232 0.27354)","(-0.14315 0.94435 0.33460)","(0.12532 0.69191 -0.06436)","(0.14535 0.69624 -0.09386)","(0.11090 0.75508 -0.04509)"
539,8.9167,3,2.8833,3,1,grip_normal,two_hand_one_hand,hand_right,hand_right,0.000000,0.595299,0.038084,-1.000000,1.000000,-1.000000,false,3,true,true,0.499782,0.972929,-0.018963,-0.971269,0.500218,1.018963,0.068787,0.041631,"(-0.23918 0.91342 0.29855)","(-0.25882 0.85582 0.33060)","(0.17561 0.84426 -0.02564)","(0.21271 0.85458 -0.04148)","(-0.20532 0.82991 0.28478)","(-0.14172 0.85934 0.30144)","(-0.14863 0.87232 0.27354)","(-0.14315 0.94435 0.33460)","(0.12532 0.69191 -0.06436)","(0.14535 0.69624 -0.09386)","(0.11090 0.75508 -0.04509)"
540,8.9333,3,2.9000,3,1,grip_normal,two_hand_one_hand,hand_right,hand_right,0.000000,0.595299,0.038084,-1.000000,1.000000,-1.000000,false,3,true,true,0.499782,0.972929,-0.018963,-0.971269,0.500218,1.018963,0.068787,0.041631,"(-0.23918 0.91342 0.29855)","(-0.25882 0.85582 0.33060)","(0.17561 0.84426 -0.02564)","(0.21271 0.85458 -0.04148)","(-0.20532 0.82991 0.28478)","(-0.14172 0.85934 0.30144)","(-0.14863 0.87232 0.27354)","(-0.14315 0.94435 0.33460)","(0.12532 0.69191 -0.06436)","(0.14535 0.69624 -0.09386)","(0.11090 0.75508 -0.04509)"
541,8.9500,3,2.9167,3,1,grip_normal,two_hand_one_hand,hand_right,hand_right,0.000000,0.595299,0.038084,-1.000000,1.000000,-1.000000,false,3,true,true,0.499782,0.972929,-0.018963,-0.971269,0.500218,1.018963,0.068787,0.041631,"(-0.23918 0.91342 0.29855)","(-0.25882 0.85582 0.33060)","(0.17561 0.84426 -0.02564)","(0.21271 0.85458 -0.04148)","(-0.20532 0.82991 0.28478)","(-0.14172 0.85934 0.30144)","(-0.14863 0.87232 0.27354)","(-0.14315 0.94435 0.33460)","(0.12532 0.69191 -0.06436)","(0.14535 0.69624 -0.09386)","(0.11090 0.75508 -0.04509)"
542,8.9667,3,2.9333,3,1,grip_normal,two_hand_one_hand,hand_right,hand_right,0.000000,0.595299,0.038084,-1.000000,1.000000,-1.000000,false,3,true,true,0.499782,0.972929,-0.018963,-0.971269,0.500218,1.018963,0.068787,0.041631,"(-0.23918 0.91342 0.29855)","(-0.25882 0.85582 0.33060)","(0.17561 0.84426 -0.02564)","(0.21271 0.85458 -0.04148)","(-0.20532 0.82991 0.28478)","(-0.14172 0.85934 0.30144)","(-0.14863 0.87232 0.27354)","(-0.14315 0.94435 0.33460)","(0.12532 0.69191 -0.06436)","(0.14535 0.69624 -0.09386)","(0.11090 0.75508 -0.04509)"
543,8.9833,3,2.9500,3,1,grip_normal,two_hand_one_hand,hand_right,hand_right,0.000000,0.595299,0.038084,-1.000000,1.000000,-1.000000,false,3,true,true,0.499782,0.972929,-0.018963,-0.971269,0.500218,1.018963,0.068787,0.041631,"(-0.23918 0.91342 0.29855)","(-0.25882 0.85582 0.33060)","(0.17561 0.84426 -0.02564)","(0.21271 0.85458 -0.04148)","(-0.20532 0.82991 0.28478)","(-0.14172 0.85934 0.30144)","(-0.14863 0.87232 0.27354)","(-0.14315 0.94435 0.33460)","(0.12532 0.69191 -0.06436)","(0.14535 0.69624 -0.09386)","(0.11090 0.75508 -0.04509)"
544,9.0000,3,2.9667,3,1,grip_normal,two_hand_one_hand,hand_right,hand_right,0.000000,0.595299,0.038084,-1.000000,1.000000,-1.000000,false,3,true,true,0.499782,0.972929,-0.018963,-0.971269,0.500218,1.018963,0.068787,0.041631,"(-0.23918 0.91342 0.29855)","(-0.25882 0.85582 0.33060)","(0.17561 0.84426 -0.02564)","(0.21271 0.85458 -0.04148)","(-0.20532 0.82991 0.28478)","(-0.14172 0.85934 0.30144)","(-0.14863 0.87232 0.27354)","(-0.14315 0.94435 0.33460)","(0.12532 0.69191 -0.06436)","(0.14535 0.69624 -0.09386)","(0.11090 0.75508 -0.04509)"
545,9.0167,3,2.9833,3,1,grip_normal,two_hand_one_hand,hand_right,hand_right,0.000000,0.595299,0.038084,-1.000000,1.000000,-1.000000,false,3,true,true,0.499782,0.972929,-0.018963,-0.971269,0.500218,1.018963,0.068787,0.041631,"(-0.23918 0.91342 0.29855)","(-0.25882 0.85582 0.33060)","(0.17561 0.84426 -0.02564)","(0.21271 0.85458 -0.04148)","(-0.20532 0.82991 0.28478)","(-0.14172 0.85934 0.30144)","(-0.14863 0.87232 0.27354)","(-0.14315 0.94435 0.33460)","(0.12532 0.69191 -0.06436)","(0.14535 0.69624 -0.09386)","(0.11090 0.75508 -0.04509)"
546,9.0333,3,3.0000,3,1,grip_normal,two_hand_one_hand,hand_right,hand_right,0.000000,0.595299,0.038084,-1.000000,1.000000,-1.000000,false,3,true,true,0.499782,0.972929,-0.018963,-0.971269,0.500218,1.018963,0.068787,0.041631,"(-0.23918 0.91342 0.29855)","(-0.25882 0.85582 0.33060)","(0.17561 0.84426 -0.02564)","(0.21271 0.85458 -0.04148)","(-0.20532 0.82991 0.28478)","(-0.14172 0.85934 0.30144)","(-0.14863 0.87232 0.27354)","(-0.14315 0.94435 0.33460)","(0.12532 0.69191 -0.06436)","(0.14535 0.69624 -0.09386)","(0.11090 0.75508 -0.04509)"
547,9.0500,3,3.0167,3,1,grip_normal,two_hand_one_hand,hand_right,hand_right,0.000000,0.595299,0.038084,-1.000000,1.000000,-1.000000,false,3,true,true,0.499782,0.972929,-0.018963,-0.971269,0.500218,1.018963,0.068787,0.041631,"(-0.23918 0.91342 0.29855)","(-0.25882 0.85582 0.33060)","(0.17561 0.84426 -0.02564)","(0.21271 0.85458 -0.04148)","(-0.20532 0.82991 0.28478)","(-0.14172 0.85934 0.30144)","(-0.14863 0.87232 0.27354)","(-0.14315 0.94435 0.33460)","(0.12532 0.69191 -0.06436)","(0.14535 0.69624 -0.09386)","(0.11090 0.75508 -0.04509)"